MENU_NAME,DATA
감자스프,누구나 좋아하는 포실포실 감자스프 함께 만들어 보아용
클램차우더스프,조개류의 여왕 대합으로 클램차우더스프를 만들어보았어요. 클램차우더는 해산물과 야채  감자를 넣어 만든 걸쭉한 스프입니다.
어니언스프,달콤한 양파의 깊고 구수한 풍미가 가득한 프렌치 어니언 스프. 조금 쌀쌀한 오늘 같은날 한끼 식사로도 손색이 없을것 같아요.
양파감자스프,어제 점심에 해먹은 양파감자스프 올려드릴게요. 양파나 감자는 무슨 요리를 해도 항상 구수하니 맛있는것 같아요. 보통 스프하면 모든 재료를 갈아 거의 죽 상태로 만든건데요. 요건 건더기가 많은 스프에요. 위에 치즈를 올려 전자렌지에 돌리니 금방 잘 녹더군요. 양파를 싫어하는 아이들도 잘 먹을 것 같네요.
감자스프,오늘 만든 감자스프에는 키조개를 한번 넣어보았어요. 게조개보다 키조개가 훨씬 저렴하고 크기도 크고 맛도 괜찮더라구요.
브로콜리스프,브로콜리는 고질적인 위장병에 좋고 강력한 셀레늄 성분으로 항암작용에도 좋고 비타민 A가 풍부해서 면역력을 키워주며 비타민C가 많고 노화방지까지 해주는 등 좋은 점이 많은 야채라고 합니다. 몸에도 좋고 맛도 좋은 브로콜리 스프입니다.
양파스프,서양속담에 하루에 양파 한개씩 먹으면 의사가 필요 없다고 하지요. 몸에 좋은 양파를 충분히 넣고 따듯한 양파수프를 끓여봤어요. 추운겨울 따듯하고 맛있는 양파수프를 끓여서 간단하게 아침식사를 하시면 좋을것 같아요.
야채스프,냉장고 야채칸에서 시들어가는 야채를 몽땅 넣고 따듯한 수프를 한솥 끓여서 추위에 떨다 돌아온 울집가족들의 저녁식사와 아침식사로 먹었답니다. 야채의 비타민이 충분히 녹아있는 맛있는 수프였답니다. 야채와 함께 먹다보면 조금만 먹어도 배가 불러서 다이어트에도 좋은 수프입니다.
호박고구마스프,부드러운 호박고구마스프  식빵 없이 그냥 먹어도 든든하답니다.
자색고구마스프,자색고구마로 스프를 만들었어요. 군고구마는 호박고구마가 제일 맛있고요. 자색고구마는 생으로 먹거나  쥬스  또는 스프가 괜찮은 것 같아요. 보라색에는 안토시아닌 색소가 많이 들어있어 항산화효과가 뛰어나다고 하는데요. 포도보다 안토시아닌 색소가 몇 배나 더 들어 있다는 자색고구마~! 이렇게 스프로 만들어 먹으면 더 건강해질 것 같아요.
단호박두유스프,프렌치토스트와 함께 만든 단호박 두유스프입니다. 고소~~하니 맛있더라구요. 생크림 대신 두유를 넣으니 칼로리도 낮고  건강도 챙기고~ 두루두루 좋은 것 같네요. 가끔 이렇게 스프로 아침식사를 대신해도 좋겠어요.
마카로니야채스프,국물이 달콤한 마카로니 야채스프입니다.
고구마양파스프,만들기도 간단하고 아침식사 대용으로 좋은 고구마양파스프입니다.
아스파라거스스프,비타민이 가득한 요리를 소개할까해요~~ 바로바로 아스파라거스 요리랍니다!! 아스파라거스 스프는 일반적인 부드러운 느낌의 스프들과는 달라요. 약간 거친 느낌이 나는 스프죠. 하지만 섬유질이 많으면 변비에도 좋은거 아시죠!! 몸에 좋은 아스파라거스 많이 먹어주면 좋답니다.
양송이치즈스프,시판 스프가루에 풍미를 더한 양송이 치즈스프입니다.
단호박스프,아침에 바쁘다고 식사 거르고 다니시는 분들 많으시죠? 저도 그런 사람들 중 하나였는데 이젠 고치려고 무던히 노력하고 있답니다. 확실히 가볍게라도 아침을 먹은 날에는 과식을 덜 하게 되더라구요. 물론 아침부터 바삐 식사준비를 하는건 너무 힘드니 저녁에 준비해놓고 아침엔 간단히 데워먹을 수 있는게 좋아요. 그런면에서 수프종류가 완벽하죠. 단호박 뿐만아니라 양파  감자까지 들어가서 각종 채소를 한번에 섭취할 수 있고 또 우유도 들어가니 속이 아주 든든해지지 않고는 못 배긴답니다.
감자스프,찬바람이 불면 좋은 고소한 초간단 감자 수프입니다 
브로콜리감자스프,아침 식사 대용으로도 좋은 브로콜리 감자 스프~ 야식으로 먹어도 좋은걸요~
베이컨감자스프,든든하게 한끼 해결 할수있는 감자스프를 만들어보아요.
단호박스프,레스토랑에서처럼 집에서 즐기는 고소한 스프  집에 바게트나 거칠거칠한 빵 있으시면 고소한 단호박 스프랑 함께 찍어 드시면 참 좋은 간식이나 아침식사대용이 될것 같네요.
치킨스프,밥먹기는 귀찮고 배는 고프고 요럴때 너무 좋을꺼 같아요 ~ 그리고 아이들도 진짜 좋아라 할듯하고 그런 치킨스프~
고구마스프,삶은 고구마를 이용해 만드는 간단한 스프입니다. 금방 쪄서 해도 되고 쪄둔지 좀되서 먹기 좀 그런 고구마를 이용해도 됩니다. 달콤한 고구마와 우유가 만나 부드럽고 양파가 살짝살짝 씹히면서 은은한 양파향이 아주 좋습니다. 아침 식사 대용으로도 충분하고 아이들 간식이나 야식으로도 그만입니다.
브로콜리크림스프,아이들 간식이나 간단한 식사 대용으로도 괜찮으니까 함 해보세요.
감자야채스프,고소하고 담백한 감자야채스프입니다.
감자스프,요즘 아침 저녁으로 날씨가 많이 쌀쌀해 졌어요. 감기에 걸린듯 해서 병원 다녀오고 열이 좀나서 신종플루까지 검사 했는데.. 괜찮다고 하더라고요. 이웃분들 감기 조심하시고  아침에 뜨끈한 감자 스프 드셔보세요. ^^ 제가 아웃백 감자스프를 엄청 좋아하는데 ..꼭 만들어 먹어 보고 싶다는 생각에 해 봤어요. 베이컨과 치즈 까지 올려주니.. 아웃백 감자 스프랑 좀 비슷한데요. ^^
생크림양송이스프,요즘처럼 추운 겨울날 아침에 굶고 출근하면 더욱 춥잖아요. 간단한 아침식사 대용이나 간식 요리의 에피타이져로 아주 좋은것 같아요.
게살스프,오늘은 비가 내리네요. 이런 날은 따끈한 스프가 어울리는 날이죠!~~ 진짜 게살은 아니지만 크래미로 간단하게 만든 게살 스프!! 맛도 일품이고  넘김도 아주 좋아서 자주 해 먹어야겠어요. 남은 크래미와 파를 이용해서 계란찜도 했어요. 비가 와서 아침에 좀 으실 으실 했는데  게살 스프먹고 몸도 거뜬해졌어요. ^^ 담백해서 아이들도 좋아 할 거 같아요.
고구마스프,추운아침 따뜻한 고구마 스프에 모닝빵 !! 영양도 듬뿍 들어있고 깔끔하면서 달콤한 고구마 스프 때문에 마음까지 훈훈해 지는 기분이에요. 달달해서 아이들도 좋아 할꺼 같아요.
양배추스프,알면서도 잘 안되는 다이어트. 생양배추를 먹으니까 거짓말처럼 살이 빠지던데요. 생양배추 매일 먹는거 그거그거 보통일이 아니라서 바로 접었구요. 그래도 많은 양의 양배추를 그나마 쉽게 먹는 방법은 스프로 먹는거였어요. 자아~~따라오셔요~~
단호박스프,달콤하고 부드러운 단호박 스프입니다~
강낭콩채소스프,건강에 좋은 강낭콩 채소 스프 만들기입니다.
치즈감자스프,영화 줄리아앤 줄리아 보셨나요? 평범한 직장인인 줄리가 프랑스 요리의 대가 줄리아의 요리 레시피를 모두 만들어보기로 하면서 일어나는 이야기를 그렸는데 소설속 줄리가 가장 먼저 만들어 보는 요리가 감자 수프예요. 재료도 착하고 만들기도 간단한데 너무 너무 맛있어요.
단호박스프,달콤하고 부드러운 따끈한 단호박스프입니다~
양송이스프,담백하고 우유가 들어간 양송이 스프~ 이렇게 만든 양송이 스프는 ~ 이유식으로도 활용이 가능합니다.
양배추스프,모두들 출근 후 집에서 여유있게 브런치를 즐기는 제게 이 시간은 평화의 시간입니다. 나만을 위한 따끈한 양배추 스프를 준비했습니다. 영양  맛  다이어트도 충분히 생각한 작지만 커다란 한그릇 스프입니다.
아보카도크림스프,아보카도가 아직은 낯설게 느껴지시는 분들... 간단한 재료  쉬운요리법으로 먼저 다가가세요.. 생크림과 양파를 함께 섞어 갈아 끓이기만으로도 호텔 모닝에 나오도 부끄럽지않을 아주 부드럽고 매력적인 요리입니다...
게살스프,대게살로 만든 럭셔리 게살수프입니다.
게살스프,주말 아침에 부드럽고 간편하게 드실 수 있는 게살 수프를 올려보아요. 물론 게맛살로 만든거긴 하지만 짧은 주황게맛살을 이용하면 식감을 가깝게 낼 수 있지요. 주말엔 특히 약속이 있을 때도 있고하니 아침에 가볍게 드시기 좋을꺼 같아요~
양송이스프,꼬소꼬소 왕꼬소한 양송이 스프!! 부드럽고 고소한 양송이스프 만들기입니다~
가리비크림스프,클램차우더스프 많이들 좋아하시죠? 풍부하고 진한 크림맛이 나는 클램차우더스프 한끼 식사 대용으로도 좋고 살짝 출출할때 간식삼아 한그릇 뚝딱~ 개인적으로 생크림이 들어간 스프 참 좋아라 하거든요~ 그럼 지금부터 요리과정 소개해드릴게요~
단호박스프,단호박 스프는 .. 정말정말 다른것 필요없고.... 좋은 단호박과 조리시에 물조절만 잘 되면다면 .. 무조건 성공하는거 같아요. 아무리 초보라도 말이죠! 홈메이드의 특성상 자신이 좋아하는 재료 조금 더 넣어서 원하는 맛과 식감대로 만들어서 좋구요.
감자스프,고소하고 담백한 감자스프를 만들어봅시다.
감자치즈스프,삶은감자에 우유와 치즈를 넣어 부드럽게 만들었답니다.
콘스프,옥수수의 주성분은 탄수화물이 대부분인데요. 이 속에 포함된 녹말성분은 피부 건조를 막고 충치 예방에 좋답니다. 우유를 옥수수와 갈아서 체에 한번 걸러준 후 밀가루와 섞어주면 더 좋답니다. 잘못하면 옥수수의 얇은 껍질들이 갈아지지않아 식감을 나쁘게 하거든요!
단호박흑미스프,날씨가 추운날  밥맛 없는날 따끈한 단호박흑미스프 한그릇 드시고 곁들여서 마늘크루통 같이 드셔보셔도 좋을거 같아요.
감자스프,첫번째로는 감자스프~ 맹맹한 감자스프가 아닌 버섯과 수란을 넣어 든든하게 한끼식사가 가능한 감자스프를 만들었답니다.
감자스프,국이나 찌개도 뭘끓여야할지 당장 생각도 안나고해서....끓인 감자스프... 금방 만들어서 주면 아침식사 대용으로도 아주 그만이라죠 ~ 고소하고 부드러운맛 감자스프..~~
표고버섯스프,카푸치노처럼 부드럽고 퐁신퐁신한 식감이 있는 표고버섯스프입니다.
감자스프,시판용 제품보다 더 맛있고 고소하면서 엄마의 정성까지 듬뿍 든 감자스프입니다.
브로컬리스프,치즈향 강하게~브로컬리스프 만드는 법 알려드릴게요.
단호박냉스프,단호박 스프입니다  사실은 단호박 쥬스를 만들어 볼까 하고 시작했는데 스프로 변경하게 되었네요.
양송이스프,밀가루를 사용하지 않고 감자를 사용하여 농도를 맞춘 건강한 스프이기 때문에 아이들 간식이나 한끼 식사로도 전혀 손색이 없는 요리입니다. 특히 우유 알레르기가 있으신 분들에게 아주 좋은 요리입니다.
감자스프,목넘김이 굉장히 부드럽고 고소한 감자수프
단호박스프,두유를 넣어 고소해요~ 고소하고 달큰한 단호박스프!
클램차우더스프,따뜻하고 고소한 맛이 일품
옥수수크림스프,부드럽고 고소한 옥수수 크림스프입니다.
브로콜리스프,브로콜리 싫어하는 아이들도 뚝딱 잘 먹는 브로콜리 스프 레시피
클램차우더스프,외국에선 아이들 아플 때 클램차우더 스프를 끓여준다고 합니다. 목감기 걸렸을 때 끓여주었던 스프~ 정말이지 너무나도 잘먹어줘서 보람을 느꼈던 스프네요.
감자스프,부드럽고 담백한 감자스프입니다.
시금치연두부스프,아침식사나 해장으로 좋은 한국식 스프 '시금치연두부스프' 소개합니다.
감자스프,고소하고 크리미한 감자수프
단호박스프,달콤한 건강간식 단호박스프를 소개해 드려요. 부드러운 단호박 스프... 아이들 영양간식이나 환자식으로도 너무 좋습니다.
호박스프,영양 만점 늙은호박을 이용한 맛있는 늙은호박스_ 레시피를 소개합니다!
단호박밤스프,뭘 먹어도 도대체 무슨 맛인지 뭘 먹은건지 모를때 내맘대로 만들어 먹었던 단호박 밤스프 얼마던지 먹겠더라구요. 그래서 탄생한 특제 영양 스프
고구마스프,고구마 스프는재료도 착하고 만들기도 쉽고 또 미리 만들어뒀다 살짝 데우기만 하면 간식이나 간단한 한끼로 정말 좋아요. 남는 고구마가 있다거나 똑같은 고구마 간식에 질린다 싶을 때 한 번 만들어 보세요. 
감자스프,요즘 밥이 잘 안 넘어가서 부드러운 죽이나 수프 같은거 자주 먹어요. 버터 없이 생크림 없이 만들었는데도 엄청 맛있게 먹었어요. 제 생각에 재료들을 잘 볶아주고 농도와 간을 잘 맞춰주면 맛있게 만들 수 있는 것 같아요. 크게 칼로리 부담 없이 부드럽고 고소한 맛을 제대로 즐길 수 있는 감자수프 소개할께요
단호박크림스프,단호박을 너무 저렴하게 구매해서 집에서 단호박스프를 만들어봤어요 생크림 넣어서 아주 부드럽고 고소한 단호박스프예요~
스프,히포크라테스 스프는 1928 독일인 의사인 거슨 박사에 의해 재발견해낸 후 암치료를 목적으로 처방된 음식이라고 합니다 거슨요법도 요즘 많이 유명한데 가정에서 쉽게 만들어 먹는 히포크라테스 스프를 만들어 드셔 보도록 해요. 면역력강화와 항암효과에 좋은 히포크라테스 스프 만드는법 알려드릴게요.
고구마스프,포만감은 크고 칼로리는 낮은... 맛있는 다이어트 식품인 고구마... 고구마는 달콤한 간식거리이자 든든한 다이어트 지원군인데요.. 다이어트를 시도하는 사람들의 단골 도시락 메뉴이기도 하답니다. 특히 식사대용으로 고구마 스프를 만들어 드셔보세요. 남녀노소에게 모두 좋은 다이어트 메뉴인 고구마 스프랍니다.
강낭콩스프,영양뿐 아니라 성인병 예방에도 중요한 역할을 하는 콩은.미래를 지배할 식재료라고까지 평가하고 있답니다 특히 콩은 여성들에게 좋은 식품이란건 다들 아실거에요 오늘은 여성들 다이어트식으로 좋은 강낭콩수프인데요. 고소한게 한끼식사로도 그만이더라구요
고구마스프,삶아 놓은 고구마 처리용으로 좋은 고구마 스프 레시피
감자스프,고소하고 담백한 감자수프입니다.
양송이스프,진하고 고소한 양송이버섯 수프
치즈스프,치즈가 녹아있는 브로콜리 치즈 스프~
감자스프,정식으로 만들자면 이것 저것 많이 넣겠지만  그냥 감자로만 푹 정성껏 끓여서 감자의 구수함도 느끼고  간단하게 끓이고도 싶고해서 얼른 만들어 봤습니다.
단호박스프,키친스톡과 생크림없이.. 단호박과 우유만으로도 달콤한 단호박수프를 만들수 있는데요. 제가 간단버젼으로 후루룩 잘 만들어 먹는 방법이에요~ 아이들 이유식이나 간식으로도 아주 좋습니다~
감자스프,부드럽게 입안에서 살살 녹는 감자수프
브로콜리고구마스프,간식이나 아침식사대용으로 좋은 브로콜리 고구마스프
감자양송이스프,부드럽게 씹는 맛이 좋은 감자양송이스프 집에서 만들기
가스파초,지난 주말에 남편과 딸아이의 간식으로 '가스파초'를 만들어 봤어요. 스페인의 전통음식 중 하나인 가스파초는 익히지 않은 생야채와 토마토를 주재료로 해서 만드는 차가운 토마토수프예요.
아몬드단호박스프,유동식으로 좋은 커트메뉴 아몬드 단호박 수프
아보카도멜론스프,만들기 간단하고 맛이 고급스러운 멜론 냉수프
밤호박스프,그냥 먹어도 밤처럼 맛난 밤호박 부드럽고 깊은 맛나는 호박스프 만들었어요~
감자스프,기력이 부족할 때 입맛을 돋우는 감자 수프 레시피를 소개합니다~! 
고구마스프,요즘 거의 매일 고구마를 구워먹고 쪄먹고 있는데요. 아무리 맛있어도 매일 먹다보면 남는것이 있기마련이죠~ 그래서 남은 고구마로 달콤하고 맛있는 스프를 만들어봤어요~
고구마스프,초간단! 내 속을 따뜻하게 데워줄 '고구마 스프' 이제 곧 출발합니다~
렌틸콩스프,색도 곱고  맛도 구수한 렌틸콩 스프를 소개합니다~!
사과스프,환절기에 먹으면 따뜻하게 몸도 덥혀주고 달달함에 기분도 좋아지고 만드는 방법도 쉬워서 이래저래 기분 좋은 사과요리 사과스프입니다.
감자스프,담백하면서도 고소한 맛이 언듯언듯 느껴지는 감자스프!! 양식코스요리 중 하나이기도 하지만 출출할 때 단품으로 먹어도 저는 참 좋더라구요.
게살스프,아침에 부담없이 즐기기 좋은 게살스프
녹두스프,맛도 좋고 몸에도 바쁜 좋은 아침식사로 딱인 오늘의요리 녹두스프입니다.
아보카도스프,신이 주신 선물이란 아보카도로 오늘은 스프를 끓여봅니다. 신이 내린 생명과일이라 불릴 울 정도로 숲 이 내는 완전히 식품이라 일커리우면서 10대 완전식물에 들어가는 식재료가 오늘의 주인공입니다
당근요구르트스프,아기가 잘 먹는 이유식은 따로있다? 목이 부은 꼬마대장이 잘 먹어 줄 것 같은 당근요구르트냉수프 만들어볼게요~
감자스프,환절기 감기예방과 미세먼지로 인한 기관지보호에 좋은 건강요리  감자수프를 준비했습니다.
멜론감자콜리플라워스프,부드러운 콜리플라워와 메론  감자의 조합이 잘 어우러진 메론감자콜리플라워스프 완성입니당~ 항암효과와 피로회복과 변비에 좋은 메론~ 감기와 변비에 좋은 후기이유식 메뉴로 추천합니다!
게살스프,입안에 퍼지는 부드러운 게살 맛이 일품으로 남녀노소 누구나 잘 먹는 게살스프입니다.
렌틸콩스프,건강한 슈퍼푸드로 만들어요~ 구수하고 든든한 렌틸콩스프!
브로컬리크림스프,양파와 마늘을 볶아넣어 풍미도 좋고 생크림을 추가해서 부드러움도 더욱 살려준 브로컬리 크림스프입니다.
굴차우더스프,미역과 굴이 들어가 산모인 아내와 아이들에게 최고인 영양식! '냉장고를 부탁해'의 보굴보굴 굴 차우더에 도전합니다!
당근단호박스프,건강 스프. 담백하고 달콤한 단호박스프입니다.
미네스트로니스프,미네스트로니스프
감자스프,채식주의자들도 좋아할~크림스프 대신 <감자스프>
두유스프,진하고 고소한 닭가슴살 두유 스프 만들기
토마토스프,담백한 토마토스프  지금부터 만들어 볼까요?
토마토야채스프,건강에 좋다는 토마토  따끈하게 스프로 만들어 드셔보세요.
대파크림스프,집에서도 레스토랑에서 맛볼 수 있는 크림스프 만드는 방법! 대파와 우유로 만드는 맛있는 크림스프~
감자스프,우유나 생크림이 들어가지 않는 감자수프! 프랑스식 감자 수프 만들기입니다.
옥수수치즈스프,부드럽고 고소한 옥수수 치즈스프 만들어 볼게요.
어니언스프,정말 오랜만에 만들어본 어니언 스프~
토마토스프,뜨끈하게 감기 기운 몰아내는 요리
단호박옥수수스프,지인이준 맛있는옥수수 아내가 옥수수를 보자 먹고 싶다는 옥수수스프 단호박과 함께 만들어 봅니다 
콘스프,삼시세끼 콘스프 만들어 봤어요~
렌틸콩스프,영양 만점에 부드러운 맛이 일품인 슈퍼푸드 렌틸콩을 한그릇 식사로 만나보세요. 이탈리안 스타일로 끓여내어 풍미도 굿  든든하여 포만감도 굿굿 이랍니다. 탈모예방에도 좋다는 렌틸콩은 다이어트에도 좋다고 해요. 냉장고 속 자투리 채소 처리에도 좋은 메뉴  렌틸콩 스프입니다.
단호박견과류스프,건강에 좋은 노란 단호박에  견과류  우유를 더해서 보글보글 끓인  단호박 견과류 스프입니다. 
토마토냉스프,   토마토와 양파 넣어서 토마토 수프를 만들어서 먹었더니   맛이 괜찮아서 자주 만들어 먹는다지요~!~ 토마토 수프를 만들어서 얼음을 동동 띄워서 먹었어요~!~  시원하고 맛있는 토마토냉수프를 맛볼 수 있지요~!~ 요즘에 쉽게 자주 만들어서 아침에 먹고 있지요~!~
마카로니스프,아이 아침밥으로 간단하게 먹고 가면 좋을꺼 같아서 마카로니스프 만들어봤어요. 간식으로도 좋고 살짝 간을 더 쎄게 하면 어른먹기에도 괜찮은거 같아요.
옥수수스프,간단하지만 엄마표 정성이 들어간 옥수수 스프 입니다 이유식으로도 좋고 간단한 간식으로도 좋아요
당근단호박스프,단호박에 당근을 더해 맛과 영양은 물론 색깔까지 예쁜 스프를 만들어 보아요
토마토스프,토마토를 쥬스로 마셔도 맛있지만 간단한 식사대용으로 토마토를 스프로 만들어 먹어도 맛이 괜찮다.
감자크림스프,오랜만에 죽이 먹고 싶어서 냉장고 뒤적뒤적이다가 감자도 보이고 브리치즈도 보이길래 그냥 스프나 먹을까? 하고 감자크림스프 만들어 먹었어요.
단호박스프,쌀쌀해진 가을날씨~  따끈하고 부드러운 단호박스프 어떠세요?
감자스프,제철맞은 감자로 만드는 고소한 감자스프~ 든든한 포만감으로 식사대용은 물론 아이들 간식으로 좋답니다^^
밤스프,아침식사 대용으로 또는 간식으로 아주 좋은 밤수프~!!  오늘은 저만의 비법으로 만드는 밤수프를 소개하려고 해요. 만들기는 아주 쉽지만 맛은 정말 좋은 밤수프  오늘 한번 만들어 보세요!^^ 
치즈고구마스프,달근하면서 고소한 치즈 고구마수프 입니다. 아이 간식은 물론 아침식사 대용으로도 좋아요.
단호박크림스프,단호박으로 만드는 달달하고 고소한 스프예요
양송이스프,생크림없이 양송이스프 만들기~~
감자스프,선선해지는 요즘 집에서 부드럽게 끓인 감자스프예요. 생크림 없이 우유로 끓여도 진한 감자스프의 맛이 너무 좋답니다. 우유에 고소한 치즈를 넣어 끓인 홈메이드 감자스프는 마음속까지 따뜻하고 기분 좋답니다.
호박스프,호박식혜를 해먹으려고 샀다가 종목변경. 호박죽을 해먹었네요.. 찹쌀을 넣어 만든 걸쭉한 호박죽은 아니지만 수프처럼 마일드하게 만들어봤어요! 전기밥솥으로 만드니까 정말 편리하고  먹고 나니 속이 정말 편안하네요 ~ :) 
사과스프,사과는 식이섬유가 많고 다당류 비율이 높아서 다이어트에도 도움이 되며  특히 사과 껍질 안의 퀄세틴이란 성분은 항산화 작용이 뛰어나며 항바이러스  항균 작용에 좋다고 합니다. 그러므로 사과를 매일 하나씩 먹으면 우리 몸에 보약이 따로 없다고 합니다. 그러나 아침에 먹는 사과는 좋지만  저녁에 먹는 사과는 별로 안 좋다고 하니 유념하세요. 오늘은 사과를 이용하여 고급진 맛의 사과 스프를 만들어 보겠습니다.
단호박스프,다이어트에 열심히인 지인과 함께 건강식 전문점을 찾았다가 맛보게 된 단호박스프. 집에서 직접 만들어 봤어요 :)
감자스프,감자는 주식  간식으로 다 사용되는 기특한 식재료인데요  볶음  전  탕  국  서양 요리 등 다양하게 사용되고 있어서 그 활용 범위도 넓어서 좋구요. 특히 비타민 C 가 많은 감자는 열을 가해도 파괴되지 않아서 좋답니다. 좋은 감자는 표면에 흠집이 적고 매끄러운 것을 고르시구요. 무거우면서 단단한 것이 좋은 것이랍니다. 보관은 바람이 잘 통하는 곳에 보관하고  사과와 같이 보관하면 감자 싹이 나는 것을 방지할 수 있습니다. 감자의 싹에는 솔라닌이라는 독소가 있어서 식중독을 일으킬 수 있으니 꼭 제거하고 드세요. 오늘은 따끈한 감자 스프를 만들어 보겠습니다.
파스프,왠지 생소할것 같아보이지만  먹어보면 자꾸 손이가게 되는 독일식 '파 수프'입니다. 이 곳에서는 캠핑을 하거나  사람들을 집으로 초대했을때 자주 만들어 먹습니다! 치즈의 풍미와 담백하고 달달한 리크  양배추까지 어우러져 별미입니다~ ^^   리크가 없으시다면  대파로 양을 조금 줄여 만드셔도 무방합니다 :) 잡곡빵과 함께 먹으면 잘 어울려요!~ 양배추의 야들함과 고기의 담백함  생크림치즈의 진한 맛이 어우러져 정말 맛있는 별미가 될거에요 :)
스프,요즘 이것저것 사서 도전해보는게 많아요! 나중에 저의 밑거름이 될거라고 생각하면서! 렌즈콩을 가지고 요리를 도전해 봤습니다! 어떻게 해먹는건지 모르겠지만.. 그냥 제 생각대로 해봤어요~? HIMM의 렌즈콩 새우 스프 
사과스프,사과가 제철이라 사과를 이용한  따뜻한 스프를 만들어 보았어요 기분좋은 달콤함의 사과스프 함께 만들어봐요
호박고구마스프,오늘은 고구마를 이용하여 달달한 고구마 스프를 만들어 보겠습니다.
버섯카푸치노,저번주 마리텔에 이혜정 요리연구가님이 준구엄마라는 별칭으로 '밥은 먹고 다니니'라는 쿡방에 출연하셨네요! 빠르고 간편하게 집밥을 하는 모습들을 보여주셨는데  이번 레시피는 '버섯카푸치노' 입니다. 따끈한 스프요리에요 ~^^ 주말에 브런치로 함께 했더니 안성맞춤이였습니다 :) 
고구마사과스프,요즘 흔한 재료이며 동시에 궁합도 잘맞는 사과와 고구마를 넣어 간단하게 스프를 끓여보았어요 간단 아침식사나 간식으로 끓여먹으면 좋을 것 같아요
브로콜리스프,영양도 듬뿍  맛도좋은 브로콜리스프만들기  시판스프재료가아니라 루를 직접만들어서해먹어봐요!
게살스프,게맛살로 만드는 류차이!!! 일종에 중국 게살스프인데 마치 김풍느낌이 팍팍 나죠 ㅋㅋㅋ 간단하게 진짜 게살은 비싸니까 게맛살로 그 맛을 내보죠!!!
브로콜리스프,채소 맛과 향이 강해 잘 못드시는 분들이 많은 브로콜리죠. 하지만 건강에 너무 좋아 섭취해주는게 좋답니다. 브로콜리에 감자를 넣어 담백하고 파마산치즈와 치킨스톡을 넣어 감칠맛을 더해줬어요. 고소담백한 맛있는 스프로 변신시켰답니다.
감자스프,찐 감자로 밀가루 대신 루를 만들면 걸쭉한 루를 만들기도 훨씬 쉽고 더욱 웰빙한 감자 스프 맛을 볼 수 있어요. 인스턴트 스프보다는 좀 손dl 많이 가지만 진심을 다해 넉넉히 끓여두면 저녁과 아침 두 끼를 거뜬히 먹고도 삼 남매는 학교 다녀와서 간식으로 빵 찍어 먹어주네요~ 소화에 좋은 감자로 만들어 밀가루로 만든 스프보다 더 걸쭉하게 끓였어요. 걸쭉해도 소화가 잘되는 든든한 스프를 맛볼 수 있어요~ 이오네는 ?감자 스프 끓여서 토마토 파스타와 함께 저녁으로 먹고 다음날 아침은 바게트 빵을 토마토 소스 찍어 먹으며 따끈하게 감자 스프를 곁들였더니~~ ?근사한 브런치 메뉴가 차려지네요~~  
클램차우더스프,집에 있는 버터와 우유로 만드는 클램차우더 스프! 무지방 우유로 더욱 고소하고 진하게 만들어 보세요^^
크림스프,남은 식빵2장 냉동실에 넣으려다가  간단하게 아침식사대용으로도 좋고 아이간식으로도 좋은 크루통을 만들기로 결정!!  
미역전복스프,전복과 미역은 건강에 정말 좋다고 하잖아요. 두개를 이용하여 맛있는 건강식을 만들어 보았어요!
양송이버섯스프,누구나 좋아하는 메뉴는 빵과 스프. 어찌된건지 아이가 외쿡외쿡해요. 그래서 준비한 양송이스프. 자세한 레시피 올려드릴께요.
검은콩스프,밥에 넣으려고 불려뒀던 콩이 좀 많아서 아기에게 검은콩 스프를 만들어주기로 했어요~사용하고 남은 계란물이 있어 두부에 입혀 두부부침도 곁들였더니 단백질 두둑한 한끼가 되었네요.
야채스프,레스토랑 부럽지 않은 3가지요리 야채스프&삼겹살 스테이크&푸실리스파게티입니다.
굴미역스프,냉부해 레시피중 하나인 최현석 셰프의 보굴보굴~ 이 요리는 제가 굴과 미역을 좋아해서 인지 한번 만들고 나서 맛이 좋아서 겨울이 되면 종종 해 먹게 되는거 같아요 ! 자자 기억을 더듬어 보며 오랜만에 만들어본 굴미역수프. 고소한 풍미와 바다향이 정말 굿 입니다.
고구마스프,이맘때는 집집마다 먹다 남은 고구마가 몇개씩은 있을것 같은데요 우리집도 고구마 2박스를 쪄먹고 구워먹고 튀겨먹고 갈아먹고~~ 그래도 남아있네요. 오늘은 술술 넘어가는 죽이 생각나서 고구마죽을 끓여봤어요. 농도가 진하면 죽으로  묽으면 스프로 변신가능!! 부드럽고 달콤하고 고소해서  속이 좀 거북할때 식사대용으로 먹거나 아가 이유식으로도 좋을 것 같네요.  
게살스프,리얼 크랩스를 가지고 게살 스프를 만들어 보려고 합니다. 집에 있는 재료로 만들 수 있게 재구성해서 만든 게살 스프입니다.
클램차우더스프,몇일전에는 캠벨 클램차우더스프를 사다가 데워먹었는데 또 사러가기도 귀찮고 집에 오월의종에서 사다놓은 바게트도 많겠다~~ 히힛~ 클램차우더스프를 만들어 봤어요~^________^ 원래는 감자스프를 만들까 하다가 냉동실에 냉동해놓은 조갯살들이 있길래~~
고구마스프,오늘은 추운날씨에 딱! 어울리는 고구마 스프를 준비했어요! 
단호박스프,인터넷 서핑 중 우연히 이하늬가 알려주는 단호박스프 만들기라고 있길래 만드는 방법을 쭉 봤는데 너무 간단해서 오 쉽게 만들겠구만!!하고 도전해 본 단호박스프!  단호박은 다이어트식품으로도 유명하고 몸의 붓기를 빼주는 음식으로 워낙 유명하니까 관심 있으신 분들께 추천해드려요~ 실제로 제 블로그로 네이버 메인에 떴던 레시피예요ㅎㅎ
크림스프,우유 드시고 탈이 나는 분들도 좋고요. 부드럽고 목넘김이 좋아서 어린아이부터 어르신들까지 부담 없이 드실 수 있는 크림수프. 레스토랑에서 먹었던 그 맛을 재연하고 싶으시다면 오늘 저녁 식탁에서 바쁜 아침에 간단하게 만들어 드셔보세요.
양파크림스프,?  울 남편의 비장의 무기  양파크림스프~~ 저녁은 라비올리와 먹고 다음날 아침에는 빵 찍어 먹었어요~~ 두 끼를 풍성한 맛으로 가득 채워주는 아빠표 양파스프~~ 아빠의 사랑 가득하고 따뜻한 마음이 느껴져 더욱 특별한 식탁 풍경이 완성되었어요 
단호박크림스프,폰타나 데니쉬 오리지널 크림스프로 단호박을 첨가해서 단호박 크림스프를 만들었어요. 노란빛이 참으로 이쁘고 맛있는 단호박 크림스프가 간단히 만들어 진답니다.
컬리플라워스프,블로컬리 친구로 겨울철 감기 예방과 노화 방지에 좋다는 컬리플라워. 부드럽고 고소한 스프로 만들어 보세요. 추위에 언 몸이 스르륵 녹습니다.  
스프,추운 출근길엔 따뜻하게 만들어 줄 건강식 브로콜린스프!!!
옥수수치즈스프,쫀득하게 씹히는 식감이 좋은 찰옥수수를 치즈에 퐁당! 넣고 걸쭉하게 끓여 진한 옥수수 치즈 스프예요.  고소하면서도 담백하고 각종 채소를 함께 넣어 아삭하게 씹히는 식감까지 좋답니다. 바게트 빵에 올려 먹으면 든든한 한끼로도 충분한 옥수수 치즈수프랍니다. 
브로컬리감자스프,올 들어 가장 추운 날이라고 하지요  뜨끈한 스프 끓여서 추운 밖으로 나가는 가족들의 몸과 마음을 데워주었답니다  스프 끓이기 생각보다 어렵지 않아요 
당근크림스프,크림스프 레시피에 당근을 더하니  색은 더 예뻐지고 영양은 더욱 좋아졌답니다 맛이 좋아진 것도 물론이구요^^
양파크림스프,양파를 듬뿍 넣은 크림스프를 끓였어요  양파의 달큰한 맛이 크림의 느끼한 맛을 잡아주어 많이 먹어도 질리지가 않네요
햄버거스프,연일 영하 20도까지 떨어지는 맹추위가 계속된다는 뉴스를 들었습니다. 한겨울 날씨는 추워야 제맛이라지만 추워도 너무 추울땐 웅크리게만 되니 몸을 따뜻하게 데워 줄 음식을 찾게 됩니다. 추운날 고기와 야채가 듬뿍 들어간 햄버거 스프를 드셔보세요. 속도 든든해지고 뜨끈한 국물에 몸에 열기가 퍼진답니다. ^^
대파크림스프,양파크림스프도 만들었는데 대파크림스프도 만들면 어떨까 싶어서 만들어 보았어요  대파가 요즘 한창 맛있을 때잖아요  대파 한묶음 샀을 때 대파 흰부분을 이용해 스프를 만들어 보세요  대파의 맛과 향이 은은하게 풍기는 것이 아주 기분좋은 크림스프를 즐길 수 있어요
감자스프,간단한 브런치 혹은 간식으로 좋은 감자 스프
감자스프,남는 감자를 활용해 스프를 만들어봐요^^
밤스프,밤은 관혼상제에 필수적인 과실로 우리나라는 예로부터 좋은 밤의 세계적 산지로 알려져 있답니다. 폐백을 올릴 때 자식을 많이 낳으라는 의미에서 밤을 며느리에게 던져주는 풍습도 있구요. 생밤은 알이 굵고 도톰하니 껍질은 윤이 나는 갈색을 고르는 것이 좋구요. 밤은 생으로 먹거나  굽거나 찌는 것  죽  과자  밤다식  통조림 등 다양하게 이용되고 있습니다. 밤의 효능은 영양이 골고루 들어 있어서 병후 회복에 좋고  그러므로 다이어트에는 적합하지 않답니다. 오늘은 이번 명절에 남은 밤을 이용하여 밤스프를 만들어 보겠습니다. 명절이 지나서 냉장고에서 굴러다니는 남은 밤을 재활용하기 딱 좋은 요리입니다.
차우더,조갯살을 넣어 감칠맛을 살린 고소한 크림 스프 크램차우더스프 만들기 :)
옥수수스프,옥수수캔을 이용해 밀가루가 들어가지않고도 걸죽하면서 고소하고 맛있는 옥수수스프를 만들어봤어요
치킨스프,여행 중 먹었던 치킨수프가 너무 맛있어서 한번 끓여봤어요. 저희 집 사람들 입맛에 맞게 서양 향신료는 빼고 끓였습니다. 
고구마스프,속이 불편한 저녁. 밥 대신 따뜻한 고구마스프 한그릇으로~ ^^
호박스프,호박스프는 언제나 _게 만들수 있는. 스프입니다 호박 이나 푸레가 없으면 캔 호박 푸레로 감자 어니언만으로 만드면_니다 
치킨누들스프,Comfort food의 대명사  특히 몸과 마음이 좀 허해질때 찾는이가 많은 이 치킨누들수프 한사발은 그간 까칠해졌던 입맛은 물론 영혼까지 촉촉히 적셔주는 그 무언가가 정말 있는듯해요! 이 한그릇의 비밀은 꼭 한번 직접 맛보셔야해요!!
양송이크림스프,유명레스토랑에 나오는 양송이스프!! 바로쉽게 가능합니다!! http://m.blog.naver.com/yejin1108/220648255620
스프,칼라후라워스프 입니다. 한국에 국이여러 종류가 있듯이 미국도 스프가 많습니다.
오트밀단호박스프,몇일전 호박죽 만들고 남은 재료가 있어서 오트밀 호박수프를 만들어보았어요^^ 오트밀은 귀리로 잘알려져 있는 오트를 가마로 굽고 압착하여 쉽게 조리할수 있도록 가공한 식품입니다 미국 타임즈에서는 건강식품 리스트에 올리기도 하였는데요.다이어트효능.염증항암효과.불면증완화 피부미용효능.심혈관질환예방.치질.면역력증진에 좋다고합니다.무엇보다 오트밀속 프로그스타 글리딘 성분이 들어있어 염증이 생기는 것을 예방해주는효 능을 가지고있어 암환자들에게 좋은 음식입니다 
옥수수스프,양송이스프를 만들고 생크림이 남아서  뭘 만들어 볼까 고민하다가 문득 집에 있는 옥수수캔이 눈에 띄더라구요. 그래서 평소에 워낙 스프를 좋아하는지라 감자와 양파를 넣어서 부드럽고 고소하게 만든 콘스프  옥수수스프만들기에 도전했어요. 
양송이아스파라거스스프,아스파라거스의 효능이 비타민B1.B2가 풍부하고 무기질과 단백질및 탄수화물의 함량이높고 피로회복 과 자양강정효과가 있고 혈관을 강화하고 혈압을 낮추는 작용도 있으므로 고혈압 예방에도 효과가 있답니다.. 여기에 양송이 버섯의 채소와 과일류의 무기질과 육류의 단백질을 고루 갖춘 종합 영양식품이기도 하죠.양송이 버섯은 버섯중에 단백질 함량이 가장 뛰어나답니다. 소화 기능장애예방 (양송이 버섯은 트립신  아밀라제 프로테아제 등의 소화 효소가 들어 있어 음식물의 소화를 돕는답니다 또한.칼로리가 매우 낮고 섬유소와 수분이 풍부해서 포만감을 주기 때문에 다이어트 음식으로도 좋습니다 아스파라거스와 양송이버섯의 재료로 오늘 아들을 위한 항암수프를 개발하였습니다 완치판정 받는날까지 최선을 다합니다
양송이스프,아웃백 런치메뉴는 언제나 사랑이죠~ 갈때마다 메뉴는 다르게 골라도 언제나 변함없이 주문하는게 있었으니 바로 아웃백 양송이스프!!! 스프는 무조건 양송이스프가 진리라면서 묻지도 따지지도 않고 골라요. 그런데 너무 맛있어서 그런지 먹을때마다 양이 부족하다고 느끼는거 저만 그런거 아니죠??? 그맛을 기대하며 마트에 가서 다양한 브랜드의 레토르트로 된 제품을 몇번이나 샀었는데 살때마다 실패... 그래서 나름 큰맘먹고 집에서 아웃백 양송이스프 만들기를 해보기로 했어요. 많이 만들어서 스프로 배채울거라 다짐하면서 말이죠. ㅎㅎㅎㅎ
토마토아로니아스프,황사가 있고 꽃들이 활짝 필때에 미세 먼지가 기관지에 염증을 일으키고 면역력이 떨어지는 이때에 몸에 좋은 항산화성분이 가득한 토마토와 아로니아가 튼튼하게 우리몸을 UP 시켜준답니다 꼭.챙겨드셔 보세요.사과가 들어가서 맛도 달콤하니 좋아요.
스프,기원전 550년경 히포크라테스가 암 치료제로 처방했던 기적의 수프로 1928년 독일의 최고의사 거슨박사에 의해 오랜문헌에서 재발견된 건강의학의 최고 처방전입니다. 지금도 꾸준히 그방법으로 수프를 먹으며 병을 이기고 있는 분들을 볼수 있는데요. 암환자분들이 꾸준히 이수프를 드시고 싸워 이기시는 분들이 많습니다 재료는 감자.고구마.양배추.브로콜리.토마토 당근.양파.아스파라거스.등.재료는 선택하심 되어요 암 예방 .면역력 강화에 좋은 미네랄 성분 상승효과 각종 영양소가 면역력을 높혀 준다는 히포수프입니다
피쉬차우더,사랑하는 가족을 위해 주말에 해주었던 아침브런치 요리입니다.얼굴을 볼수가 없이 서로 떨어져 지낸2년간의 투병생활.한번 만나서 밥상머리하고 둘러앉아 모처럼 도란도란 이야기 하며 먹었던 병아리콩 과 우럭으로 건강한 식탁이 되었답니다
호박고구마표고버섯스프,고구마는 섬유질이 많아 변비에 좋고 다이어트에 효과가 있으며  비타민C가 많아 비타민이 부족하기 쉬운 겨울철 좋은음식이 되었으며 각종 영양성분이 풍부하고 잎과 줄기까지 활용이 가능하기 때문에 우주식품으로 선정됐다고 합니다. 변비 치료에도 쓰여지는 고구마와 항암성분이 든 표고버섯.마늘.대파 등을 넣어 부드럽게 먹을수 있도록 하였으며 면역 수프를 입맛없는 이른 아침에 온가족이 드실수 있습니다. 개발요리입니다
파이토케미컬스프,파프리카를 향이 싫어해서 잘먹지를 않는 아이들이 많지요? 토마토와함께 여러재료와 귀리.렌틸을 넣어 끓였더니 냄새도 잘안나서 고소하니 구수한 건강수프가 완성되었답니다. 샐러리는 항산화 성분히 굉장히 많고 색깔음식을 먹으면 혈액수치가 많이 올라가고 암이 퍼지는것을 막는답니다.
스프,현미가 소화하기 힘들어해서 고민끝에  만들어낸 레시피입니다.  감자와양파를 볶다가 현미와 흰콩을 갈아넣어  수프를 끓였더니 아주별미입니다.  제가 하는 요리는 거의 환자식 치료음식이기에  여기에 육수를 빼고 우유나 생크림을 넣고  끓이시면 일반식이 되니 참고바랍니다.  
양송이스프,항상 스테이크를 하면서 채소나 영양이 부족하다는 생각이 들어 곁들일 만한 게 없을까 고민하던 중  어릴 때부터 인스턴트로 즐겼던 양송이 수프가 먹고 싶더라고요. 예전엔 하얀 국물에 건더기가 들어 있는 게 너무 신기했는데 스테이크 만들면서 아주 빠르고 간단하게 만들 수 있는 라면보다 쉬운 레시피더라고요. 고급스럽고 영양 지게 만들어 봤어요.
타라토르,캡틴 불가리아 미카엘 쉐프를 보고 따라 만들어 본 타라토르 입니다. 시원하고 오묘한 맛이 더워지는 요즘 몸에 에너지를 불어 넣어주는 한 그릇이 될꺼에요~^ ^ 다이어트 하는 분들에게도 정말 좋은 한끼가 되어 줄 수 있는 녀석이랍니다!
감자스프,제가 스프를 엄청 좋아 하는데요. 마침 백종원님께서 감자를 이용한 스프를 해주시길래  저도 해봤는데요.. 엄청 맛있어요... 그리고 분량은 1인분기준치로 맞춘거에요..
브로콜리스프,인스탄트 크림스프와 브라커리만 있으면 만들수 있는 스프입니다
브로콜리감자스프,이전에 미국에 두달간 있었는데 그 당시 먹었던 브런치가 요즘 급땡겨서 스크럼블과 베이컨과 함께 브로콜리감자스프 완성^^ 
감자스프,감자와 우유가 만나 부드러움의 끝을 볼 수 있는! 백선생의 감자스프!  세상의 모든 레시피 만개의레시피
양송이스프,아웃백 양송이 스프를 너무 좋아해요~ 집에서도 간단히 만들 수 있는 양송이스프 만들기 알려드려요^^
단호박스프,요즘처럼 입맛없을때  이쁘고 영양있게 스프한접시 하세요~ http://m.blog.naver.com/yejin1108/220682357841
브로콜리스프,며칠전에 간단하게 만드는 브로커리 스프를 만들었는데 오늘은 정식 으로 스프를 만들었습니다 더 고소하고 맛이좋습니다
병아리콩스프,안녕하세요! 날도 덥고 옷이 얇아지는 계절이기 때문에 다이어트 하시는 분들 많으시죠? 오늘은 제가 식단으로 추천드릴만한 흙애서 병아리콩 스프 간단한 레시피 알려드릴게요. 전혀 어렵지 않답니다^^
감자스프,요즘 포슬포슬한 햇감자가 너무 맛있죠. 조림을 해먹어도 볶아먹어도 그냥 삶아서 먹어도 맛있지만 스프를 끓여서 먹으면 담백하면서도 고소한게 참 좋더라구요. 그래서 감자스프를 만드는 방법은 여러가지지만 재료도 간단하고 쉽게 따라할 수 있어서 매력적인 백종원 레시피로 만들어 봤어요.   
고구마스프,여름에는 찬스프가 좋습니다 가니쉬도 3가지입니다 시네몬가루 샐러리가루 .그루통 .우유 코코넛우유로 만들고 뜨거운스프는 닭육수로 합니다  
감자스프,백종원님의 방송을 보고서 만든 스프인데요.. 예전에는 감자스프라도 양파를 넣지 않고 대파의 흰부분을 넣고 만들었는데요. 이번에는 양파를 넣고 만든 감자스프랍니다
렌틸콩스프,고소하고 담백하고 단백질과 식이섬유가 많은 슈퍼푸드인 렌틸콩스프입니다. 
게살스프,홍게가 실하다는 말에 한박스에 7마리 사왔어요  2마리를 삶아 진짜 게살이 들어간  게살스프를 만들었죠  게살스프는 주로 맛살이나 크래미로 많이들  하는거 같아요  하지만 저는 이번에 홍게 본김에 스프 만든거죠  홍게삶은물에 홍게 게딱지 육수로 썼더니  국물 색깔은 맑지 않고 탁하지만 맛은 진국이네요  진한 맛을 원하시면 진짜 게로 만드시고 맑은국물을 원하시면 맛살이나 크래미로 하시면 될듯 해요  따끈한 스프 흐려진 날씨에 제격이네요 
가스파초,각나라마다 여름에는 냉스프가 있습니다 스패인에 카스파초를 만들었습니다  토마토스프도 있습니다 이스프를 사용해서 한국식 오이냉국을 만들어볼 생각 입니다
단호박스프,몇일전 친정엄마가 단호박 두개를 가져다주셔서  하나를 _는데 그냥 다 먹기엔 많아서 아이들 간식으로 스프를 만들어 _어요 너무너무.... 간단해서 요리라고 하기 부끄러울정도..ㅎㅎ 
병아리콩스프,안녕하세요. 오늘은 만들기도 쉽고 다이어트에도 좋은 병아리콩 스프! 만들어볼거에요~ 병아리콩은 흙애서꺼고요.불리기 전과 후의 차이가 좀 날거에요~ 불리고 나면 뾰족한 부분이 생기는데 그게 병아리콩을 닮았다고 해서 병아리 콩이라고 불리운다는군요.  
브로콜리감자스프,스프를 직접 만들기는 처음인데요 만들어보니 할만하네요. 직접해봐야 요리실력이 늘어납니다. 여러분도 따라해보셔요^^
토마토가스파쵸,스페인에서 여름에 더위를 이기는 음식으로 먹는다는 냉토마토스프인 가스파쵸를 올 초복 저희집 복달임 음식으로 선택했어요. 
호박스프,
당근스프,<냉장고를 부탁해> 라는 프로그램에서 오세득쉐프가 만들었던 당근퓌레를 당근스프로 응용해 보았어요. 당근스프는 cool & hot 으로 드셔도 되어요.
야채스프,손님이 오셨을때 혹은 조금 평소와 다른 점심을 먹고 싶을 때 추천합니다. 간단하지만 약간 있어보이는 브런치를 원하신다면 추천! 
감자스프,감자가 곧 썩기 일보 직전이라 해치우려고 만든 감자스프에요. 백선생에 나온 레시피대로 만들어 보았어요. 곁들여 크루통도 같이 만들어 보았네요.
냉수박스프,수박은 그냥 먹어도 맛있고 화채로 만들어서 먹어두 넘나 맛있지만 차갑게 먹는 수박 스프도 맛있답니다. 
카스파초,나라마다 여름에 냉스프가 있습니다  스페인에서 먹는 토마토 냉스프를 만들었습니다
시금치스프,면역력 증강과 해독  보양 강화 푸드 시금치 감자스프~! 미국에서 가정식으로 많이 끓여먹는 수프라고 한다. 말복 메뉴로 선택했는데~ 아이도 어른도 잘 먹는다. 특히나 울 집 남자 냉방병에 걸려 배앓이에 식은땀에 식욕까지 잃으신 상태. 따끈한 스프를 먹더니 너무 좋다고^0^ 유리는 스프에 밥을 얹어 먹을 정도로 좋아했다는~!  평소에도 면역력에 좋다니 아이들에게 자주 해주고픈 메뉴~! 불량엄마가 완전 강추하는 레시피~되시겠다
병아리콩스프,밭에서나는 쇠고기 병아리콩스프 만드는 법 입니다 아침에 만나는 스프 한그릇 병아리콩은 이집트콩으로 세계 슈퍼 푸드 당당히 속한 식재료 칼로리가 낮고 단백질 함량은 높으며 비타민C  미네랄가 풍부하게 함유되어 있답니다
감자브로콜리스프, 냉동실에 방치되어 있던 브로콜리가 생각나서  스프를 만들어 보았어요.
감자스프,가을이 돼니 따둣한 스프 생각이나서 만들었습니다. 닭육수와 우유 버터가 어우러저서 고소합니다
양파스프,크림까지 넣으면 더욱 고소한 양파스프가 된다!!! 아침식사로 든든하고 고소한 양파스프와 바게트빵을 곁들여서 함께 드시면 더욱 좋아요^^
닭야채스프,닭가슴살과야채를 넣어 만든스프입니다  미국에서는 감기걸리면 먹는 스프 입니다
토마토치킨스프,어제 만든 치킨스프로 토마토 페스트와 마카로니 를 넣어 만든스프 입니다
감자스프,밀가루 버터에 볶는 루만들지 않아도 치킨스탁이니 닭육수니 없어도 부드럽고 따뜻한 스프를 만들 수 있어요
양파스프,비오는 날에 먹는 따끈한 스프는 몸 뿐 아니라 마음까지 따뜻하게  데워줄 것 같은 기분이 들지요 쉽게 만드는 양파스프로 몸도 마음도 훈훈하게 만들어 보세요
고구마당근스프,아이들 간식으로 너무 좋을 같아 좀 넉넉히 만들었는데 평소 유리를 너무 예뻐해 주시는 옆집 할아버지  할머니 댁에도 가져다 드렸더니 맛있다고 좋아하시더라고요^^ 요거 요거 맛 보장이니 팔로~팔로~팔로 미 ㅋㅋㅋㅋ
토마토스프,*토마토스프는 벨기에의 사람들에게 가장 선호하는 전통음식중 하나에요! *남녀노소 심지어 어린이들까지 좋아하는 토마토스프. *제가 소개하는 레시피는 우리 시어머니에게 물려받은것입니다!  *날씨가 쌀쌀해지면 제일 먼저 찾는게 토마토스프일정도로 인기도가 높아요! *심지어 한국사람 입맛에도 아주 좋답니다!
단호박크림스프,안녕하세요~불량엄마 소자매마미예요^0^ 요즘 불량엄마는 수프에 폭~~~맛있는 스프가 왜 이리 많죠? 맛나지만 어렵지 않은 스프 레시피들을 올렸었어요. 요즘 불량엄마는 햄프씨드~대마씨를 먹고 있어요. 밥 위에 뿌려먹으면 고소하고 건강까지 챙길 수 있는^^ 식물성 오메가 3.6.9도 풍부하고 성장기 어린이들에게도 좋다고 해요. 그래서 단호박 크림스프에도 뿌려먹었네요 ^^
단호박스프,백종원님의 단호박스프..정말 맛있어요. 아침식사로도 영양가로도 너무 괜찮아요..ㅎ
단호박스프,집밥백선생 단호박시리즈 단호박스프에요.  단호박스프는 좀 시행착오가 있어요.  단호박이 워낙에 단단해서 될수있음 충분히 전자렌지에 돌리시던지  아니면 아예 속을 파내서 따로 만드시는법을 더 강추드려요.  전 둘다 해봤어요. 
홍합크림스프,집밥백선생 시르지 홍합편이에요. 먼저 보여드릴건 홍합크림수프입니다. 이따가 아이오면 스파게티면삶아 해줘야겠어요~ 시중에 파는 홍합크림스파게티랑 거의 차이없어요! 그럼 만들어 볼께요. 
단호박크림스프,따뜻한 수프가 배를 달래주고 마음도 위로해주는 느낌♥ 세상의 모든 레시피 만개의레시피
양송이스프,양송이 듬뿍 양파 듬뿍 영양만점 수프 양껏 먹다가는 메인요리 먹기전에 배터질걸?! 세상의 모든 레시피 만개의레시피
옥수수스프,
고구마스프,고구마를 쪄서 곱게 갈아서 끓여준 따뜻한 스프입니다.  부드럽게 속을 달래 줄 꺼에요.
고구마스프,요즘 고구마 제철이다 보니 여러가지 고구마 요리를 자주 해 먹는데요 그중에서 고구마 스프는 ?요즘처럼 쌀쌀한 날씨에 더욱 잘 어울리고 ?든든한 한 끼 식사 대용으로 딱이며 영양만점의 간식으로도 제격이랍니다. 
단호박스프,성준맘이 오늘아침 쥰이를 위해서 만든 단호박스프~~ 요거 만들기 무지 쉽더라구요 ㅋㅋㅋ 아침에 우리 쥰이가 맛나게 먹고 학교에갔다죠~~~ 단호박스프를~~~~ 달콤하고 고소하고 정말 맛나답니다^^ 오랫만에 만들어봤는데 성공!!!! 다음번엔 감자스프도 도전해봐야겠어요~~~~?
두유스프,건강을 생각한 배두유스프입니다
호박스프,미국은 겨울호박이여러 종류가 있습니다 그중에 아콘 호박을 구워서 스프를 만들었습니다
호박고구마스프,딸아이가 감기가 들어서 입맛이 없기에  끓여 보았더니 잘먹더군요.  둘이서 깨끗하게 먹었답니다~^^  뜨겁게 끓인 고구마 수프를 바로 드서보세요.  감기도 뚝!~^^  면역력이 상승 되어 병원에 가지 않고 좋은 식재료를  이용해서 감기를 잡아봅니다~♡♡
단호박스프,단호박으로 스프를 끓여봤어요 양파가 많이들어가 은은하고 부드러운맛이좋아요
브로콜리스프,영양식 브로콜리로 스프를 만들어봤어요 양파가 듬뿍들어가서 은은한단맛과 고소하고 부드럽습니다
단호박스프,든든하고 맛있는 아침식사
홍합크림스프,치즈덕후저격★  감칠맛 더해주는 홍합에 풍미가득 크림스프까지!!너~~무좋다♥ 세상의 모든 레시피 만개의레시피
게살스프,게살과야채로 만든 스프입니다  메일랜드의체서픽만에서 게가 많이나서  여기는 게 음식으로 유명합니다 크랩케익. 스팀 크랩 .크랩스프.
차우더스프,부드럽고 맛이 진한 랍스터 차우더 수프
게살스프,호로록호로록~게맛살이 쏙쏙~  니들이 게맛을 알엇?!?! 세상의 모든 레시피 만개의레시피
옥수수크림스프,정말정말 쉬우니까 한번 해보세요^^
토마토스프,어릴적 울동네 버스정류장옆 동네 처음 생긴 경양식집에서 돈까스를 먹던날.... 나비넥타이를 한 웨이터가 뜨끈한 토마토스프를 가져다주는데.. 처음 양식을 먹는다는 설레임... 그때 처음 맛본 토마토스프란...ㅎㅎㅎ 제가 정말로 사랑하는 스프지요.^^ 어렸을때 토마토스프가 그리도 맛나던지라.. 온갖 채소 넣고 토마토케첩을 넣고 막 끓여서 좋다고 먹었었는데..ㅎㅎㅎ 요때부터 스튜나 스프에 맛을 들였었던것같아요.^^
토마토야채스프,호불호가 살짝 갈릴 수 있지만 건강식입니다. 입맛 까다로운 우리 애들도 여기다 미트볼이나 파스타 좀 넣어주면 호로록 호로록 잘 먹고  저랑 남편은 국 대신 먹거나 밥 먹기 싫을 때 식사 대용으로도 먹습니다.
치킨누들스프,치킨가슴살과 야채 마카로니 닭육수로  만든 스프 미국에서는 감기들었을때 먹는 음식입니다
브로콜리스프,누가 브로콜리 맛없대!? 스프로 먹으면 꿀맛! 짱맛! +_+bb 넘나 부드러워서 입속에서 사르르 녹아버렷>_<   페이스북 : https://goo.gl/20E7Wk 카카오스토리 : https://goo.gl/4bASlR  세상의 모든 레시피 만개의레시피 
옥수수스프,오늘은 아침식사나 다이어트식으로 그만인 고소한 옥수수수프를 만들어봤어요.  요 근래 한번 살이 살짝 쪘더니 영 안빠지더라구요!  아무래도 움직임이 덜해서 그런듯!  그래서 절식을 하려고 하지만 맘처럼 쉽게는 안되네요~  아침에 애들에게 간단하게 해주기엔 그만인 옥수수수프를 만들어봤어요~  고소하고 톡톡 씹히는 옥수수수프 캔하나로 후다닥 만들어봐요~(예전에도 만들었는데 살짝 바꿔봤어요.) 
감자크림스프,감자와 마늘과 생크림이면 치킨스톡이나 육수없이도 진하고 크리미한 스프를 즐길 수 있어요 느끼하지 않고 담백깔끔하면서도 진한 크림스프의 맛을 느껴보세요
단호박스프,오늘은 제가 단호박을 가지고 왔어요~  단호박은 제가 좋아하는 식재료중 하나!  달콤하면서 밤맛도 나는 그런 단호박!  그런 단호박과 함께 더 맛있는 크림수프를 만들어 볼꺼에요.  이번에 만들것은 단호박과 고구마를 섞어서 끓였어요.  훨씬 더 고소하고 맛있는 단호박 크림수프가 되었답니다.  그럼 만들어 볼께요. 
옥수수크림스프,꽁쥬 오후 간식으로 휘리릭~ 만들어 주었어용 옥수수의 향이 퍼지면서 고소해용
단호박스프,단호박만 그냥 쪄서 먹어도 맛있지만 따~끈한 수프로 끓여 먹으면 부드럽고 특유의 감칠맛이 너무 맛나네요. 거기에 보기에도 너무 예쁘니깐 손님 접대용으로도 딱 좋답니다. 달콤한 단호박 수프 한 입 하고 가세요♥ 나도 모르게 힐링 될 거에요.
브로콜리스프,고급 레스토랑에서 먹던 브로콜리스프를 집에서 간단히 만들어먹어요! 한국사람입맛에도 딱 맞는 어린이들도 좋아하는 브로콜리스프! 코스요리에 스타터로 추천합니다! 간단한 한끼식사에도 좋아요 속이 든든합니다! 
양송이스프,시판스프는 조미료가 들어가 아이들 먹이기엔 망설여지곤하죠 이젠 집에서 직접 만들어 먹어보세요~~~
감자스프,감자에 싹이 나서 처치할겸 만들어 봤는데  사먹는 시판 스프와는 풍미자체가 틀려요~! 부드러우면서도 진한맛이 엄지척입니다~ 초간단으로 분위기 있는 브런치 어떠셔용?! 
단호박스프,안녕하세요? 밥심은 국력입니다. 단호박은 호박 가운데  전분과 미네랄  비타민 등의 함량이 많고 맛이 좋아서 많이 찾는 식재료 중의 하나입니다. 특히 베타카로틴이 많아서 체내에서 비타민 A 로 전환되면 눈 건강에도 도움이 되구요. 떡이나 김치  죽  샐러드 등 다양한 요리로 활용이 가능해서 좋답니다. 단호박은 색깔이 고르게 짙고 단단하며 크기에 비해 무거운 것을 고르는 것이 좋으며  서늘한 곳에 보관합니다. 오래 보관하려면 씨와 내용물을 긁어내고 랩으로 싸서 냉동 보관하는 것이 좋구요. 오늘은 집밥 백선생표 단호박 스프입니다. 전자레인지로 간편하게 만드는 스프로  고급진 비쥬얼은 덤입니다. 그럼 보시죠.
토마토스프,추운 겨울을 기온에 떨리는 몸과 마음을 살짝 업 시켜줄 따스한 건강 수프 한그릇
가스파초,가스파초는 더운 여름이 되면 주변에서 쉽게 구할 수 있는 재료를 사용해 전날 저녁에 만들어 두었다가 냉장고에 넣어 갈증 해소를 위해 차갑게 먹는 스페인식 시원한 토마토 수프랍니다. 생각보다 너무 쉽게 만들 수 있으니 대추천~
스프,어제 딸이 아르바이트 해서 돈이 들어왔다고  발관리를 예약해줘서 힐링하였답니다.  늘.엄마건강 염려해주는딸.  어제 수업하고 아팠던 발이 피로가 싸~^^악  고마운 딸에게 저는 아칭에건강한 요리를 해주었지요.  재료도 착한 ㅎ 마트어디서든 쉽게 구입할수가 있지요.야채는 짜투리 채소 있는걸로 대체하셔도 됩니당~^^  맛있게 싹 비워준 딸에게 고마움을 느껴본다.
완두콩스프,완두콩과 감자만 있으면 아침에 간단하게  드실수 있는 스프 한번 끓여서 드셔보세요.  완두콩은 식이섬유소가 많아 포만감을 주며   변비예방을 치유하고 비만인 사람들에게   다이어트식품으로서 좋다고 합니다.  또한.대장암을 예방하여 동맥경화증 에도   효과가있답니다.  궁합음식으로는 밀(콩속의 풍부한 단백질과 국수의  밀은 서로 보완작용 역활)을 하여 영양가가   상승한답니다.  완두콩 냉콩국수를 만들어 드셔도 좋을것 같지요. 
단호박스프,입맛없는 아침~ 목 넘김이 좋은 스프 어떨까요? 한쪽 구석에서 잊혀져있던 단호박을 고소하고 부드러운 스프로 변신시켜봅니다^^;;
당근스프,부드럽게 입안에 감기는 달큼한 당근의 맛. 설탕 같은 인위적인 단 맛이 아닌 자연에서 우러나오는 건강한 단맛이라 건강에도 참 좋답니다~♩
버섯크림스프,이유없는 우울함이 나를 엄습할때! 몸에 안좋은 단 음식이나 술은 더이상 나를 위한 음식이 아니지요. 마음까지 따듯하게 만들어주는 버섯크림스프를 소개합니다. 한국의 대표 식재료 표고버섯과 서양의 식재료 버터와의 만남이 고소한 향을 내어 요리하는 과정에서부터 힐링이 될꺼에요. 따듯하고 크리미한 버섯크림스프랍니다 :)
감자스프,자색감자스프 만드는 법! 포슬하게 감자삶기~ 영양식으로 좋은 감자스프를 만들었는데요. 자색감자로 스프를 끓여서 부드럽게 먹었더니  구수한 맛이 제법 좋더라고요. 일반 감자는 많이 보아서 알지만 자색감자는 흔하지 않아 반가운 마음에 들여왔는데요. ㅎㅎ 자색감자는 자색고구마처럼 속까정 자색은 아니더라고요. 약간 아쉬움은 있었지만 감자 속알이 계란 노른자처럼 노란 게  나름 아주 좋은 빛깔이더라고요. 
가스파초,안녕하세요? 밥심은 국력입니다. 오늘 만들 요리는 토마토 가스파초입니다. 가스파초는 스페인을 대표하는 냉스프라고 할 수 있는데요. 스페인 어느 식당에서 맛볼 수 있는 차가운 스프죠. 토마토  오이  마늘을 갈아 만드는 요리로 과정도 간단해서 좋아요.
단호박스프,고운 노란빛에 한번  달콤하고 부드러운 맛에 또 한번 놀라게 되는 단호박수프. 바쁜 아침 호로록 가볍게 먹기에 좋고  빵을 곁들이면 보다 든든하게 먹을 수 있답니다.  오늘은 단호박으로 달콤하고 부드러운 음식  수프로 만들어볼게요. #단호박수프
인삼스프,수삼 한채 사다놓고 요것저것 내맘대루 만들어 봤어용~~^^ 그중 한가지 인삼스프~ 요거요거 생각보다 맛있어요!
감자스프,감자스프
호박스프,태국식 호박 수프 입니다 (Thai pumkin soup) 입니당. 호박 수프에 태국식 레드 커리와 코코넛 우유가 들어간 수프에요 평소 우리가 먹던 호박수프랑은 틀린 맛인데 정말 맛있답니다
감자스프,오직 감자  양파  우유만으로 집에서 느끼는 고급진 맛. 감자 다양하게 먹어보아요.~ 
단호박스프,엄청 간단하게 시원하고 달달한 단호박 스프를 만들어 보았어요
아보카도크림스프,건강에 좋은 아보카도를 우유넣어 크림스프 만들었어요. 특유의 느끼한 맛이 있답니다.
감자스프,차게먹는 감자스프 비시스와즈래요. 프랑스식이구요~ 장식용으로 차이브(chive)나 리크(leek)를 올리면 되는데  없으면 가는 실파나 영양부추도 괜찮을 것 같아요.
감자스프,바쁜 아침 간단하게 아침 대용으로 먹어도 든든한 감자국 감자스프를  만들어 봅니다  
단호박스프,갑작스럽게 찾아온 가을과 마침 고장난 믹서 덕분에 탄생한 레시피에요. 레시피라고 하긴 뭐하지만  저처럼 믹서가 마침 고장난 분들도 있지 않을까 해서 올려봐요. 
단호박스프,시고모께서 밤호박을 보내 주셨어요 손수 농사 지으신거라 진짜 달고 맛있네요 쪄서도 먹고 호박죽도 끓여 먹다 단호박스프를 한번 끓여 봤어요~~^^ 단호박죽레시피도 곧 올려 드릴게요!  제가 요리 블로그와 인스타그램도 하고 있어요
감자스프,오늘은 감자스프를 만들어먹었어요 :D 효리네민박에서 아이유가 만들어먹은 감자수프! 담백하니 괜찮더라구요~ 그럼 감자스프 만들기 시작해볼까요? GoGo  
옥수수스프,오후 시간 출출할 때 가볍게 마시기 좋은 옥수수 수프. 수프를 죽보다 좋아해서 늘 탐내는 음식 중 하나에요. 만들어 혼자 다 먹어버린..콘 옥수수 캔을 개봉하면 한 번에 다 먹지 못하고 냉장실 한편에 자리할 때가 있어요. 간혹 피자나 다른 요리에 토핑으로 소량만 필요할 때가 있거든요. 콘치즈를 해 먹기도 하고 콘 샐러드 해 먹고  또 다른 방법으로 콘 옥수수 수프랍니다.
감자스프,차가워진 날씨에 가슴속까지 허한 날입니다. 이런날 속을 든든하게 채워줄 뜨근한 한 그릇요리 감자스프. 담백하면서도 고소한 맛이 한끼 식사로도 아주 좋아요.
감자브로콜리스프,   아침저녁으로 선선한 가을바람이 불어오는 요즘 같은 날씨에 딱 어울리는 따끈따끈 감자 브로콜리 스프를 만들어 봤어요.  감자가 들어가 속이 든든하고  생크림과 치즈  우유  브로콜리가 듬뿍 들어가 영양까지 좋은 감자 브로콜리 수프 ♪  간단한 아침 대용으로도 좋은 감자 브로콜리 스프 만드는 법  지금 바로 공개해요 ^^
단호박스프,단호박수프
감자스프,고소한 감자스프~
감자스프,감자스프 레시피의 계량이 애매하게 되어있어서 직접 여러번 해먹어 본 후  이 용량 방법이 헷갈리지 않고 좋을 것 같아 만들게 되었어요. 시어머님께 해드렸는데 너무 맛있게 드셔서 이번에도 만들면서 어머님이랑 나눠먹을 양으로 만들어 보았어요 ㅎㅎ
렌틸콩스프,렌틸콩은 지중해 그리스가 원산지고 고대 유럽인들이 죽을 만들어 먹던 재료였는데 지금은 인도 네팔 등지에서 주식처럼 먹는다고 합니다. 효능이 아주 좋아 한식에도 많이 응용되는 걸로 알고 있는데 빈혈 및 변비예방  심장질환 예방은 물론 각종 성인병에방 및 당뇨  고혈압 환자에게도 좋고 소화장애도 개선시켜주고 면역력도 강화되는데다가 다이어트에도 효과적이라네요. 좋은 재료라 설명이 길었는데요  한식은 아니지만 한국사람 입맛에도 나쁘지 않은 이탈리안계 미국셰프님의 렌틸콩스프 레시피를 소개해볼까 합니다. FoodNetwork의 간판스타이자 FoodNetwork Star의 심사위원이기도 하신 Giada de Laurentiis 셰프님의 쉬운 레시피입니다.
옥수수스프,다이어트와 아침식사 대용으로 좋은 옥수수스프(콘수프) 만들어 봤어요 ^^
감자스프,효리네 민박 보면서 아이유가 먹던 감자스프 먹고싶었던 사람 다 모여라~~♥  세상의 모든 레시피 만개의레시피
감자스프,요즘 감기 기운이 있는지 계속 몸도 마음도 처지곤합니다 따뜻한 스프 한그릇이 그리울때 간단하게 집에서 만들어 먹을 수 있는 감자스프따뜻하고 부드러워서 맛있는 감자스프 만들기도 간단하고 재료도 거창하지 않아서 정말 좋은데요 감자스프만들기 레시피를 알려드릴께요
감자브로콜리스프, 오늘은 따뜻한 감자스프 감자브로콜리스프로 아침을 시작해봅니다  부드럽고 맛있는 감자브로콜리스프를 만들어 보았어요~!~~  환자에게도 너무 좋을 것 같은 감자스프  혼자 먹는 온 밥 요리로도 너무 좋은 제철 요리 감자브로콜리스프 입니다  영양 가득 부드럽고 맛있는 감자스프  한 그릇 후다닥 먹을 수 있는 부드러운 영양식입니다~!~~    감자와 브로콜리 베이컨 등 넣어 끓이면   씹히는 식감까지 좋은 브로콜리 감자스프입니다~!~       베이컨이 없어서 베이컨대신 이태리 전통 수제햄   프로슈또를 넣어주었어요~!~~ 
가스파초,안녕하세요 포레스트키친이에요  오늘 소개해드릴 요리는 소울키친이라는 영화속에 등장하는 요리에요  바로 토마토 가스파초 인데요   약간 시원한 토마토스프 라고 생각하시면 되는데요   만들기가 간단한데 스페인에서는 이 요리가 보양식 이라고하네요    메인요리 즐기기전 입맛 돋게하는 음식으로 많이 등장한다고해요  만들어 먹어보니 확실히 상큼하더라구요
단호박스프,안녕하세요~ 몽베이향입니다 :^) 추워진 요즘 속이 따뜻해지는 단호박 스프! 그럼 만들어 볼까요?
고구마스프,배가 따뜻해야 공부도 일도 다 잘되는 법! 아침 거르지 말고 고구마수프 한입 하고 가요~  세상의 모든 레시피 만개의레시피
야채스프,혹시 마트에서 '냉동혼합야채'라고 보신 적 있나요? 당근  완두콩  옥수수  그린빈을 먹기좋은 크기로 손질해 냉동상태로 판매하는 제품이에요.  1kg에 3천원대의 저렴한 가격에 야채를 골고루 섭취할 수 있고 보관이 편리해서 자취생들의 사랑을 받고있죠.  보통은 볶음밥 재료로 사용하는데 그외에 다른 활용법이 없을까 고민하다가 스프를 끓여봤어요.  6가지 다양한 채소가 들어가지만 손질과정이 간단하고 맛도 훌륭한 스프를 만들 수 있어요.
단호박스프,가을 제철 식재료 단호박을 이용해서 만든 단호박수프.
고구마스프,달콤하고 부드러운 고구마스프 아침에 입맛없는 아이들 등교할때 후루룩 마시기도 좋고 저같은 입만 다이어터에게 부담없는 한끼가 되어주기도 하는 고마운 고구마스프 고구마는 퀘르세틴이라는 성분이 콜레스테롤 수치를 낮추고 판토펜산 성분이 나트륨을 배출해 고혈압에도 좋아요 무엇보다 포만감이 있어 다이어트요리로도 적합한데요 오늘은 고구마를 이용한 요리 고구마스프를 만들어 보겠습니다.
당근스프,당근을 싫어하는 사람도 먹을 수 있는  간단하게 만드는 당근 스프 레시피입니다 :) 
옥수수스프,저는 뷔페에 가거나 패밀리 레스토랑에 가면 꼭 옥수수 스프를 가져다 먹어요 구수하고 진한 옥수수스프가 그렇게 좋더라구요 간단한 브런치나 간식으로 좋은 옥수수스프 집에 있는옥수수 캔을 이용하여 간편하게 만들어 보았어요 생크림없이도 집에 있는 재료로 후딱만드는 고소한 옥수수크림스프 함께 만들어볼까요
들깨스프,들깨버섯볶음을 해놨었는데요. 냉장고에 들어가니 안먹어 지더라구요. 그래서 스프로 끓였는데 완전 간단하고 영양만점 맛도 좋아서 올려요.
단호박스프,냉장고 파먹기 열심히인 요즘~ 항상 꽉꽉 차있던 냉장고가  비워 질수록 왜케 뿌듯하고  기분이 좋을까요~ㅎㅎ 오늘은 냉동실 깊숙히 자리잡고 있는 단호박으로  스프를 만들어 봤어요 :-)
감자잣스프,싹이날까 혹은 싹이나서 걱정인 감자들이 있으신가요? 이 날씨에 딱인  스프로 만들어보는건 어떠세요? 게다가 잣을 더해 고소함이 배가 되는 감자 잣스프랍니다! 걱정도 덜 수 있고  따뜻한 스프에 몸을 녹이는 식사시간이 될거에요^^
옥수수스프,빵에 콕! 찍어서 먹어도 맛있고 배가 스르륵 따뜻해져 힐링되는 음식♥  세상의 모든 레시피 만개의레시피
어니언스프,유난히 추위를 많이 타는 저를 위해 어머니께서 인삼 한뿌리를 보내주셨습니다. 어머니의 레시피와 함께 겨울을 이겨내기 위한 보양식을 만들어 봤습니다. 먹고나니 식도도 위도 따듯해지는 이 느낌. 아~ 인삼은 사랑입니다.
고구마스프,가을철 가장 맛있다는 밤고구마를 이용한 따끈따끈 부드러운 고구마스프 만들기에요 
고구마스프,고구마요리
어니언스프,추운 날 프랑스 사람들이 감기예방을 위해 먹는 보양 요리인 어니언 스프 ^^ 또  짭쪼롬한 육수 덕분에 숙취해장을 위해 먹기도 한다고 합니다 :) 우리 입맛에는 그냥 짠 국물에 모짜렐라 치즈와 빵이 올라간 음식이지만 프랑스 가정식 요리로 즐겨 먹는다니 쌀쌀한 겨울에 어울리는 요리로 만들어 볼게요. 크리스마스에 스테이크 썰면서 같이 곁들여 먹기에도 좋아요!
양배추스프,쉽게 구할 수 있는 양배추를 가지고 스프를 만들어보았어요. 재료만 준비해서 끓여주면 되니 너무나 간단하고 쉬운요리랍니다. 바쁜 일상 아침에 식사대용으로 좋아요.^^
아몬드마늘스프,열정의 나라 스페인  여름에 유난히 더운 스페인은 냉스프를 즐겨먹는데 남부 지방 말라가  그라나다에서 즐겨먹는다는 아몬드마늘스프 (아호 블랑꼬) 입니다. 아몬드가 들어가서 고소하면서 마늘향이 나면서 식초의 톡쏘는 맛이 나는 오묘하고 매력적인 음식입니다.
가스파초,토마토를 한박스나 샀더니 토마토 요리를 자주 만들고 있는 중이랍니다. 가스파초라는 스페인 남부의 안달루시아 지방에서 유래된 신선하고 차가운 스프를 만들어봤어요. 토마토  피망  오이  식초  올리브오일 등 함께 넣고 갈아 마시는 야채 스프랍니다. 식전요리로 입맛 돋구기 참 좋답니다.
옥수수스프,옥수수or옥수수캔이 집에 있다면 간단하고 든든한 아침식사! 혹은 아기를 위한 레시피
단호박스프,갑자기 걸쭉하고 따끈따끈한 스프가 생각나서 만들어 본 단호박스프 그런데 스프를 만들때 버터에 밀가루를 볶아서 루를 만드는게 번거롭더라고요 오늘은 밀가루없이 단호박스프를 만들어보았습니다
렌틸콩스프,추운 겨울에 독일 야외공연장이나 축제장을 가면 따뜻한 렌틸콩수프에 빵과 소세지를 곁들여 파는데  사람들에게 인기가 좋답니다. 슈퍼푸드로 알려진 렌틸콩을 어떻게 요리하면 좋을지 고민이셨을 분들에게 좋은 레시피에요! 추운겨울  렌틸콩수프 한 그릇으로 따뜻한 시간 보내세요^^ 
양파스프,양파를 볶으면 단맛이 upup! 맛도 좋고 속이 편안해지는 느낌~ Good~  세상의 모든 레시피 만개의레시피
게살스프,제가 자주 가는 술집에서  날이 추우면 항상 시키는 메뉴가 있습니다 :)   찐득한 중국식 계란탕?? 게살스프??? 같은 건데 추운 날 소주 한 잔에 호로록 먹기 좋은 메뉴입니다   게살과 달걀을 더 많이 넣고  집에서 먹어보고 싶어서 만들어 봤습니다 > <    추운 날 뜨끈한 술안주로 좋은  간단 게살스프 레시피 가져왔습니다 :D
차우더,아침식사로 좋은 영양만점 씨푸드 차우더를 얼렁뚱땅 약식으로 간편하게 아침에 끓여냅니다. 테이블 세팅한다고 이른 아침부터 정원에 나가 수국 잘라오고 저도 참 정성입니다~~~간단하게 끓여낸 씨푸드 차우더 한 그릇이면 아침부터 속이 든든합니다. 약식으로 끓여냈다고 맛없는 것은 절대로 아닙니다..
어니언스프,양파로 프렌치어니언스프를 간단하게 끓여보아요. 겨울만 되면 생각나는 프렌치어니언 스프를 먹으면 몸에서 열이 기분좋게 나요. 한 그릇 먹고 출근하면 추운 바람에도 끄떡없습니다.
단호박스프,단호박이 너무 맛있는데요 만들기가 힘들면 안되는 것이지요 오늘은 아주 간단하게 만든 단호박스프 소개해드릴께요^^
고구마스프,루를 만드는 일 어렵지 않아요.루를 만들어 스프를 끓이면 생크림이나 치즈가 없이 우유와 본재료만 있어도 풍부한 맛의 스프를 만들 수 있답니다
단호박두유스프,#단호박두유스프 #단호박스프 #영양간식 #아이간식 ⓒ불량엄마소자매마미 아이들 영양간식 단호박두유스프 안녕하세요~ 불량엄마 소자매마미예요^^ 왜!!! 시험도 끝나고~일도 많이 안 하는 것 같은데... 뭐가 이리 바쁜 건지... 분명 여유가 있어야 하는데.. 이상하다... 오늘 유리 하원 기다리는데 어린이집 차가 정해진 시간보다 10분을 늦게 왔어요. 핸드폰은 놓고 나가서 기다렸는데 세월아~내월아~ 시간이 참 길~게 느껴진... 그 시간은 참 길던데 하루는 너무 짧은. 하루가 짧은 건 삼시 세끼 차려내고 간식까지 만들어내서가 아닐는지 ㅎㅎㅎ 이번엔 두유 활용 2탄 아이들 영양간식 단호박 두유 수프!
게살해물스프,맛살과 해물을 넣고 거기에 시원한 미역까지 넣어서 만든 걸쭉하고 진한 맛의 게살해물스프로 닭육수 대신에 치킨스톡으로 간편하게 진한 국물을 낸 게살해물스프입니다. 
스프,꼬리를 한박스사서 꼬리찜과 꼬리곰탕을 만들고 스프까지 만들어보았습니다
닭고기카레스프,어떤 야채나 어떤 고기를 넣어도 강황이 부리는 마법의 아름다움에 중독된 카레 러버입니다. 이 레시피는 다른 가족 구성원들이 텁텁하다고 생각하던 카레를 보다 담백하면서도 부드러운 풍미가 더해진  농도가 묽은 수프로 탄생시키면 어떨까 하는 생각 끝에 만든 레시피입니다. 빵을 좋아하시는 아빠도  밥을 안 먹으면 속이 허하다는 언니에게도  다이어트를 하는 제게도 속이 편하면서 어떤 주재료와도 어울리는 입이 즐거운 음식이 탄생하였습니다. 한번 시도해 보세요. 후회하지 않으실 거예요^^
양송이스프,새해 첫 레시피는 따뜻한 수프로 시작해봅니다. 겨울방학 아이들에게 조금더 영양있는 식사로 준비해주고 싶은 것이 엄마 마음일텐데요. 입맛없어 아침을 자꾸 거르려는 아이들때문에 저도 걱정이 많답니다. 아침에 술술 넘어가게 오늘은 수프를 만들어봤어요. 부드럽고 고소한 양송이 수프!  오늘 메뉴는 아이들에게 성공입니다~~^^
양송이스프,입맛없을때 간단한 한끼로 좋고 아이들 영양간식으로도 좋은 양송이버섯스프
브로콜리스프,평소 브로콜리를 좋아해서 집에 항상 떨어지지 않고 있는 재료에요. 따뜻하게 아침에 먹기 좋은 브로콜리 스프를 만들었답니다. 버터와 밀가루를 볶아 농도를 잡기위해 루를 만들어야 하지만 번거롭기도 하고 칼로리를 줄여보자 해서 찹쌀가루를 넣었어요. 아이들도 먹기 좋아요.
양송이스프,어제 작은아들이 치아교정에 들어갔어요 성인이 되서 하는거라 잘 참아줘도 제 맘은 아프네요  첫날이라 씹는게 아플것 같아 스프를 끓였어요 싫어하는 버섯을 넣고~에공 버섯아님 소고기인데 버섯이  부드러워 좋을것 같아서죠  글고 양송이스프는 제가 더 좋아하는 사심이  개입 된거에요ㅋㅋ 뷔페에서 음식이 입맛에 안맞아도 양송이스프는 늘 맛있었던 기억에~  조금 되직하게 만들어졌지만 맛은 딱 제스탈이였어요 작은아들은 맛을 모르겠다면서 싫어하는 버섯스프인데 다 드셔주네요 아마도제가 안스러워하면서 만든거라  그정성으로 먹어준듯^^  죽으로 먹겠다면 해줄께 진짜 많은데 죽을  시러해서 이럴땐 고민에 빠지게 만들어 주시네요ㅠ 그래도 아프니 아들입맛에 맞는거 찾아서 해줘야겠어요  뜬금없지만 양송이스프는 진짜 맛있어요ㅋ 아가들 이유식이나 환자식으로 빵과 같이먹는 간식으로 해드시면 좋으실듯 해요^^
게살스프,요즘 정말 너무 춥네요 ㅠㅠ 집가면 뜨끈한 국물 요리만 생각나더라구요. 이번엔 중국식 달걀탕  중국식 계란탕 만들어봤는데요~ 게살은 없어서 크래미로 대체하고 전분넣어 걸~죽하게 만드니 게살스프 맛이 나더라구요!! 정말 맛있는 중국식 달걀탕(계란탕) 만드는 법 알려드릴게요
스프,갑자기 스프가 먹고 싶어서 해봤네요~~ 집에 있는 재료로 쉽게~^-^ 재료가 없을땐 이렇게
감자스프,이제 한파가..안올까요?아님 몇번의 한파가 더 남았을까요? 감자만큼 감사한 식재료도 없지요. 감사한 감자로 따끈한 감자스프 끓였어요. 
단호박스프,예전에 단호박을 미리 쪄놓고 냉동시켜놨는 데 이번에 스프로 만들어봤어요 추운 겨울날 어울리는 따뜻한 단호박 스프 레시피 입니다 :)
두부스프,두부와 견과류로 만든 아주 맛있고 영양가득한 스프에요. 만들기도 쉬워서 아침식사로 딱 좋은 메뉴랍니다
스프,바쁜아침 간단하게 챙겨 먹을 수 있는 건강하고 맛있는 건강 스프입니다.
감자스프,아침기온이 쌀쌀할때 스프생각이 많이나지요. 요즘 간단아침식사로 좋은 감자스프를 끓였어요. 
치킨스프,닭가슴살로 쉽게 크림스프와 야채스프의 중간쯤 되는 치킨스프를 만들었어요 치킨스톡도 어쩌면 조미료의 일종이니까 닭가슴살로 쉽게 치킨스프 만들어 보세요. 
해산물스프,코코넛 밀크 프리미엄과 유기농 엑스트라버진 코코넛 오일과 찰떡궁합인 해산물로 만드는 뷰코 코코넛 해산물 스프!!!!  영양소가 풍부해 노인  아이들에게 최고의 영양식 스프 입니다^^!  뷰코 코코넛 해산물 스프와 봄 맞이해요.
당근스프,당뇨에 좋은 당근을 활용한 당근스프 입니다. 당근 속에 많이 들어있는 베타카로틴이당뇨병 발병을 낮춰준다고 합니다.
양송이스프,가격대가 있는 양송이버섯이 시장에서 한바구니에 2천원하더라고요. 최상급 상태는 아니였지만 스프 만들기엔 적합할거 같아 사와 만든 양송이스프에요. 갈아서 만들었더니 갓의 까만 부분때문에 흑임자죽같이 색이 까매요ㅋㅋ 하지만 맛은 양송이스프에요 ^^
병아리콩스프,병아리콩 몸에 좋은건 아마도 이제 다들 아실거에요. 병아리 머리 모양과 비슷하게 생겨서 병아리콩이라고 부르거든요. 일반콩보다 비린내가 덜해서 요리에 활용하기 좋아요.
케일스프,케일은 주로 녹즙으로 많이 드시는 것 같은데 저는 날 케일보다는 과자처럼 칩(케일칩@6864711)으로 만들어 먹거나 카레에 넣어 먹기도 하고 토마토야채스프(Minestrone@6865232)에 넣거나 이번처럼 케일 위주로 맑은 스프를 만들어 먹습니다.
대파크림스프,오늘은 동물복지 닭가슴살을 재료로 만들어봤어요 제가 포레스트키친으로 활동할때 동물복지 요리대첩나간적이 있는데요 그때 동물복징에 관한 중요성과 필요성을 많이 느꼇어요 그때 대회한곳이 안성팜랜드인데 거기서 참프레라는 브랜드를 처음 알았는데 그때만 해도 마트에서 많이 안보였는데 요새 많이보이더라구요  동물복지를 간단하게 설명하면  인간이 동물을 이용하는데 있어 윤리적인 책임을 지고  동물에게 필요한 최소한의 조건을 보장하자는 거에요  이번 요리에 쓰인 닭가슴살도 철창에 갇혀 사육된 닭이 아닌 좀 더 넓은 곳에서 뛰어다니며 자란 닭의 닭가슴살로 만든 요리가 되는거에요   이렇게 좀 더 자유로운 환경에서 스트레스도 덜받고 자라 건강하면 당연히 우리가 먹는 축산물도 건강하겟지요? 
감자스프,효리네민박 보고 만들어 봤어요. 아침식사 대용으로도 좋고 아이들 간식으로도 좋아요. 우유와 감자  양파가 들어있어 영양도 듬뿍이지요.
클램차우더,조개육수로 만든 깊은맛 : ) 따끈하게 먹으면 속이 편해요♥  세상의 모든 레시피 만개의레시피 
낫토스프,토마토의 부드러운 신 맛이 어우러져 냄새 전혀 없이 식욕을 자극하는 초간단 건강 수프. 가족들이 맛있게 먹는 편은 아니지만 건강에 특히 좋은 토마토까지 넣어 틈틈이 끓여내는 상큼한 맛의 수프랍니다 :)
양파스프,오랜시간 끓여 부드럽게~ 녹아드는 양파. 또 치킨스톡이 국물에 들어가~ 짭짤한 감칠맛이 더해져 굉장히 맛깔나답니다!! 함께 넣은 바게트빵은 국물을 흡수해 촉촉해져~ 더 맛있게 먹을 수 있고. 배도 든든했답니다ㅎㅎ
단호박스프,이번엔 단호박 한통과 다른 재료들을 사용해 스프를 20인분 정도 만들었어요!! 따뜻하고 크리미한 스프가 몸 전체를 녹여주는 듯한 감동을 주는 맛이예요
감자스프,감자에는 비타민C가 풍부하다고 해요. 특히 감자는 익혀도 비타민이 파괴되지 않는다고 하는데요 감자스프로 환절기 감기 물리치는건 어떠세요?
만두스프,만두로 만드는 수프! 주말이나 평일 아침 든든한 한 끼 식사로 추천 드리는 레시피 입니다.
고구마스프,이젠 맛있게 다이어트하자!! 체중조절  운동을 즐겨하시는 분들을 위해 고소한 고구마에 코코넛의 매력적인 맛이 더해진 코코넛 고구마 스프 더 맛있고 더 색다르게 즐겨보세요 .
아보카도스프,둘 다 일을 하니깐 아침식사를 잘 챙겨먹기는 힘드네요.. 그래서 맨날 간단한 빵이나 씨리얼을 먹으니 소화가 잘 안 되는 것 같아서  뭐가 좋을까 생각하다가 만들게 되었네요:)
게살스프,꼴랑 4개남은 크래미가 유통기한이 임박하길래 만들어본 게살스프! 야매요리지만 맛도 비주얼도 꽤 근사하네요 :)
아스파라거스스프,입맛 없는 아침을 위해  모모나 보보나 아침을 잘 먹지 않으려고 해서 따듯한 스프를 끓였는데요  몸에 좋은 제철 아스파라거스 먹일려고 아이 아스파라거스 스프를 만들었습니다 
토마토스프,뷰코 코코넛 토마토 스프는 토마토의 새콤 달콤한 맛이 코코넛과 어우러져 맛의 풍미가 더 깊어집니다. 시골빵을 넣어서 요리하지만 다 만든 스프에 빵에 곁들여 드셔도  맛있게 드실 수 있답니다^^! 건강하고 맛있는 레시피 뷰코와 함께하세요.
옥수수크림스프,캔옥수수를 이용해 누구나 쉽게 만들 수 있는 옥수수크림스프에요
클램차우더스프,쉬는 날  일요일 아침 간단하게 빵이랑 곁들일 수 있는 스프 만들기 
양배추토마토스프,건강한 아침을 여는 양배추토마토스프 바쁜 아침이라고 속을 비우고 하루를 시작하면 매우 곤란합니다~~ 양배추토마토스프를 저녁에 끓여두었다가 아침에 데워서 먹으면 속이 든든하면서 맛도 좋아요
미니새송이버섯스프,우유의 고소함  양파의 달콤함  버섯향과 꼬들한 씹는 식감 꼬마 새송이 버섯 스프
콜리플라워크림스프,아침에 먹으면 부드럽고 든든하게 먹을 수 있는 콜리플라워 크림스프♥  세상의 모든 레시피 만개의레시피
치킨스프,몸살기 있는 남편을 위해 고심끝 고른 메뉴는 (영혼을 치유한다는) 닭고기 수프 ! 여러번 들은 얘기지만  우리나라에서도 보양식으로 통하는 삼계탕이 있고 바다건너에서도 아플 때 치킨수프를 먹는 문화가 있다는 게 신기하다. 그냥 수프만 끓여 먹어도 되지만 뭔가 그럼 허전할 것 같아 펜네파스타도 같이 넣어 한그릇 요리로 해 먹은 주말 아침 한상~
토마토양파스프,tvN 예능 숲속의 작은 집에 출연중인 소지섭씨가 소개한 토마토양파스프 입니다. 촬영으로 인해 다이어트를 해야 하는 경우 자주 애용하는 방법이라고 하니 다이어트에 도전 중이신 분들께 추천해 봅니다^^
양송이들깨스프,아침대용으로 먹으면 완전 부드럽고 고소한 양송이들깨스프♥  세상의 모든 레시피 만개의레시피
완두콩스프,귀요미 완두콩을 이용한 스프! 부드럽게 부담없으니깐 아침식사로 제격♥  세상의 모든 레시피 만개의레시피
토마토양파스프,숲속의 작은집에 나온 소지섭님의 다이어트 레시피! 다이어트에도 좋고  맛도 좋은 토마토양파수프 : )  세상의 모든 레시피 만개의레시피
양송이버섯스프,양송이의 풍미가 가득 담겨있는 스프. 자잘 자잘 씹히는 버섯의 식감이 너무 매력적이라~ 계속 떠먹게 되네요. 또 은은한 양파의 달큼함이 스프를 더 맛있게 만들어준답니다♥ 정말  한 끼 식사로도 부족함이 없는걸요~
감자스프, 부드럽고 자극적이지 않는 고소하고 맛있는 감자수프 레시피 가져왔습니다 :D (집밥 백선생 2 8화의 백종원님 레시피 참고했습니다)
카레스프,제가 요즘 중독된 카레_이예요 밥에다 비벼먹는 카레지만 저는 요즘 다이어트해서 그냥 이대로 먹어요  밥을 비벼도 안비벼도 캐마싯눈 초간단 카레레시피공개!
브로컬리크림스프,사랑받지 못해 시들어버린 브로컬리가 근사한 브로컬리스프로 환골탈태했어요
버섯크림스프,생표고 등 냉장고속 다양한 버섯을 이용해 만드는 건더기 푸짐한 버섯크림스프에요. 
브로콜리스프,뷰코 코코넛 브로콜리 스프 코코넛의풍미가 더 해져 더 고소하고 맛있게 즐길 수 있습니다. 식물성 밀크로 동물성우유가 맞지 않은 분들도 안심하고 드실 수 있습니다.^^! 
감자스프,감자스프
단호박스프,집에서도 쉽게만들수 있는 단호박스프-!!! 초간단 레시피 
감자스프,오늘은 제철 감자를 이용해 담백하고 고소한 감자수프를 만들어보았어요.
단호박스프,부드러운 아침대용식으로 딱 좋은 단호박스프! 밥맛 없는 아침엔 부담 없는 단호박스프로 간단하게 챙겨 먹어요!  세상의 모든 레시피 만개의레시피
그린가스파초,가스파초는 스페인의 대표 요리로 시원하면서 조리하지 않은 생 야채와 과일을 이용하여 만들기 때문에 체내 흡수가 빠르고 원기회복에 좋은 음식이에요 ! 무더운 여름 불을 사용하지 않고 만드는 가스파초로 여름철 갈증과 허기를 동시에 날려보아요 :)
콘치즈스프,모처럼 늘어지게 자고 늦은 아침을먹을 수 있는 휴일  식빵이나 과일로 간단하게 먹어도 좋지요. 여기에 따근한 수프 하나 추가해 빵에 찍어 먹으면 더 좋구요. 인스턴드 봉지 수프와 찰옥수수로 콘치즈수프를 만들어 빵과 함께 먹으니 간단하면서 배부르게 한끼가 해결이 되네요.
양송이스프,맛있는 양송이스프 먹고 싶은데 루를 만들어서 하기는 바쁘고 양송이 듬뿍 넣고 진짜진짜 양송이 스프를 초스피드로 만들어봤어요
단호박스프,비오는 가을  가을빛을 품은 단호박스프를 만들어 보았어요
주키니가스파초,기분 좋은 바질 향~ 바질 페스토를 넣어  간이 적절하게 잘 되어있네요. 끝맛에 깔끔한 쥬키니의 맛이 매력적인 시원한 야채 스프였답니다ㅎㅎ
밤스프,산골마을에도 가을이 왔어요  산에서 주워온 햇밤으로 가을을 품은 밤스프 만들어봐요
감자스프,건더기가 씹히는 감자스프는 예전에 방송에서 아이유가 나와 소개한 야식중 하나였는데 저는 오히려 아침식으로 자주 해먹는 메뉴 중 하나에요.
단호박스프,오늘은 간단하게! 붓기를 빼주는 단호박 그래서 늘 한박스씩 주문했다 처치곤란이 되기도 하는 단호박으로 스프를 만들었어요
브로콜리스프,날이 제법 쌀쌀해졌어요  간식으로 먹어도 좋고 아침 식사대용으로도 좋은 스프  시판스프 오랜만에 끓였어요     스프친구 쿠르통 빠지면 섭섭하죠  무염버터로 쿠르통도 만들었지요 ㅎ 
옥수수스프,아침 저녁으로 쌀쌀한 요즘 따뜻한 뷰코 코코넛 옥수수 수프 어떠세요? 쉽고 빠르게 만들 수 있어 바쁜 직장인들에게도 먹기 좋은 레시피 입니다~ 같이 만들어 볼까요?
크림스프, 옛날 레스토랑 오리지날 크림스프 맛을 느끼고 싶나요? 고소하고 부드러운 오리지날 크림스프 만드는 법을 소개 하겠습니다 ^^ 이제 제법 추워지는데 간단하게 만들어서 아이들과함께 아침식사 하고 출근 하세요  *유명하신 호텔 주방장님께 배웠답니다* 
감자브로콜리스프,밀가루로 농도를 내는 대신 감자를 넣어 좀 더 건강한 수프를 준비해보았어요. 감자가 들어가 든든하게 드실 수 있답니다.
감자스프,혼밥? 혼영? 요즘에 혼자하는 분들이 많으신 것 같아요. 바쁘 출근길에 5분이면 만들수 있는 감자스프를 소개할게요.
양송이스프,오랜만의 브런치로 무얼할까 하다가 오랜만에 양송이수프와 전부터 해 보고 싶던 클라우드 에그가 당첨되었습니다 ^^
포테이토크림스프,쌀쌀해진 요즘날씨.. 따뜻한 크림스프 어떠신가요?
감자스프,부드럽고  고소한 감자스프 입니다. 간편하게 만들어드세요. 
고구마스프,스프
브로콜리크림스프,주말 아침에는  왠지 브런치나 가벼운 스프가 먹고 싶다.   식사 대용으로 간단하게 먹기 좋은 브로콜리 스프와 사라다 빵   
완두콩스프,오늘은 완두콩수프를 만들어보았어요.
양송이스프,요즘 전부 감기때문에 고생이시죠. 저희 부모님도 감기 몸살로 일주일넘게  그래서 오늘은 목이 부으신 부모님을 위해 양송이 크림스프를 만들어 보았습니다. 조카도 좋아하는 스프! 전통ㅅ방식으로 풍미가 남다른 양송이스프!
토마토가스파초,신선하고 차갑게 즐기는 건강스프☆ 스페인 느낌 물씬!
크림스프,음식먹기전에 부드럽게 속을 데워주는 간단한 에피타이저!  세상의 모든 레시피 만개의레시피   
양파스프,양파가 싸길래 대량구매했더니 너무많아서 양파처치요리로 만들어봤습니당ㅎ
치즈생크림스프,밥솥 재가열 9분만에 완성하는 정말 간단한 스프! 밥솥으로 하면 솥에 눌러붙지 않고 세척하기 좋아서 팬보다 편해요. 파슬리를 넣으면 더 맛있어요 
감자스프,추운 아침  든든하게 배를 채워줄   건강식 코코넛 감자수프!  올겨울 따뜻하게 보내세요~  
단호박스프,얼마 전 장에 나갔는데요. 고구마를 사려고 했는데...이번엔 야채가게 총각의 말에 넘어갔어요. 오늘 단호박이 그렇게 달다고..너무너무 맛있다고 하면서 막 단호박을 생으로 잘라주는거예요. 생으로 먹어도 맛있다고 하시면서...근데 진짜 너무 맛나더라구요. ㅎㅎㅎㅎㅎㅎㅎ 그래서 덥썩!!집어왔습니다. 
단호박스프,평소 제가 정말 좋아하는 연예인중 한분이 미스코리아 이하늬씨인데요. 이하늬씨가 다이어트 음식으로 즐겨먹는다는 건강다이어트요리 '단호박스프'를 소개합니다
호두고구마스프,어느새 으슬으슬 추워지는 날씨가 되었어요. 저는 이런 날씨에는 호로록~ 따끈한 스프 한그릇 생각이 간절할때가 있어요. 마침 맛난 햇호두도 있고 쪄놓은 고구마도 있어서 그 둘을 넣은 따끈한 호두 고구마 스프를 만들어봤습니다. 불포화 지방산이 풍부해 두뇌에 좋은 호두와 제철인 식이섬유가 풍부한 고구마를 넣어 요즘같이 으슬한 날씨에 딱 좋은 호두 고구마 스프~! 건강한 한끼가 될수 있을것 같아요. 만들어보아요~
새우콘스프,중식 레스토랑에 콘 스프가 맛있어서 응용해서 새우로 밥솥에 만들어보았습니다  먹고 나면 몸이 따뜻해지는 부드러운 스프입니다. 짜장면이나 볶음요리 먹을 때 같이 먹으면 좋아요 
단호박생크림스프,단호박스프.. 굉장히 다양한 레시피가 존재합니다.. 생크림이나 우유등과 혹은 카레와  때때로 매운향신료와   각각다른 풍미의 야채들과도 베리에이션이 가능합니다. 그리고 대부분 맛이있죠!~~~~^^ 단호박생크림스프는 단호박자체의 단맛의 풍미와 생크림의 부드러움과 고소함이 잘어울려 맛과 영양이 꽤 좋은 레시피 하나죠.  얼마전 TV에서보니 두부가 성인에게 굉장히 좋은 식품이더라구요. 두부와 느타리가 성인 성호르몬에 좋은 식품이라는데요. 결국 노화예방과 방지  항노화식품이라는거죠. 그래서 집에있는 두부와 버섯까지 활용해서 단호박생크림스프 철저히 건강식으루다가 만들어 봤어요.   아침이면 남편이 먹고나갈 든든한 한끼식사라 단호박생크림스프 이것저것 많이 챙겨넣었습니다.  
게맛살미역스프,자극적이지 않고 순하고 부드러운 스프에요. 특히 많은 음식으로 인한 지친 속을 달래 줄 수 있고  국처럼 먹을 수 있는 깔끔한 맛의 스프!
프리카세,프리카세는 프랑스 가정식 치킨요리인데 크리스마스 홈파티 할때 가족과 함께 따뜻하게 만들어 먹으면 좋을거 같아요~ 닭고기의 부드러운 질감은 물론이고 버터와 크림소스이 고소한 풍미가 깊게 배여 있어 고급진 맛이 나 맛있게 즐길수 있으실거에요~ 프리카세는 우리에게 다소 생소한 닭요리지만 많은 분들이 꼭 한번 맛 보셨음 좋겠어요~
브로콜리스프,브로콜리 스프 만드는 방법입니다!
단호박스프,달콤한 단호박과 크림스프와의 만남인 단호박스프 만들어 봤어요~!!^^* 
어니언스프,프렌치어니언수프는 양파 그 자체로도 충분한 맛을 냅니다. 어니언수프의 양파를 볶을때 버터양이 너무 많으면 거품이 너무 많이 생겨 불순물을 걷어내기 힘들어질 수 있어요. 육수대신 물을 사용해도 괜찮아요~ 마늘바게트를 넣거나 함께 낸다면 추운 날 따뜻하게 몸을 녹여 주기도하고 든든해요.  양식실기출제문제집참고
스프,자취하는 형을 위해 카레를 만들었는데 거기다가 스프를 끓여서 스프맛이나는 카레를 해달라는 어마마마의 요청 때문에 제 맘대로 끓여본 요리가 맛있어서 올려봅니다
단호박스프,바야흐로 10월 말  친구들을 불러다 할로윈 파티를 열었다. 뭐니뭐니해도 할로윈엔 호박이라 단호박을 한통 샀는데  단호박이 아니라 그냥 호.박. 허여멀겋게 생긴 (단)호박은  맛이 없어도 너-무 없어서 대책이 필요했.. 결국 단호박 한통을 더 사서 스프를 해먹기로 했다. (단호박 한통에 4천원 무엇...?)  블로그 레시피를 뒤져보면  대부분 도깨비방망이를 가지고 스프를 만들던데 우리집은 그런거 없다...하.. 그래서 준비한! 믹서기로 단호박스프 만들기!  라고 쓰고 막노동..이라고 읽는답 ??_?? 
게맛살스프,시중에서 쉽게 구할 수 있는 게맛살.  길쭉한 맛살을 5등분해서 쭈욱 찢어 주고는 냉동새우  새송이버섯을 넣고  초간단으로 만든 게살스프입니다.  ?  육수 대신으로 치킨스톡으로 대신 해 주었습니다.  뭐 그냥 물을 넣으셔도 되고요  아니면 멸치육수도 괜찮습니다.
양송이스프,양송이와 채소들의 만남! 부드러움으로 목을 쓸고 입안의 부드러움이 가득찬 기분! 한번 만들어 볼까요?
토마토양파스테이크,요즘 다이어트에 열을 올리고 지방을 태우고 있는 불량엄마 소자매마미예요. 체계적인 관리도 받으면서 식단도 관리해야지 하던 차에 유리 고모부가 알려준 이나영 원빈의 #다이어트식단 #떠먹는스테이크 #토마토스튜 인데~ 맛있다고 알려주더라고요. 그래서 운동 시작했던 월요일 바로 만들어서 그날부터 먹고 있어요.
사과모짜렐라치즈스프,사과를 육수에 부드럽게 익혀 모짜렐라치즈를 얹어 먹는 스프로 몸을 따뜻하게 데워주고 편안하게 해주어요 ^^~ 바게트를 엊어서 먹으면 간단하게 한끼 영양식으로 안성맞춤인 스프에요~
버섯크림스프,호밀빵과 함께하는 부드러운 버섯스프. 닭가슴살을 넣어 단백질도 풍부합니다. 
양파스프,바쁜아침! 양파하나만으로 프랑스의 향기를 느낄 수 있어요! 만드는 법도 간단하고 누구나 쉽게 따라할 수 있답니다!
감자크림스프,앞서 포테이토로 만드는 샐러드를 했었고 포테이토로 크림수프를 만드는 과정입니다^^  크림수프를 만들때 넣는 부케가르니는 수프·스튜·소스 및 끓는 물 등에 향기를 주기 위해 넣는 향료식물의 묶음인데요^^ 파슬리 어린가지  타임  월계수 잎으로 만들었어요.  전통적으로 신선한 것은 묶어서 그냥 넣고  또 말린 것은 무명천으로 싸서 넣으면 돼요~  양식실기출제문제집참고
토마토양파스프,사워도우 빵을 만들어 브런치 식탁을 차릴때면 늘 빵과 곁들어 먹는 스프를 만드는데요.. 그 중에서도 영양가득하면서 빠른 시간안에 만들어 곁들어 먹을 수 있는 토마토 스프를 소개합니다. 다이어트나 입맛이 없을때도 간단하게 만들어 보세요. 
고구마스프,식이섬유소가 풍부한 고구마를  삶아 으깨 퓨레를 만들고 찹쌀등을 넣어 든든하고 따뜻~ 달달~ 맛있는  고구마스프를 만들었습니다.
고구마스프,집에 남았던 군고구마를 활용해서 만든 고구마 스프입니다~!!^^* 
콘스프,평소 따뜻한 콘스프를 좋아하는데요! 캔옥수수를 활용해 고소한 콘스프 간단하게 만들어 보세요
토마토스프,날씨가 쌀쌀한 요즘 간단하게 토마토 수프 만들어서 드세요! 이탈리아 요리 전문가인 마르셀라 하잔 (Marcella Hazan)의 3가지 토마토 수프 요리법에 한가지 재료를 더 추가해서 만들었습니다.
감자스프,아침식사 대용으로도 든든하니 좋고 부드럽고 고소한 감자스프를 만들어보았어요~!!♡♡♡ 브런치로 간단하지만 근사하게 해결할수도있고 우유가 들어가서 아이들도 너무 좋아하는 감자스프랍니다~!!♡♡♡ 우유의 고소함과 감자의 포슬포슬함이 너무좋은 감자스프 다함께 만들어보세요~!!♡♡♡
닭가슴살토마토스프,아주 간단하면서 든든한 한끼가 됩니다 
완두콩스프,고소하고 깔끔한 맛의 시원한 완두콩 스프  따뜻하고 부드러운 우유폼  짭짤하고 크리스피한 튀일. 정말 간단하지만 다양한 맛과 식감을 동시에 즐길 수 있는 스프입니다. 진짜 맛있어요! 10분이면 완성합니다! 
꽃게크림스프,담백하고 맛있어요 
누룽지크림스프,부드럽지만 든든하게 아침대용으로 안성맞춤!  세상의 모든 레시피 만개의레시피 
비프카레,오늘은 집에서 만들어 먹는 카레의 고급 버전이라고 할까요? 비프 카레를 만들어봤습니다. 우리가 흔하게 집에서 만들어 먹었던 카레! 대부분 돼지고기 등심 부위를 사용하셨을텐데요. 이번에 저는 처음으로 소고기를 사용해서 만들어봤습니다.
단호박고구마스프,찐단호박과 구운고구마로 스프를 만들었습니다.단호박을 간식으로 먹으려고 찜통에 쪘은데 숙성이 덜된 호박인지 영 맛이 없어서 맛있는 군고구마에 도움을 받았네요 ㅎ 부드럽고 고소한 요~ 스프로 아침 식사했습니다. 출출 할때 아이들 간식으로도 좋을것 같습니다.
시금치감자스프,채소 중에서 비타민 A가 가장 많은 시금치로 스프를 만들어보세요. 비타민A뿐만 아니라 칼슘  비타민C도 많이 있는 시금치와 감자  양파를 넣어 고소하고 달콤한 맛의 스프르다 만들어져요^^~
어니언스프,최소한의 재료로 만드는 프렌치 어니언스프입니다.
양송이스프,요리학원 다니시느라 힘드셧죠 ? 이젠 영상으로 몰랐던 꿀팁까지 !!  베테랑 요리선생님의 빨려드는 요리수업 ;)  양송이스프 배우러 고고씽 !  
허니버터새우,고소한 새우 크림 
단호박스프,굶어서 빼는 다이어트는 그만 ( 단호 )  이젠 단호박 스프 ★ 잡곡밥까지 !!!!!
감자스프,간단하게 만들수 있는 감자스프입니다. 04:23초 부터 영상 보시면 됩니다.
가스파초,가스파초는 스페인요리로 냉토마토스프라고 생각하시면 되요  이름만 어려울뿐 엄청 쉽고 맛도 어디서 먹어본 맛이랍니다.ㅎㅎ 
감자스프,하루종일 비가 와서 추웠던 날에는 뜨끈뜨끈한 스프가 생각이 나요. 아침에 일어나서 감자스프랑 간단하게 샌드위치를 만들어 먹으니 든든하네요^^
스프,팽이버섯 코코넷밀크 밀크 토마토로 만든 스프 입니다
토마토스프,쿨캣이 자주 만들어 먹는 간단하고 맛있는 토마토 수프입니다. 칼로리가 낮고 영양이 풍부해 다이어트에 좋은 토마토를  먹기 좋은 수프 스타일로 만들었어요. 토마토와 올리브오일이 어우러져 나오는 은근한  단맛과 은은한 풍미가 제법 근사하답니다. 그리고 무엇보다 좋은건 조리하는 시간이 달랑 2분~!! 바쁜 아침에 뚝딱 만들어 밥 대신 먹으면 든든하니 좋아요. 건강한 다이어트를 원하시는 분들께 강추합니다.
양배추토마토스프,양배추를 이용하여 스프를 만들어 보세요.^^
스튜,맛있는 예능! tvN '커피프렌즈' 백종원 대표가 유연석에게 전수해준 맛! 토마토 돼지고기 스튜 ♥~~ 빵에 찍고 밥에 비비고 … 자꾸 생각나는 맛! 
가스파초,안녕하세요 찬스키친입니다. 오늘 만들어볼 요리는 가스파초입니다! 토마토를 이용하여 만든 차가운 스프 가스파초를 만들어보세요! 시원하고 새콤하며 알싸한 맛이 무더위에 가출한 입맛이 돌아오게 해줍니다! 
감자스프,아침을 많이 먹지 않는 아이들을 위해 만들어  먹였던 감자수프랍니다. 한끼 식사로도 아주 좋지요. 바쁜 아침 전날 만들어 냉장보관 후 데워 먹어도 든든하답니다. 그럼 만들어 볼까요?
단호박스프,제가 예전 일본 가정식 식당에서 일하던 시절 만들었던 스프입니다 그 때부터 저의 최애 메뉴였는데요 좀 더 건강하게 제 스타일대로 바꿔서 만들어 보았어요 다이어트 하시는 분들  채식 하시는 분들은 우유를 두유로 대체해서 만들어 보세요 :) 
토마토강낭콩스프,부드러운 흰강낭콩. 거기에 파프리카. 샐러리. 등등 다양한 재료들을 함께 넣어 끓인 덕분에 먹는 재미를 한 층 더 더해주네요..... ♥
베이컨토마토스프,과일 대신 먹겠다고 사둔 토마토가 요즘 수박에 밀려 냉장고에서 잠을 자고 있네요. 그래서 베이컨과 함께 끓여 건더기 푸짐한 국물 요리를 만들었습니다. 이름을 붙이자면 베이컨 토마토수프. 애들아빠는 그냥 단독으로 토마토수프로 먹는것 보다 건더기가 푸짐해 밥에 비벼먹으니 딱이라고 하네요.
어니언스프,요즘 카페에서 어니언스프가 대세라지?  양파의 본연의 맛을 최고치로 느낄수 있댜규 ★  세상의 모든 레시피 만개의레시피 
옥수수스프,하루종일 에어컨 바람을 맞아서 그런지 여름에 오히려 따뜻하고 소화 잘되는 음식을 찾게 되는거 같아요 제철 옥수수로 따뜻하게 속을 편하게 해주는 스프를 만들어 보았습니다♡
감자스프,크루통만 얹어먹었던 감자스프는 놉~! 이젠 쫀득한 떡과 함께 즐기는 감자스프 구경오세요 ★  세상의 모든 레시피 만개의레시피 
땅콩호박스프,항암물질인 베타크립토잔틴과 암세포 성장을 억제하는 카로티노이드 성분이 많이 들어 있는 땅콩호박을 약도 치지 않고 직접 키운 것으로 화학첨가물이 전혀 없는 항암스프를 만들어 보았습니다. 
밤스프,아침식사 대용으로도 좋은 고소하고 부드러운 밤스프입니다 밤은 위장강화에 도움이 되어 위암 예방에 좋답니다 우유나 생크림 대신 두유 넣고 만든 밤스프인데 아이들 영양간식이나 이유식으로도 좋고 치아가 불편하신 어르신들 드시기 넘 좋답니다
콥샐러드스무디볼,암예방에 저염 만큼이나 중요한 과일과 채소라고해요. 보통 스무디볼에는 과일을 토핑으로 올리지만 콥샐러드를 착안해서 과일과 채소를 골고루 먹을 수 있는 스무디볼을 만들어봤어요. 색 마다 효능이나 맛이 달라 색색깔의 채소를 올렸어요. 아침식사 한끼로도 충분한 제철 과일 복숭아를 넣은 콥샐러드 스무디볼이에요.
스튜,아들 생일상에 올렸던 전지살 스튜 입니다. 수미네 반찬에서 최현석 셰프가 만들었는데 아이들  남편이 스튜 좋아해 자주 만들어 먹기도 하고 또 먹고 싶다는 요청에 아들 생일에  만들었어요. 복잡한듯 하지만 한 두번 해보면 그리 어려운것 같지 않아요. ㅎㅎ 시작해 볼게요.
단호박감자스프,쪄서 먹고 끓여 먹고 달달 든든 영양만점 단호박! 단호박은 비타민이 풍부해서  눈건강  감기예방에 도움이 된답니다. 대지의 사과로 불리는 감자! 감자는 고혈압이나 암을 예방하고 변비 특효약이래요. 단호박과 감자가 만나면 최고의 건강식이 되겠죠?
냉토마토스프,이제 거의 끝을 보이는 텃밭의 방울토마토로 수프를 만들었습니다. 날이 아직 더우니 시원하게 불없이 만들고 시원하게 먹는 토마토 냉수프입니다. 생마늘과 양파가 들어가 약간 매운 듯 알싸한 맛이 나지만 달콤한 과일잼 바른 모닝빵과 함께 먹으니 여름 한끼 식사로 충분히 굿~입니다.
땅콩호박스프,전에 롯데마트 갔다 땅콩 호박 모양이 신기해 사가지고 왔어요. 냉장고 롤치즈 송송 박힌 치아바타가 있길래 스프 만들어 같이 먹었답니다.
감자스프,손님들이 많이와서 대용량 감자스프 끓여봤어요. 중간맵기의 카레와 잘 어울렸어요.
감자스프,날 더우니  입맛없다는 가족들을 위해  휘리릭~  백종원레시피 참고해서 감자스프 만들었어요 
고구마스프,해피콜 엑슬림S 생기고 나서 요즘 소자매 간식 만들기가 훨씬 수월해지고 다양해지고 있어요. 수프를 종류별로 만들어내고 있다는~^^ 소자매가 좋아하는 #고구마스프 를 만들었어요.  ?
당근감자스프,당근이 냉장고에서 굴러댕기길래 감자스프에 넣었어요.
단호박감자스프,부드러운 담백한 영양스프~ 단호박*감자 하나로 홈파티 메뉴 탄생! 20~30분 투자로 3가지 메뉴 뚝딱! 아이 이유식 ok! 브런치 ok! 가볍게 한잔 ok!
단호박고구마스프,얼마 전 방문했었던 스파관리샵에서 차와 함께 내어 주었던 단호박고구마스프~ 차갑게 먹는 건 생각해보지 못했는데 너무 맛있어서 깜놀! 아이들 만들어줘야지 하던 차에 유리가 치과에 갔다가 충치 때문에 치아를 뽑았다. 아직 어린데.. 얼마나 아팠는지 엄마 가슴과 배를 다 쥐어뜯어놓은...유리도 울고 레비올라도 울고~ 아파서 퉁퉁 부은 눈을 한 큰아이 보니 속이 상한다. 그래도 진통제 먹이려면 뭐라도 먹여야겠기에~ 벼르던 단호박고구마스프를 만들었다.
감자스프,고랭지감자의 제철은 8월부터 시작됩니다. 그중 두백감자는 국물요리를 구수하고 찐하게 만들어 주지요.
게살땅콩잼스프,식감 대마왕 게살과 땅콩잼이 만나 벌이는 대환장 고소함의 극치.  이정도면 스프 끝판왕 인정? 어인정~!!
단호박스프,호박죽을 참 좋아하는데 손질도 어렵고 조리시간도 오래 걸려서 쉽게 구할 수 있는 단호박을 활용해 종종 대리만족 한답니다^^ 아침  저녁으로 쌀쌀한 요즘  단호박과 두유만 있으면 따끈하게 속을 데울 수 있어서 참 좋아요~
고구마크림스튜,농식품정보누리에서 제철레시피 따라하기 공모전을 진행하고 있는데요. 제공하는 레시피 세가지 중 저는 고구마 크림스튜를 따라해봤어요. 고구마와 닭고기와 크림과 이렇게 잘 어울린다니 많이 배우는 시간이 됐고요. 원 레시피도 너무 맛있지만 스튜에 기본적으로 빵을 곁들이는거 외에 저만의 고구마 크림스튜 꿀팁 4가지를 추가해서 보여드릴게요. 택해서 진행해보세요.^^
게살스프,한 끼 식사로 정말 든든한 중국식 게살스프를 만들어봤어요! 건강한 재료들만 넣고 만들었는데 이렇게 맛있다뇨!!! 저도 먹어보고 생각보다 깊은 맛에 깜짝 놀랐어요  육수 재료가 없으시면 치킨스톡으로 국물을 내도 되지만 뭐니뭐니해도 육수가 최고 아니겠어요?ㅠㅠ 바삭바삭한 누룽지를 부셔서 곁들여 먹어도 진짜 맛있을거 같아요!
고구마크림스튜,제철 농산물인 고구마를 활용한 가을철 따뜻한 요리입니다. 자취생이라 재료가 다양하진 않지만 꿀맛 보장합니다~   손이 많이 가는 것 처럼 보이지만 매우 간단하다는 사실! 썰고 볶고 크림만 넣어주면 끝! 한끼 뚝딱 해결이요~
고구마스프,냉장고에 고구마가 있어서 스프를 만들었는데 아침에 먹기에 든든하고 맛이 있어요
고구마스프,경기도 여주시의 특산물이 고구마  쌀  땅콩이지요. 요즘 햇 고구마와 땅콩이 나와서 여주에 가서 직접 사 왔는데 정말 맛있네요. ? 식사 대용이나 간식으로 먹기 위해 가끔 고구마를 삶는데 항상 넉넉히 삶아요. 먹다 남은 삶은 고구마로 간단하고 맛있는 아침 수프를 끓이거든요.
바나나스프,바나나로 만드는 스프 입니다. 
고구마단호박크림스튜,고구마&단호박을 같이 사용한 크림스튜~~ 단짠단짠한 스튜를 드셔보세요^^ ☆자세한 레시피는 깨쟁이블로그!
고구마크림스튜,농식품정보누리 제철레시피 따라하기 공모전에 참가합니다~! 제시된 레시피들 중에 가장 신선해보이고 독특해보여서 결정했어요:-) 실제로 만들어보니깐 맛도 너무 좋았구요! 기존 레시피에 저만의 팁을 더했더니 제 입맛에 딱 맞는 맛있는 고구마 크림 스튜가 완성되었답니다! 이 레시피를 통해 사람들이 더욱 많은 우리 농산물 고구마를 이용했으면 좋겠습니다. 감사합니다:-)
단호박스프,요즘 한창 제철이라 달고 맛있는 단호박으로 만든 단호박스프입니다 부드럽고 달콤해 목넘김이 좋아 아이들 이유식으로도 좋고 아침 식사 대용으로 드셔도 너무 좋답니다    
고구마크림스튜,아직은 이른 시기이지만 아빠가 심어놓으신 고구마를 직접 캐보고 그중 잘 익은 고구마를 골라 맛있게 크림스튜를 만들고 만화 속 예쁜 장면을 따라 플레이팅 해보았습니다
고구마닭가슴살스튜,제철 맞은 강화도노랑고구마와 부드러운 닭가슴살의 고급진 조화
고구마크림스튜,제철 고구마와 닭가슴살 캔 등 집에 있는 재료로 간단하게 만드는 달콤한 고구마스튜
단호박크림스프,단호박 크림 수프 (Sweet pumpkin Cream soup) 만들기  속이 뜨끈해지는 단호박 크림수프를 든든하게 빵 속을 파서 만들어 보았어요. 따뜻하고 속이 부들부들해지고 편안한 요리입니다.   
단호박스프,요즘 기온이 내려가고 아침저녁으로 춥네요  감기 그냥 넘어가도 괜찮은데  왜 이렇게 한 번을 건너뛰지 못하는 건지요  독감주사 맞으려고 했는데  열이 심하고 감기 기운이 있어서 또 예방접종을 못하고 기다려야겠네요 좋아하는 마늘 바게트랑 단호박스프랑 아침 한 끼 해결했어요 단호박도 맛있지만 생크림과 우유로 끓였더니 어찌나 고소하고 맛있는지요  입안도 깔깔했는데 한 그릇 먹고 조금 더덜어다 먹었다는요  ?     
어니언갈릭수프,달달 뜨끈!  환절기 보양식! 몸에 좋은 양파와 마늘 찬바람이 불때 꼭 챙겨먹어야 할 식품! 면역력 높이는 영양 한 그릇 수프~
팽이버섯코코넛밀크스프,팽이버섯 코코넷밀크 밀크 토마토로 만든 스프 입니다
사과단호박스프,면역력에 좋은 당근  사과  단호박을 넣어 만든 사과 단호박스프에요. 재료 마다 좋은 성분들이 있지만 세가지 재료 모두 베타카로틴이 함유되어 있어 노화를 억제하고 스트레스와 불면증을 해소해주고 면역력 강화에 좋은 재료에요. 전자레인지에 먼저 익힌 후 끓여 시간을 단축하고 든든한 아침메뉴로 좋은 사과 단호박스프 입니다.
단호박크림스프,냉동실에 잠자고 있던 단호박 소환~! 추운 날 따뜻하게 한그릇 어때요?
쌀미음,이유식 전문가와 함께하는 우리아이 이유식 초기단계 !!  알레르기 유발없이 걱정없이 먹일수 있는 방법까지 알려주는 시간!!  단계별로 배워 우리아이 건강하고 튼튼하게 이유식을 시작해보아요~!  세상의 모든 레시피 만개의레시피
병아리콩토마토스프,이탈리아 냄새가 화아악!! 토마토스프를 뭉근하게 끓여주세요 ★ 병아콩을 듬뿍 넣어 오늘의 담백질은 이걸로 충분해!!! 채소도 듬뿍 넣어 오늘의 건강폭팔 레시피 를 소개합니다!! 세상의 모든 레시피 만개의레시피 
순두부,겨울철 뒤뚱뒤뚱 건강 빨간불! 사랑받자 이쁨받자 다이어트 돌입 첫날 초간단 단백질 섭취~ 순두부!
단호박크림수프,파티 시작 전 애피타이저로 가볍게 술술 아침식사는 물론 으슬으슬 몸살 날때 아이 이유식 & 아이 간식 대용 제격! 초간단 단호박크림스프~ 이번 크리스마트파티 메뉴로 강추합니다.
감자스프,백종원의 요리 비책  감자수프 양파  사과에 이어 이번엔 감자 소비 촉진을 위해 백종원의 요리 비책 감자수프를 따라 해 보았습니다.
치킨크림스튜,메리크리스마스~ 고소 담백한 치킨크림스튜 트리 장식으로 성탄절 분위기 한층 up 아이들 간식 강추! 와인 안주 강추 강추!
토마토처트니,식빵에 잼만 발라먹었던 브런치는 놉~!  만들어 놓기만 하만 아침에도 저녁에서 활용 가능해서 굳굳 세상의 모든 레시피 만개의레시피
고구마스프,간식으로 사놓은 군고구마로 만드는 따뜻하고 달달한 고구마스프 에요. 따뜻한 색감과 달콤한 맛이 겨울간식으로 딱이랍니다!
감자스프,감자가루(감자전분 아님) 넣고 넉넉히 끓여두면 먹을 때 마다 꺼내어 우유 등으로 농도만 맞춰 끓이면 즉석스프가 뚝딱 완성되지요. 바쁜 아침이나 아이들 간식으로 편하게 즐기세요 
밤스프,식사대용으로 먹을수 있는 든든한 스프 레시피 ★  고구마와 맛밤으로 만들어 은은한 단맛이!!! 세상의 모든 레시피 만개의레시피 
비프앤베지스프,칠순 넘은 친정엄마가 그옛날부터 건강식으로 해주시던 서양스프예요.숲국이라고 하셨는데 세월을 앞서가셨던 엄마의 맛이 정통 서양의 맛입니다~ 식사대용 이유식 밥을 말아 국으로 먹으면 최고 입니다~~증말 맛있어요~~^^
매콤당근스프,몇년전에 쿠킹클래스에서 배운 레시피에요.  마지막에 입안에 남는 매콤함이 개운함을 느끼게 해주는 스프에요.
연두부계란탕,연두부로 만드는 중식풍 수프입니다. 계란물을 풀어 부드럽고 고급 중식당에서 맛 볼수 있는 그런 맛을 낼 수 있게 만들었습니다.
당근크림스프,당근이라고 하지 않으면 절대모를껄???? 당근농가살리기에 한 몫을 보탤 수 있는 당근레시피!  맛있어서 당근 싫어하는 사람도 당근인줄 모를꺼야~!  세상의 모든 레시피 만개의레시피
닭고기스튜,시판 스프가루 이용한 요리 입니다. -바쁜아침에 먹을 수 있는 따뜻한 한그릇 
중국식게살스프,부드러워 술술 고소 담백해서 술술 아침식사 대용으로 최고~ 손님 초대 메뉴로도 최고~~ 누구나 부담없이 즐기는 초간단 게살스프!
브로콜리이유식,처음부터 채소에 잘 길들어져야 편식없는 아이로 키울수 있어요!  초기이유식은 어떻게 해야할지 막막하셨죠?? 소아과 민아림 선생님 자세한 설명을 보고  우리아이 건강하게 이유식을 시작해보아요~!  세상의 모든 레시피 만개의레시피
브로콜리크림스프,아침대용이나 간식으로 좋아요 :) 
하이라이스,기름을 넣지않고 하이라이스를 만들었어요. 생각보다 맛있어요! 
인도식커리,인도음식점 갔다가 반해서 집에서 생각날때마다 만들어 먹으려고 만들었습니당!! 주변에 양고기 파는곳이 없어서 소고기로 만들었습니다 ㅜ.ㅜ
두릅스프,두릅은 두릅나무의 어린 순을 말하는 것으로 독특한 향기와 쌉싸래한 맛이 미각을 자극하는 봄나물이다. 너무 많이 자라면 뻣뻣하고 질겨 맛이 없다.  02:34초 부터 보세요.  * 두릅 손질법 * 1. 두릅의 가시가 있는 밑동은 자른다. 2. 밑동의 남아있는 껍질 부분을 제거한다. 3. 밑동이 크거나 굵으면 + 모양으로 칼집을 낸다. 4. 잔가시는 칼등으로 긁어낸다.
프렌치어니언스프,안녕하세요! 률입니다 이번엔 구하기 쉬운 양파를 주재료로 건강하게 달콤한 프렌치 어니언 스프 레시피를 가져왔어요!! 제가 넣은 재료들 없이 양파와 소금  육수만 있어도 충분히 맛있는 스프를 만들 수 있어요!! 양파의 진하고 달달한 풍미와 육수의 감칠맛으로 간단한 재료만으로 아주 맛있는 스프를 만들 수 있어요!!
게살스프,치킨스톡으로 간단하게 만드는 게살스프
양송이스프오트밀,양송이스프를 끓여서 오트밀을 만들었습니다 어머니와선자에게 주었습니다
토마토계란볶음,바쁜 아침 간편하게 속을 든든하게 해줄 토마토계란볶음을 만들어봤어요. 토마토는 열량이 정말 낮은 채소중에 하나인데요. 100g당 14칼로리 정도 된다고해요.  식이섬유가 풍부해서 다이어트에도 정말 좋다고합니다. 다이어트 중이시라면 따라해보세요.
감자스프,스프를 꼭 뜨겁게 먹으란 법은 없지!  차갑게 만들어 먹어도 맛있는 감자스프레시피!  스프와 토스트한 식빵으로 일요일 아침은 간단한 브런치로~!  세상의 모든 레시피 만개의레시피 
완두콩수프,완두콩수프입니다 
감자스프,즐거운 어린이날 보내고 계시나요? 긴 연휴의 마지막날이 되겠네요. 이젠 우리집에 어린이도 없고 청소년도 없고 성인만 살아서 특별한 일 없이 지냈어요. 그래도 기분인지라 내가 좋아하는 피자 2판을 먹었지요. ^^ 오늘 요리는 패스할까 하다가 급히 감자스프를 끓였어요. 감자를 갈아서 한건 아니고 건조감자플레이크가 있어서 5분 만에 완성했답니다. ?
비트생크림스프,밥솥으로 간단하게 건강에 좋은 비트 스프로 만들어드세요 
닭고기생크림스프,식용유없이 밥솥으로 닭고기 구워드세요 :) 맛있어요 
게살스프,간편식으로 좋고 속안좋을때음식추천하는 게살스프만들기 입니다
토마토생크림스프,밥솥으로 맛있는 스프를 
단호박스프,아침에 간단하게 하지만 영양가 높은 단 호박을 이용하여 스프로 만들어 든든하게 아침 한끼 해결하고 주말 아침을 상쾌하게 시작~~ 스프는 만들어서 냉장고에 보관 했다가 전자렌지에 다시 데워도 Okay\\~~~
콩가루생크림스프,정말 간편하고 든든해서 아침대용으로 좋아요 
짜장,카레도 한번씩 짜장도 한번씩 만들어먹음 좋지요
양송이스프,전 햇살 좋은 주말에 꼭 스프종류가 먹고싶더라구요! 근데 크림은 잘 안사게되서 대충 우유와 밀가루(통밀)로 만들어먹어요 :) 
크루통,스프에 곁들여 먹을 크루통을 미리 만들어 놓으려고 해요. ? 초간단 방법으로 에어프라이어를 이용해서 크루통을 만들어 볼게요.  버터와 설탕으로 만드는 버전도 있긴 한데 간식으로 먹을 크루통이 아니고 스프와 곁들일 크루통이라 심플하게 만들었어요.
닭가슴살토마토스튜,전에 커피 프렌즈 흑돼지 토마토 스튜를 보고 닭가슴살 넣어 만들었던 토마토 스튜 랍니다. 향신료가 많이 들어가 그때 구입한 덕에 자주 만들어 먹었어요. 닭가슴살을 넣어 차게 먹어도 괜찮더라구요. 향신료 구입하면 오래 사용 가능하기 때문에 구입해서 꼭 한번 만들어 보세요.^^    
브로콜리감자수프,우리나라 사람들은 수프에 익숙하지 않은 분들이 많은데요. 한번 만들어 먹다 보면 만들기도 편하고 먹기도 편해서 좋아하게 되는 메뉴 중 하나가 수프랍니다. 아침에 배는 고프지만 속이 더부룩하거나 챙겨 먹을 시간이 없어 거르는 분들이 많은데요. 브로콜리 감자 수프는 아침에도 호로록 금방 먹을 수 있는 메뉴인데다 소화도 잘 되니까 부담이 없더라고요.  부드러워 목 넘김도 좋고 고소하고 향긋한 맛 브로콜리 감자 수프
브로콜리감자스프,밀가루 없이 감자 브로콜리 양파만 있으면 끝!~
완두콩스프,오늘은 스프 시리즈#1을 만들어볼게용♥
감자스프,대장님 감자를 가져다 주셔서 모처럼 #감자스프 좀 만들어 봤습니다.  계량: 스푼-성인밥숟가락
콘치즈,뭔가 해먹기 귀찮거나 가볍게 무언가를 먹고 싶을 때 하면 좋은 요리예요^^
순두부그라탕,부들부들  부담없이 술술 넘어가는 순두부 브런치 메뉴ok 든든 간편 한끼식사로 추천 체중감량 다이어트식품으로도 좋아요^^&
미니밤호박스프,쪄서 먹으면 신기하게도 밤맛이 나는 미니밤호박! 그래서 이름도 밤호박인듯요. 호박이 칼로리도 낮아 다이어트로도 제격이라 밤호박스프를 만들어 가벼운 아침 시작해봅니다.
야채카레,노란색소 성분 커큐민이 함유되어 항산화 물질 세포의 산화 방지  염증 감소  치매 예방  혈당 조절에도 도움이 되는 카레!! 고구마  감자  당근  양파 거기에 옥수수콘까지 넣은 재미있는 식감의 야채카레!!
옥수수스프,요즘 제철인 옥수수로 옥수수스프 만들어보세요 맛있답니다
게살스프,주말 아침 조금은 간단하게 배부르지 않고 간단하게 한끼 뚝딱   정말 좋아요(게살은 없어서 크레미로 대체 했지만 중국집의 맛 거의 비슷해요)
단호박스프,단호박으로 무엇을 만들지 고민하다가 따뜻하고 달콤한 스프에 도전해보았어요. 간단하고 맛있는 단호박스프 알려드릴께요!
콘스프,콘 스프
당근스프,바쁜 출근시간에 빨리 먹고 영양도 갗춘 요리를 찻다 만들게된 요리에요 은은하고 맛도 고급스럽고 색감도 이뻐 만들게 되었어요
아보카도바나나스프,바쁜아침 손쉽게 준비하여 식사대용으로 저희집 식탁에 자주 올라오는 영양만점 아보카도 바나나_을 소개합니다 
가스파초,제가 너~~~무나 좋아하는 메뉴에요. 여름만 되면 꼭꼭 해먹는답니다. 재료도 간단하고  만드는 것도 블렌더 돌리는 것만 하면 되니 아주 간단한 편이에요! 저는 그릴드치즈와 함꼐 먹었습니다:)
단호박스프,어느 고급 레스토랑 부럽지않은 단호박 스프! 집에서 꼭 만들어 보세용 ?(? ???)?
고구마스프,다이어트를 위한 또는 맛을 위한 고구마스프를 만들어 보도록 할게요
고구마스프,집에 굴러다니는 맛없는 고구마 활용하는 방법 찾다가^^ 
토마토양파스테이크,2년 전쯤 다이어트 식단으로 만들었던 일명 떠먹는 스테이크 토마토 양파 스테이크 스튜예요. 이나영  원빈의 다이어트 식단으로 방송에 나와서 알게 된 레시피인데 저 요즘 다이어트가 시급해서 얼른 만들었어요. 고단백 저지방식 이나영  원빈의 다이어트 식단 떠먹는 스테이크 토마토 양파 스테이크! 양파  토마토  스테이크를 푹 끓여 토마토 스튜처럼 먹는 다이어트 식단이에요. 요즘 저탄고지 다이어트 많이들 하시는데 거기에 딱 맞는 식단이랄까요~  ?
생크림스프,아침대용으로 간단하게 콩국물 생크림스프 만들어서 든든하게 챙겨드세요 
채소스프,냉파가 제1 목적이면 냉장고 사정껏 넣고 다이어트용으로 건강식으로 약으로 만들고 싶다면 자신에 맞는 재료들 선별하여 넣어주세요.기름을 제한하고 있다면 기름에 볶지 말고 다시마/채수/육수 등에 채소들 넣고 푹 끓여서 만들 수 있어요. 
가지토마토스프,가지의 식감이 싫어 가지를 멀리한 분이라면 스프는 가지를 섭취하게 하는 좋은 방법이 될 것 같아요.
완두콩애호박스프,완두콩과 애호박을 끓인 가벼운 식감의 스프에 두부구이를 올려 든든한 한끼로 만들어 먹은 스프요리에요.
단호박두유,고소하고 속이 따끈따끈해지는 단호박두유/// 단호박자체의 단맛과 두유의 고소함이 잘어울려요 아침대용 건강식 이유식으로도 딱 좋은것같아요 쌀쌀한 날 이불 폭 감싸고 한모금 어떠세요?
콩스프,아침에 바쁠때 간단하게 후딱  건강하면서도 맛좋은 스프를 만들어봤어요. 집에 있는 재료로 누구나! 간단하게 만들 수 있어요. 고명은 아무거나 사용하셔도 됩니다 ^^  동영상을 참고해주세요^^
에그인헬,코로나로 앵그리>.< 슬기로운 집콕 생활 꿀팁! 빨간 맛 열풍~ 레드 맛을 즐겨라 ^.^ 내몸에 맞는 스트레스 해소법 공개 화끈 에그인헬 드시고 기분↑ 토마토소스 매력에 푹 빠져 볼까요?
게살카레,TV프로그램 '백파더'에서 나온 백종원 셰프님이 알려준 게살카레 레시피로 만들어봤어요. *저는 계란 빼고 만들었네용
야채스프,지난 해 이 맘때 서울에서 오래 마음 깊이 교류하는 집사님이 다녀 가셨다. 짧은 일정을 알차게 보냉 했기에 먼 길을 떠나신 그 분을 위해  나는 이미 몇차례나 다녀온 퀘벡 여행을 계획했다.  퀘벡에서 자유 석식이 있던 날  가이드의 소개로 랍스터를 먹으러 들어 간 레스토랑에서 나온 야채스프는 그 맛이 정직하고 담백했으며 살짝 크리미한 것이 탕처럼 생긴 야채스프를 몹시 싫어 하는 나의 마음에 쏙 들었는데 이 또한 먹는 것도 그저 먹는 걸로 즐기지 못하고 공부로 여기는 나의 나쁜 습성에서 기인한 살펴봄이 있었음을 이 자리를 빌어 야채스프에게 사과하는 바이다.  이국의 도시  비에 시달린 고단함  겨울만큼도 아닌데 뼛 속을 파고 드는 싸늘함을 지고 들어간 공간은 약간은 어둠 침침 했고 무명의 악사는 아리랑을 시작으로 아코디언을 연주하기 시작했다. 그 분위기에 싸여 나는 그에게 일등으로 팁을 주어 버렸으니 생애를 가로 질러 우리의 마음을 노골 노골하게 만드는 그 무엇이 속속 내 앞에 등장하는 그런 날이 자주 있기를 마음으로 바래 본다.  여행의 좋은 점은 새로운 풍경과 일탈  그리고 힐링이 있겠지만 무엇 보다도 돌아 온 집이 감사하게 느껴진다는 점이 있다. 고단한 몸을 누일 공간이 있음이 또 한번 감사한 그 날  찬 바람 이는 텃 밭의 야채들도 갈무리 해야 하겠기에 앞 마당에선 찌글 찌글 못생긴 당근을  뒷 마당에선 깻잎에 가려 스키니하게 자란 샐러리 한 대를 그리고 마침 Su의 집에서 뽑아온 근대를 다듬어 내 마음에 쏙 들었던 그 야채 스프를 재현해 본다. 
단호박스프,단호박을 쪘는데 너무 맛이 없어서 스프로 만들어 보았습니다. 생크림이 없어서 콩국물로 대체해 칼로리를 낮추고 담백하게 만들어 보았습니다.
단호박스프,추석명절에 제가 자주 해먹는 요리가 있는데요! 조금 특별한 방법으로 우유를 넣어서 정말 깊은 맛을 내는 또롱이네만의 특별한 비법이 담긴 단호박스프 레시피를 알려드릴게요! 아무래도 추석에는 이렇게 고소하고 영양이 가득한 음식을 하는게 좋겠죠?? 그럼 한번 따라해보실래요?^~^
감자스프,속 편한 감자 스프 :) 브런치로도 좋고  아이들 간식으로도 딱이에요~ 감자  양파  우유가 들어가 부드럽고 몸에 좋은 감자스프 만들어보세요!
비프스튜,서부뽕 맞으신 분들 한 번쯤 해드셈 출처는 밑에 동영상 추가
미네스트로니수프,미네스트로니 수프는 이탈리아 밀라노식 수프라는 뜻으로 토마토  마늘  파  베이컨  껍질콩  스파게티 등을 넣고 끓인 걸쭉한 채소 수프입니다.  시험시간: 30분  <요구사항> 1. 채소는 사방 1.2cm  두께 0.2cm 정도로 써시오.  2. 스트링빈스  스파게티는 1.2cm 정도의 길이로 써시오.  3. 국물과 고형물의 비율을 3 : 1 로 하시오.  4. 전체 수프의 양은 200mL 이상으로 파슬리가루를 뿌려내시오.
감자크림스프,감자샐러드활용 크림스프활용 크림감자스프만들기  감자샐러드가 있고 크림스프가루가 있어서  두개를 섞으면 감자크림스프가 될 것 같아서 섞어서 만들어 보았는데  ?  진장 부드러우면서도 감자가 중간 중간 씹히는 느낌도 있으면서  옥수수콘도 있어서 더욱 부드럽고  맛있는 스프가 되더라구요.  ?  그냥 크림스프만 하려고 하다가 감자샐러드를 넣었더니  오히려 더 맛있었습니다. 새로운 발견이지요.
양송이버섯스프,안녕하세요? 밥심은 국력입니다. 양송이버섯은 면역력을 길러주고 버섯 중에 단백질 함량이 가장 많아요. 베타글루칸이 풍부하여 혈전 생성을 억제해주고요. 또한 트립토판이 풍부하여 당 독소 배출에 좋구요. 에르코티오네인 성분은 혈관의 유해물질을 청소하고 혈액순환을 원할하게 해주는 역할도 하지요. 양송이 버섯 고르는 법은 갓이 많이 피지 않고 둥근 것이 좋으며 갓과 기둥 사이의 피막이 터지지 않고 붙어 있는 것이 좋아요.
크림스프,크림스프를 만들고 싶어서 만들어봤어요~~~
브로콜리스프,전날에 끓이고 다음날 아침에 먹기 좋은 메뉴가 뭐가 있을까 하다가 만들어 봤습니다
표고버섯크림스프,추운날 스프한그릇 호로록 떠먹으면  몸이 사르르륵 녹잖아요!  양송이로 많이 만드는 크림스프를  표고버섯으로 만들어 보았어요!  표고버섯크리스프로 추운날 감기 조심하세요!  세상의모든레시피 만개의레시피 
게맛살계란스프,인기 식재료인 게맛살과 계란을 이용해서 부드럽고 담백한 게맛살계란스프를 만들어 보았어요. 포만감이 있어서 식사 대용으로 먹기도 좋아요^^
감자스프,안녕하세요  찌녕이맘 입니다:) 백수로 일주일 지내는동안.......ㅎㅎ 신랑 아침을 하루빼고 차려준듯 해요 ! 근데   요마침 백종원 감자스프만들기에 대한 내용이 나오더라고요! 그래서 감자사서 한번 만들어 봤어요
토마토소스,저가 피자를 만들려고 하는데 집에 토마토 소스가 없어서 마트에서 사기 귀찮고.... 또 그래서 토마토 소스를 만들어 봤어요~!
배추스프,액젓을 사용한 배추 스프 입니다.  02:46초 부터 보세요.
고구마스프,쪄먹는 고구마로는 줄지 않는 고구마 한박스.. 열심히 소비하기 위해 부드럽고 맛있는 고구마 스프 입니다.
크림수프,크리스마스  연말 홈파티 애피타이저~ 브런치  아침식사 대용으로 좋은 크림스프~!!
크루통감자스프,저는 감자를 좋아하지 않아 그간 요리를  다양하게 하질 않았어요 근데 저번에 감자를 너무 많이 시키는 바람에 의도하지 않았던 음식들을 이것저것 만들면서 감자와 조금 친해졌죠  그래서 이번엔 감자스프를 만들어 봤어요 스프는 파는 소고기스프만 좋아해서 굳이 스프 만들 생각은 잘 안했죠  그러다 갑자기 감자로 만들고 싶더라고요 감자스프 위에 올리는 크루통도 맛있을꺼 같아 더 만들고 싶었죠ㅋ  일단 감자스프를 만드는 방법은 제 나름대로 간단하게 생각해서 만들어 번거롭지  않아서 괜찬았어요 거기에 맛도 생각보다 맛있더라고요 속도 든든 하고요  크리스마스날 스프를 만드신다면 고소하고 부드러운 감자스프 딱 어울리는 음식으로 적극 강추 드리니 맛있게 해드세요^^  행복한 크리스마스 되세요~♡
감자스프,집에 있는 감자  어떻게 활용할 수 있을까?! 하다가 알게 된 감자스프. 따뜻하고 부드러운 감자스프 겨울날 아침에 든든하고 따뜻하게  감자향 가득 고소하고 담백한 스프 정말 좋더라구요. 
머쉬룸스프,부드럽고 고소한 머쉬룸스프 만들기~!!
감자스프,아침식사용 감자스프 만들기 요즘처럼 몸도 마음도 추울때  따뜻한 아침요리로 감자스프만큼 든든한 레시피도 없는것 같네요 TV보다가 편스토랑 류수영 감자스프를 만들어 봅니다 함께 만들어 볼까요~~~
감자크림스프,이건 일상 휴식을 즐길때 좋은 스프입니다.
홍게살스프,홍게살 넉넉히 넣은 맛남의광장 홍게살스프 아침에 따뜻하게 한그릇 담아 내 호록 호록 먹음 좋더라구요 표고버섯이랑 청경채 곁들였더니 중식당 코스요리 게살 스프 느낌도 나는 간단하면서 제법 그럴싸한 요리가 만들어 졌어요 맛남의 광장 홍게살스프 카나페 만드는법
토마토계란스프,음요레시피 토마토 계란 스프 간단레시피  
크루통,식빵 한 줄을 구입하면 며칠을 두고두고 먹는데 유통기한이 촉박할 때쯤 서둘러 먹기 시작합니다.  유통기한이 며칠 지나도 먹어도 된다고 하는데 저는 유통기한이 지난 식재료는 쳐다보지도 않습니다.  다 먹지 못할 듯한 식빵은 처음부터 냉동 보관해서 먹고 싶을 때 냉동실에서 꺼내 해동시켜 먹으면 된다지만 저는 그렇게까지 하면서 식빵을 오랫동안 냉동실에 보관해서 먹고 싶지는 않습니다.  제가 좀 까탈스럽죠?  집에 먹고 남은 애매한 식빵이 있어서 크루통 만들어 먹었습니다.  제 개인적으로 식빵 요리 중에서 크루통이 제일 쉬운 요리가 아닐까 싶습니다.  제가 지금부터 알려 드리는 크루통 만드는 법을 보시면 정말 식빵 요리 중 크루통이 제일 쉬운 요리라고 생각할 수도 있습니다.  그럼 지금 바로 크루통 만드는 법을 알려드립니다.
단호박스프,유명레스토랑에서 인기있는 단호박스프  집에서도 간단히 맛있게 만들어보세요 베타카로틴이 풍부한 단호박은 항산화제가 많아 영양도 많고 고소한 생크림과 두유로 맛을 내 소화도 잘되고 따뜻하고 든든한 한끼가 된답니다 국내산을 사용하셔서 껍질 채 드시면 풍부한 비타민과 미네랄도 맘껏 취할 실 수 있어요
양배추스프커리,1/4통남은 양배추 처리겸 스프커리를 만드려보려한다. 
호두냉스프,호두에는 불포화지방산이 풍부하며 두뇌 건강과 피부에 좋은 식재료입니다. 호두를 이용한 간단한 냉스프입니다. 고소한 맛이 일품입니다.  01:15초 부터 보세요.
비트스프,혈압에 좋다는 비트와 크림스프를 활용해서 간편하게 만든 비트스프 만들어 봤어요~!!^^* 
양송이스프,빵을 좋아하시는 분들이라면  든든한 아침식사를 원하신다면  양송이 스프와 함께 즐기시는건 어떠세요?
닭고기야채스프,야채듬뿍 따뜻하고 힐링되는 닭고기 스프  다이어트로도 제격이에요
애호박크림치즈스프,지방 6~8%의 크림을 원료로 숙성이 되어 있지 않아 맛이 부드럽고 매끄럽다. 특히 미국에서 인기 있는 치즈이며  일반 치즈와 달리 짠맛 대신 약간 신맛이 나고 끝 맛이 고소하다. 수분 함량이 높고 지방이 45% 이상 들어 있는데  지방 함량이 65%를 넘으면 더블 크림치즈라고 한다. 발효에는 보통 스타터와 레닌을 함께 사용하지만 더블 크림치즈는 스타터만으로 발효시킨다. 쉽게 상하기 때문에 빨리 먹어야 하고  카나페  샌드위치  샐러드드레싱  디저트 요리  쿠키  치즈케이크 등의 재료로 사용한다.  02:50초 부터 보세요.
소고기야채스프,전에 만들었던 영혼을 달래주는 닭고기스프의 응용편! 소고기로 만드는 야채스프입니다
게맛살스프,사다 놓은 게맛살이 있길래 아침메뉴로 스프 만들어 _어요~
단호박스프, 인기만점 채소인 단호박을 이용해 프랑스 스타일 단호박 크림스프를 만들었어요. 미슐랭 투스타 프랑스셰프 기사부아의 레시피에요. 부드럽게 만든 마늘을 넣어 맛이 더 깊어요. 1812년 영국에서 출판된 요리책 The professed cookbook에 호박 크림 스프가 프랑스가 기원이라 나와있답니다.
옥수수스프,옥수수캔으로 간단하게 부드러운 옥수수스프 만드는 방법 
양송이스프,안녕하세요 집에서 아이에게도 좋고 어른들에게도 좋은 버섯요리 양송이 스프을 한번 만들어봤습니다. 
고구마스프,찐고구마를 이용한 간단한 스프 만들기 https://mangoistree.tistory.com/
어묵게살스프,삼진어묵레시피공모전 준비하면서 만들게 되었는데요. 어묵에 필요한 소스가 있으니 간편하고 너무 좋더라고요. 게살스프를 응용해서 만들었구요. 아이 먹기도 좋고 바쁜 아침에 후다닥 할 수 있는! 요알못도 쉽고 맛있는 어묵게살스프입니다.
이탈리안빈스튜,본 레시피는 제품을 지원받아 작성되었습니다. 쿠쿠 트윈프레셔로 고압 잡곡 모드 / 무압 건강죽 모드로 만드는 이탈리아 빈스튜입니다.  http://bit.ly/3rxD10H 
프렌치어니언스프,[1분레시피영상] https://youtu.be/rlEXxjQWLB8 힘들 때 먹으면 힘나는 정성스러운 프렌치 어니언 스프 끓이기
감자스프,생각보다 만들기 간편하고요.  크루통까지 만들어서 올렸더니 식감도 좋았어요.  식전 코스로는 살짝 무거운 감은 있고-  부담없는 아침 식사로 괜찮을것 같더군요!
감자브로콜리스프,아이 이유식 만들고 남은 브로콜리로 스프를 만들었어요. 할때는 귀찮다 싶다가도 만들어놓으면 간단히 데워먹으면 간단한 아침식사로 손색 없답니다 :)
서리태감자스프,몸에 좋은 서리태를 어떻게 먹을까 고민이신가요? 따뜻하고 부드러운 감자스프에 넣어보세요. 서리태의 구수한 맛이 더해져서 감자스프가 더 맛있어진답니다. 든든한 아침식사로 추천해요.
호박수프,[호박의 효능] 암 예방  부종 완화  불면증 개선  체중 감량  당뇨식단에 적합 호박에는 비타민A  B  C와 칼륨  칼슘  마그네슘  철분 등 영양분이 골고루 들어 있고 지방과 단백질이 많은 우수한 식품입니다. 
오리누들스프,건강한식 더비비고 영양오리백숙을 활용하여  더운 날 기력 증진에 효과적인 오리를 남녀노소 부담없이 드실 수 있는 스프입니다!
단호박닭고기스프,소화기관이 약해 아침식사가 부담되시는 분들에게 추천합니다 속도 편하고 영양가도 좋은 음식이랍니다. 해드셔보세요~ 아기 이유식에도 매우 좋습니다
콩수프,크림파스타보다 고소함을 담은 콩스프!  콩을 싫어하는 사람도 콩스프 매력에  푹~! 빠지는 콩스프 & 콩파스타!   고소한 매력에 푹! 빠져보세요! 
크레미스프,영양식 크레미스프 만드는 방법입니다. 
양송이크림스프,맛남의 광장에서 백종원님이 충남 부여 특산물 양송이버섯을 이용해 만든 양송이 스프를 따라해보았어요. 인스턴트 크림 스프를 활용해 간단하면서도 레스토랑 부럽지 않은 맛!!
썸머냉스프,더운 여름엔 시원한 냉스프 한 사발이 땡김! 주스인지 가스파초인지 헷갈리지만 여름 과일 자두를 넣어 더 상큼하고 달콤하게~ 싱그러운 브런치로 즐겨요♥  세상의모든레시피 만개의레시피
양송이스프,가벼운 아침식사나 브런치로 즐기기 좋은 스프 한 그릇  양송이버섯 사다 둔 게 있어서 아침 일찍 출근하는 신랑을 위해 따뜻하게 준비해보았어요.  노릇하게 구운 빵과 함께 곁들이면 맛있고 든든하니 참 좋아요.
크림스프,돈까스가 너무 먹고 싶던 날이었어요. 그렇다고 식당가서 먹고 싶지는 않아서 냉동실에 냉동돈까스가 생각났어요. 돈까스만 튀겨먹기엔 아쉬워서 크림스프와 돈까스소스까지 만들어서 돈까스정식으로 제대로 만들어서 먹었습니다. 직접 집에서 크림스프도 만드니 더욱 맛있었어요. 아이들도 너무 좋아하는 크림스프와  돈까스소스를 만들어서 돈까스정식 만들어서 드셔보셔요!
감자스프,감자스프 만들기는 누구나 간단하게 만들 수 있을뿐더러 간식  식사 대용으로  부드럽고 따뜻하게 먹기 좋아요.
감자스프,찬바람 부는 날 저녁에 딱 어울리는 심플한 감자스프 만들기 들어갑니다. 부드럽게 끓여주는 감자스프에 생크림없이 우유없이 끓여주는 감자스프의 매력이 떨어지는 듯하고 간을 파마산 치즈로 소금과 함께하므로 진한 감자스프의 맛이 너무 좋답니다 ?
해독수프,급하게 살뺄일 있다면?! 내몸에 디톡스가 필요하다면 따라해보세요!! 저도 한번 해봤는데 효과...장난아니에요!!
감자수프,아침식사로도 좋고  간단하게 만들수 있는 감자요리. 든든하게 한그릇 먹고 출근하면 하루가 속이 편하다.
게살스프,중식당에 가면 게살스프를 판매하는 것을 볼 수가 있는데요.  게살스프를 집에서 간단하게 만들 수 있는 방법이 있습니다.  바로 집 앞에 있는 마트에서도 쉽게 구할 수 있는 크래미만 있으면 간단하게 만들 수 있습니다.  게살스프를 만들기 간단하기 때문에 바쁜 아침에 만들어 먹기 좋습니다.   바쁜 아침에 언제 만들어 먹어?라고 생각할 수도 있는데요   보는 것과 달리 생각보다 만드는 법이 간단하기 때문에 빵으로 끼니를 해결하는 것 보다 더 든든하고 영양만점일 듯합니다.  그럼 지금 바로 게실스프 만들기 시작합니다. 
해독스프,몸의 독소를 배출한다는 해독주스!  채소의 은은한 단맛이 잘 배어있어  가볍지만  든든하게 먹을 수 있어요!   세상의모든레시피 만개의레시피 
옥수수스프,따뜻한 하루를 여는 스프 한스푼  달콤한 옥수수통조림과 우유  생크림으로 부드럽고 간단하게 만들어 봐요~
두부스프,콩을 물에 담갔다가 갈아 그 액을 가열하여 비지를 짜내고 응고제를 첨가하여 굳힌 식품이다. 남은 두부로 만들 수 있는 맛있는 두부요리입니다.  03:49초 부터 보세요.
맛살스프,맛살이 남아있을때 해먹기 좋은 요리예요 재료들이 부드러워서 술술 넘어가요 스프 한접시에 영양 가득! 같이 만들어보시겠어요?
옥수수스프,삶아먹고 남은 옥수수가 남아 찐고구마를 넣고 옥수수스프를 만들어 보았다. 간단아침식사로도 좋고 아이간식으로 좋은  영양식이 될것 같다.
감자스프,집에 감자가 많으시면 감자스프 어떠세요? 부드럽고 고소하고 든든하니 딱이예요'-^)b 같이 만들어봐요!
단호박스프,바쁜 아침에 먹기좋은 스프를 만들어서 먹으면 좋겠죠 다이어트나 락토 비건 음식이기도 하네요.
옥수수스프,옥수수는 비타민과 칼륨  철분  무기질이 풍부하고 옥수수 씨눈에는 필수지방산인 리놀레산이 ?풍부하게 들어있어 콜레스테롤을 낮춰주며 동맥경화 예방에도 도움을 줍니다. ?캔옥수수는 사계절 요리에 간편하게 사용할 수 있어 더욱 좋은데요. 오늘은 콘스프라고 할 수 있는 초간단 콘크림을 만들어 볼게요. ?만개의 레시피에서 보고 따라 만들어 봤어요. 그럼 보시죠.
감자스프,영양만점 부드러운 감자스프 모닝빵 샐러드와 함께 간편하게 아침에 드셔보세요~^^
양파스프,프랑스식 양파스프를 새우와 함께 맛있는 스프로~~. 시간은 좀 걸려도 정말 맛있는 스프. 빵에  밥에 모두 좋아요.
감자스프,제철에 사 둔 감자가 남아서 감자스프를 한가득 만들어 두고 간편하면서도 영양가 있게 아침식사를 챙기려고 만들었어요. 더 적은 양을 원하시면 레시피를 참고해서 양을 줄이세요.
버섯감자말이,평소 양송이 스프를 좋아하는데  느타리 버섯으로 스프를 하면 어떨까 하는 생각에 백선과 순정을 활용해 버섯 스프를 만들게 되었습니다. 감자로 버섯을 말아 구우면 간단한 요리가 될 것 같아 간단하게 만들어 보았습니다.
게살스프,* 이 레시피는 2020년 10월 환절기를 이겨내는 따듯한 표고버섯 스프라는 주제로 농촌진흥청 SNS요리 컨텐츠로 제공한 레시피 입니다 * 
단호박스프,버터에 볶은 양파의 고소한 풍미가 좋은 쉬운 단호박 요리
단호박스프,요즘 한창 제철이라 단호박요리 많이 만들고 있는데요  부드럽고 촉촉하니 달콤한 맛이 좋은 단호박스프 만들기 해봤어요. 속도 편안하게 해주어서 간편 아침식사로도 좋고 빵을 콕 찍어먹어도 좋고 암튼 전자렌지에 단호박 찌는 법 쉽고 간단해서 뚝딱 만들 수 있었네요. ?
토마토스프,맛있고 건강한 토마토 수프를 만들어 건강한 다이어트 한 끼 식사를 했습니다.
광어연두부스프,광어와 연두부로 가볍게 먹을수 있는 부드러운 스프를 만들어 봤습니다  광어만 있으면 쉽게 요리 할 수 있습니다 영양가 있는 간편식으로 좋습니다 아침 식사 대용이나 환자식 또는 해장국으로도 아주 좋습니다
양송이스프,부드럽고 고소한 양송이스프. 빠네 빵 속에 담아주면  크리미한 스프를 떠먹는 재미   빵을 스프에 콕 찍어먹는 재미. 먹는 재미가 두 배입니다.
감자스프,류수영레시피에서 힌트 얻어 만든 감자양배추스프
게살스프,홍게살 사둔 게 있어서  간단하게 후다닥 아침식사 메뉴를 준비했어요.  뜨끈하게 먹고 나면  하루 종일 속도 편하고 든든해요.  이름만 들으면 중식 레스토랑에서 먹던 요리라 만들어 먹기 어려울 것 같지만 집에서 누구나 쉽게 만들 수 있어요.
고구마스프,스프는 부드럽고 고소해서 입맛 없는 아침에 먹기 좋은 메뉴죠? 특히 주말 아침에는 늦잠 자고 일어나 여유부리다 보면 아침 먹는 시간이 늦어지기 일쑤잖아요. 이럴 때는 간단하게 만들어 먹을 수 있으면서도 속이 편한 메뉴가 최고죠.   ?고구마스프는 바로 이럴 때 딱 어울리는 메뉴예요. 
고구마스프,식어버린 찐 고구마를 가지고 고구마수프를 만들었습니다. 재료는 별다른 거 없이 양파  버터  우유 그리고 한 끼 식사로 먹을 수 있게 찐 찰옥수수를 넣고 함께 끓여주었습니다.
감자스프,갑작스럽게 감자에 싹이 나거나 썩을 조짐이 보일 때 한꺼번에 처리하기. 으깬감자를 해동해서 아침식사로 간단하게 감자스프 해드세요 
계란스프,자주 해먹는 달걀스프입니다.  한식.중식.양식 어디에도 잘어울리는 ~~편한스프입니다~^__^ 아이들도 좋아합니다.입안에서 부드럽게 넘어가고  전분가루를 풀었기에 따뜻함을 오래 보존하여  겨울에 든든합니다☆ 또 여름엔 차갑게 냉장고에 두시고 차갑게해도 맛잇어요☆
토마토스프,워맨스가 필요해 tv 프로그램에 나온 배우 오연수님 해장 레시피
단호박스프,진하고 맛있는 집에서 만든 단호박 스프! 가볍지만 든든한 한끼!
클램차우더스프,바지락살로 간편하게 만든 조개스프에요~^^
늙은호박스프우유,다른 재료 없이 늙은호박  버터  치즈만 들어가서 느끼할수도 있습니다. 느끼한 거 싫어하시면 버터  치즈는 절반으로 줄여서 만들어 보시고  후춧가루를 조금 넣어 보세요. 
게살스프,아침식사대용으로도 좋은 게살스프를 크래미로 만들어봐요.
치킨스프,추운겨울 뜨끈하고 든든한 치킨스프 어떠세요? 밥  칼국수  달걀 어떤 재료를 넣으냐에 따라 다양한 모습으로 바껴요 간단하게 감칠맛 있는 스프를 먹을 수 있으니 꼭 해보세요^-') 
감자스프,날씨가 추워지니 따뜻한 스프가 생각이 나서 만들어본 감자스프에요. 체다 치즈를 넣었더니 감자 향 반  체다 치즈 향이 반 나는 스프가 완성되었어요. 체다 치즈향이 싫으신 분들은 체다 치즈양을 줄이시면 좋을 것 같아요. 크루통을 좋아하는 편이라  크루통도 올려주고  베이컨도 올려주니 든든한 한 끼로 좋더라고요. 
양송이버섯스프,바쁜 아침에 손쉽게 요리할 수 있고 찬바람 부는 요즘에 어울리는 양송이버섯 수프를 준비했어요.
게살스프,몇년전에 냉장고를 부탁해 최현석 쉐프가 소개한 초간단 게살스프입니다. 초간단 재료  완전쉬운 레시피지만 맛있어서 자취생들께 추천드립니다.
당근스프,어제 당근 수프를 만들어 먹었는데요. 너무 맛있는 거예요. ㅎ  레스토랑에서 먹던 그 맛~~  일단 색깔이 너무 예뻐서 대만족이고요  당근이 건강에 좋은 슈퍼 푸드인 건 알지만 먹기 쉽지 않은 야채 중에 하나에요.  생으로 먹으려면 딱딱한 식감 때문에 아이들이 싫어하는데요  당근 먹기 싫어하는 아들도 너무 맛있다며 한 그릇 뚝딱 먹더라고요.
토마토스프,오늘은 토마토와 스파게티소스를 활용해서 따뜻한 토마토스프와 빵을 먹어보려고요. 별다른 재료 없어도 토마토  스파게티소스  슬라이스치즈  햄  양파정도만 있으면 빠르게 끓여낼 수 있어서 좋아요. 생각보다 맛도 정말 좋거든요? 한번 보러 가 보시죠.  
고구마스프,아침대용으로 먹는 고구마 스프
게살스프,크래미를 이용해 간단하게 게살 스프를 만들어 보았어요. 부드러우면서도 감칠맛 가득한 게살스프라 부담없이 먹기 좋아요.
감자스프,오늘은 생크림없이 우유만으로 감자스프 만드는 간단버전이예요 루없이 감자스프 만들때는 대파 흰부분을 넣어주면 풍미가 더 풍부해지니 꼭 넣어주시기 바래요~ 감자스프는 부드럽고 식사  간식 대용으로 따뜻하게 먹기 좋은 것 같아요 요즘같이 추운날 먹음 더 맛있는 메뉴이기도 하고요 부담없는 아침식사로 너무 좋은 감자스프 크루통까지 올리면 더 맛있게 드실 수 있으니 그것도 함께 소개해드릴게요
게살스프,후루룩 후루룩 잘 넘어가는 게맛살을 이용해서 게맛살스프 만들었어요 게맛살스프는 어린 아이나 어르신들도 드시기 좋고 환자식으로도 좋은 것 같아요~
단호박스프,신랑이 지인께 받아온 단호박 한덩이로 우유를 넣어 부드럽게 스프를 만들어봤어요 목감기로 아픈아이들에게 영양만점에 부드럽게 먹일수있어 좋네요
게살스프,스프 어렵지 않아요. 냉장고에서 굴러 다니는 재료로도 충분히 맛 좋은 스프를 만들어 먹을 수 있답니다. 마침 크래미와 팽이버섯이 있길래 담백하면서 든든한 스프 한 그릇 만들어 봤어요. 별거 없지만 맛은 제대로라 간단하게 뜨끈한 국물요리로 즐기기에 좋을 것 같아 소개해 봅니다. 
미네스트로네스프,토마토주스를 이용해 간편하게 만드는 이탈리아 전통 스프 미네스트로네 만드는 법이에요.
단호박스프,다이어트에 좋은 단호박스프 만들기에요~^^
토마토스튜,맛있게 간이 되어있는 수비드림 닭가슴살 큐브를 사용해 더욱 부드럽고 따뜻하게 먹을 수 있는 스튜 ! 겨울에 딱 어울리는 닭가슴살 토마토 스튜입니다~
어니언그라탱수프,촉촉한 양파스프를 머금은 빵을 떠 먹으면 쭉쭉 늘어나는 치즈가 풍미를 더해줘요~^^
밤호박스프,포근포근 밤맛 나는 밤호박으로 따뜻하고 맛있는 영양 스프를 만들었어요.
표고버섯스프,향미가 풍부하고 씹는 맛이 일품인 표고버섯은 살짝 익혀서 버섯만 먹어도 좋습니다 표고버섯으로 조금 색다른 스프 한번 만들어 보세요. 
호박스프,늙은호박으로 가볍게 먹을수 있는 호박스프를 만들었습니다.
감자스프,오늘은 감자와 양파  우유! 이렇게 간단한 재료로 감자스프를 만들어 봤어요. 부드럽고 고소한 감자의 풍미가 한껏 느껴지더라고요. 냉동실에 있던 크루아상을 데워서 함께 먹었더니 홈브런치로 손색이 없어요. 크루아상을 뚝뚝 뜯어 감자스프에 찍어서 먹으니 든든하고 맛있네요. 
고구마스프,요즘 단 맛을 자랑하는 고구마로 스프를 끓여 간단 아침식사로 고구마 요리를 만들어 보았다. 포만감도 느껴지고 속도 편해서 오전 시간동안  속이 든든했다.
당근스프,겨울 아침에는 따끈한 스프가 제일이지요. 조리법이 간단하고 쉬워야 바쁜 아침에 뚝딱 만들지요~ 요즘 항암에 좋다고 화제가 된 당근으로 당근스프 자주 만들기로 해요.
버터옥수수감자스프,여름에 쟁여둔 옥수를 기지고 갈아서 스프를 만들었어요 감자들어가 더 깊은맛을 느낄수있는 스프 만드는법 버터향 가득한 옥수수 감자 스프
고구마스프,겨울이면 고구마 한 상자 정돈 꼭 사다 놓고 먹곤 해요. 구워서도 먹고 쪄서도 먹고 튀겨서도 먹고 여러가지로 해 먹기 좋은 간식이죠. 이번엔 부드럽게 먹을 수 있는 스프를 만들어 봤어요. 전날에 만들어 놨다가 다음 날 간단하게 아침식사로 때우기도 좋고 입이 궁금할 땐 간식으로 가볍게 먹기도 좋은 스프에요. 아이들이 먹을 때 재미 있으라고 식빵 크루통 대신 고구마 블럭 넣고 만들어봤어요. 씹는 식감이나 맛이 더 배가 돼서 좋답니다. 맛있는 고구마 스프 즐겨 보세요.
콩스프,뜨끈하고 든든한 건 국밥 뿐이 아니에요.  매일 아침 고소한 콩 스프 한 그릇으로 몸을 건강하고 따뜻하게 만들어 보세요.
스프,부대찌개 만들고 남은 베이키드 빈스를 활용해서 색다른 요리를 만들어 보세요.
클램차우더,크리스마스가 성큼 다가왔네요 크리스마스 식탁은 따스한 수프로 스타트 하면 어떨까요? 미국인들이 점심에 즐겨먹는다는 클램차우더는  조갯살을 이용해 끓이는 수프인데 오늘 준비한 클램차우더는  우리가 흔히 연상하는 걸죽한 타입의 <포타주 수프>인 뉴잉글랜드 클램차우더 (New England Clam Chowder)를 파티에 어울리도록 하드롤에 담아냈어요. 
감자스프,추운겨울 따뜻하게 속을 대워주는 따뜻한 스프요리
스프,불닭 소스를 이용하여 만드는 쉬운 레시피입니다.  01:41초 부터 보세요.
감자스프,감자와 표고버섯을 볶아서 감자스프를 만들어 봅니다. 쉽게 후루룩 끓여서 간단한 아침으로 먹으려고 합니다.
양송이스프,아웃백 양송이스프를 집에서 간편하게 만들어봤어요. 직접 루를 만들어서 더욱 고소하게 요리해 봤어요.
콘스프,마트에서 쉽게 구할 수 있는 옥수수콘으로 뷔페요리 못지 않은 콘스프를 만들어 봤어요! 따뜻하게 먹으면 정말 부드럽고 맛있어요.
게살스프,크래미와 달걀로 간단하게 끓인 게살스프에요.
브로콜리스프,애매하게 남는 브로콜리를 넣으면 색깔이 더 선명해져요! 저희집은 브로콜리는 남는 날이 거의 없어서 줄기와 밑동으로 만들고 있어요. 색깔이 말갛게 보이지만 고소하고 맛있답니다! 한 번 만들어서 싹 먹어치울수 있는 양이에요.
스프,감자로 만들어서 든든하게 한 끼가 되는 애호박감자(호감)스프 만들어볼까요!
게살스프,연두부 1팩 남았어요. 생으로 안먹고  익혀 요리 하려구요. 얘들 어렸을때 대게 다릿살은 먹고  몸통살 남은 걸로 해 주었어요. 
토마토계란스프,제가 진짜 100000% 강추하고 강추하는 토마토계란스프를 집에 손님오면 중식요리를 한다면 반드시 식전 스프로 내 놓을것 같은데요. 백종원님이 가르쳐주시고 제가 유튜브보면서 습득한 레시피를 공유합니다. 토마토는 익혀 먹어야 토마토에 있는 영양소를 최대로 섭취할 수 있다는데 한식을 좋아하는 엄마에게도 꼭 해드리고 싶은 음식 best 1!! 토마토계란탕 만들기!!
크림스프,야채를 넣어 영양도 챙길 수 있는 크림스프 레시피
감자스프,간단하지만 든든한 아침메뉴를 준비해봤어요. 담백하고 부드러워서 아침밥 대신 먹기 딱 좋아요. 식빵 토스트 해서 같이 먹으면 아침이 행복해져요.
양송이스프,아이가 좋아하던 돈가스 집에서 메뉴를 시키면 주던 스프가 있었는데 그 집이 없어지면서 더 이상 스프를 먹지 못하게 되자.. 저보고 만들어 달라며 ㅎㅎㅎ 이런 저런 시행 착오를 거쳐 여러 번 실패를 거듭하다가 만들어 낸 결과물이에요 :) 비주얼보다 맛이 훨씬 좋아 아이들도  어른들도 맛있게 먹을 수 있을 거랍니다
감자스프,싹난 감자 혹은 싹나기 직전의 감자 버리기 참 아깝죠!  감자스프를 만들면 감자를 한번에 많이 소진 할 수 있어요  생크림 없이 집에 있는 우유와 양파로 맛있게 만드는 방법 소개합니다 식빵까지 곁들이면 한끼 대용으로도 아주 든든해요 
치킨누들스프,닭 육수도 있고 셀러리도 1kg을 샀더니 딱 요 녀석이 생각나더라구요  먹고나니 따끈해서 좋다고 신랑이 맛있다 그래서 마음도 따뜻해졌어요
옥수수스프,아침에 간편하게 즐길 수 있는 부드러운 옥수수 스프입니다.
양파스프,양파 바구니보니 야구공만한 크기2개가 싹이 올라 오네요. 서둘러 소비해요.^^*
단호박스프,포슬포슬하고 달콤한 맛은 스프로 만들어 먹기에 좋아요
브로콜리수프,브로콜리 1송이 사면 데쳐서 먹는 편인데  따뜻한 스프가 먹고 싶어서 만들어보았습니다. 자극적이지 않은 맛이 속을 편안하게 해줘서 너무 좋아요!
치킨누들수프,따뜻하게 먹을만한 메뉴를 고민해보다가  집에있는 야채들과 닭으로 치킨누들수프를 만들어보기로 했어요. 닭곰탕은 종종 해먹는 메뉴인데요  거기에 야채들을 넣어서 좀 더 국물을 진하게 해서 먹는 느낌으로 생각하심 될 것 같아요. ?
고구마스프,오늘은 스프가 너무 먹고 싶은데 없어서 해먹어야 할 때 초간단 스프 만들기 레시피를 알려드릴게요 
게살스프,신라스테이 조식에 나온 메생이게살스프 따라잡기
사과크림스프,은은한 계피향이 부드러운 생크림과 어우러져 입맛 당기는 사과크림스프에요.
채식당근스프,NO 버터  우유  생크림  밀가루 비건당근스프
클램차우더스프,모시조개의 진한 감칠맛과 우유의 고소한 맛이 녹아든 걸쭉한 스프에요.
감자스프,맛있는 포테이토스프에 서울우유 에멘탈치즈로 깊고 풍부한 맛을 더해주세요:)  https://www.instagram.com/p/CbUrDmvlwqF/?utm_source=ig_web_copy_link
치즈감자스프,입맛없을때 먹는 치즈 감자스프 
토마토스튜,원 재료의 맛과 영양을 끌어내 만든 야채스튜
버섯스프,영양가 많은 버섯으로 만든 부드러운 버섯스프에요. 치킨스톡으로 담백한 맛을 냈어요.
게살스프,코로나로 배달음식도 많이먹다보니 질리기 시작해 집에서 중식요리도 도전 ㅋ ㅋ ㅋ 어쩌다보니 집에 먹다남은 킹크랩이 이게 요즘 말하는 Flex~~나도 플렉스~~ㅋㅋ 예전에 크래미와 새우로 간단한 게살스프와 중화우동을 만들었었는데 이번에는 제대로 정통 게살 스프를 만들어 보기로 ^.^ 킹크랩 협찬은 남동생님~ 감사감사~ 뭘 이런걸다 들고오고~ 기냥 와도 괜찮은데 ㅋㅋㅋㅋ
양파스프,사먹는 것 못지않은 홈메이드 프렌치어니언스프
병아리콩스프,병아리콩이 다이어트에 좋다고 알려져 있는데요  단단하기가 돌덩이 같아 요리하기가 여간 힘든게 아니에요. 콩 불려서 삶는 법  스프 만들는 법까지 정리해 봤어요.
양송이감자스프,아이들 간식으로도  브런치 드실 때도 좋습니다^^
베이컨감자스프,부드러운 감자스프에 베이컨칩 넣어 씹는 맛도 좋은 베이컨 감자스프에요.
파이스프,나혼자산다의 박나래님이 파이스프를 만든 장면에 다들 누가 이걸 집에서 만들어? 라고 말하더라구요? 그걸 제가 만들어 먹던 사람입니다. 스프에 빵 찍어먹는거 맛있는 조합인거 아시죠? 그걸 한번에 해결해 주는 파이스프 지금 도전해보세요!
토마토스프,간단한 식사 및 해장으로 좋습니다. 
브로콜리스프,뷔페와 경양식집의 단골 메뉴  브로콜리 수프! 아침 식사 대용으로도 좋고 속도 편한 브로콜리 수프 레시피를 여러분께 소개합니다!
단호박스프,제가 워낙 유동식을 좋아해서 스프나 죽을 가끔 끓여먹는데요(자주 사먹고요ㅎㅎ) 이날은 달달한 단호박스프가 생각나서 만들어봤어요. 으슬으슬한 날씨에 좋은 음식이지만  아플 때 먹으면 따스한 몸을 데펴주는 힐링푸드랍니다.
피쉬차우더스프,양식요리로 준비한 피시차우더스프 인데요  대구살을 익히고 그 육수를 이용하는 그런 요리 입니다. 차우더는 미국의 대표적인  가정요리 중의 하나로 생선살  조개등을 양파  감자  베이컨과 함께 넣고 끓이는 음식입니다.
병아리콩스튜,날씨가 꾸물거려서 따끈하게 먹을 수 있는 수프 끓여봤어요
게살스프,댓글과 팔로우  스크랩 부탁드려욤 ♥  중국집에서 먹을 수 있는 게살스프를 집에서 간단하게 만들 수 있어 좋아요!
게맛살스프,아침에 간단하게 먹을 계란국과 게맛살 반찬을 함께 먹다가 생각난 스프요리입니다. 어릴적 중식당을 하셨던 부모님이 끓여 주셨던 게살스프의 맛을 흉내내 보았는데요. 중화요리 못지 않게 맛있고 색감도 너무 이뻐 간단하게 끓여 먹기 좋은 초간단 레시피! 소개합니다.
토마토스프,과하지 않게 먹기 좋은 토마토스프를 만들어 봤어요. 새콤한 맛이 인상적인 요리예요.
당근스프,안녕하세요? 밥심은 국력입니다. 당근에는 비타민 A의 전구체인 베타카로틴이 많이 들어있어요. 당근은 지용성 비타민이라서 기름에 함께 익혀먹어야 흡수가 더 잘 되구요. 당근의 효능은 시력 증진  피부미용에 좋아요. 좋은 당근을 고르려면 색이 일정하고 진한 광택이 나면서 표면이 매끈하고 형태가 바른 것을 고르세요. 오늘은 펀스토랑 어남선생 당근스프를 만들어 볼게요.
감자스프,고소한 감자스프를 만들어 봤습니다!
단호박콘스프,성수동 앤드밀에서 유명한 단호박 스프를 흉내내서 만들어봤어요^^ (블로그에 더 많은 레시피가 있어요 이웃 신청 환영해요^^) https://blog.naver.com/mabuce
게살스프,중국집이나 뷔페에서 단골메뉴로 나오는 게살스프를 10분만에 만들 수 있습니다. 
게살스프,가끔 부드러운 스프 한 그릇이 생각나곤 하는데요. 아침저녁으로 공기가 차가워지니 간단하게 만들어 먹기 좋은 아침식사대용 요리를 준비했어요. 홍게살을 통째로 넣고 10분 컷으로 후다닥 만들어 먹기 딱이에요. 부드러운 감칠맛이 담긴 한 그릇 부담 없이 호로록 넘어간답니다.
양배추양파스프,다이어트에도 좋고 속도 편한 달큰한 양배추스프
가지토마토스프,몸에 좋은 다이어트 스프
해물토마토스프,토마토는 생으로 먹어도 맛있지만  다양한 요리에 활용하면 더 맛있죠.  ?  오늘은 토마토 듬뿍 넣고  토마토스프 만들어 봤어요.  홍합 삶은 물을 육수로 활용하니  깊은 국물맛이 정말 끝내주는데요?  오징어  홍합  새우도 넣고 만드니  해물의 깊은맛 덕분에  훨씬 더 맛있는 토마토스프가 됐어요.
콘스프,캔옥수수를 이용해 쉽고 간단하게 콘스프를 만들어 봤어요~ 달달하고 부드러워 아침식사대용으로도 좋은 콘스프 레시 알려드릴게요 :)
단호박스프,미니단호박으로 간단하게 스프를 만들어 먹었습니다. 세상 부드러워서 목구멍으로 그냥 넘어가버리네요. 너무 부드럽고 달달하니 맛있어요. 간단하게 만드는 단호박스프 레시피 알려드립니다. 애피타이저로  아침 식사로 너무 훌륭할 거 같습니다. 
어니언스프,양파의 단맛을 최대한 이끌어낸 양파스프에요.
고구마스프,고구마는 식이섬유가 풍부하여 포만감을 주고 다이어트 요리에도 활용도가 높은 식재료이죠. 고구마는 그냥 찌거나 구워 먹어도 맛있지만 스프로 만들어 먹으면 정말 맛있어요~! 고구마의 달달함이 입안에 퍼집니다. 간단하게 만드는 고구마스프 레시피 알려드립니다.
감자스프,마트에 가보니 7월 제철을 맞은 싱싱한 감자들이 가득 쌓여 있더라고요.  큼지막하고 깨끗하게 생겨 그냥 지나칠 수 없어 몇 개 사 왔어요.  ?
옥수수스프,찐옥수수 활용요리 부드러운 옥수수스프로 든든한 한끼 챙겨보세요
콘치즈스프,옥수수 알갱이가 톡톡 씹히는  고소한 노브랜드 콘스프에  치즈 한장 추가하면 완성! 아침 식사대용으로 가볍게 먹기 좋은 메뉴에요.
미역게맛살스프,손쉽고 간단하게 끓일 수 있는 맑은 스프에요.
고구마스프,고등학생 때  대학생 때 아침마다 저는 밥맛이 없어서 엄마가 항상 간단한 아침 식사로 뭐 먹고는 가야 한다고 고구마스프 아니면 바나나우유를 갈아서 많이 해줬던 기억이 있어요 한동안 고구마랑 바나나가 질릴 정도였어요.. ㅎ 생각해 보면 엄마가 해준 거는 살짝 걸쭉했는데 저는 좀 더 묽었으면 좋겠다 싶어서 그 맛을 생각하면서 만들어 봤답니다!! 간단한 아침 식사로 최고인 고구마스프 만들어 봐요~
브로콜리스프,세계 10대 푸드에 속하면서 비타민 C가 풍부한 브로콜리를 자주 먹으려 하는데 보통 데쳐서 초장에 찍어 먹거나 무침으로도 만들어 먹는데요. 그중에서도 제 입맛에 제일 잘 맞는 건 바로 스프 만들기를 해서 먹는 게 제일 맛있는 것 같아요.
양송이스프,따뜻한 스프 한 그릇을 먹고난 후면 몸이 따뜻해지고 힐링됨을 느낍니다. 밀가루가 들어가지 않아 텁텁하지 않은 양송이스프. 고소한 크림의 풍미  진한 양송이의 맛이 온전히 느껴지는 양송이스프 레시피 집에서 꼭 즐겨보세요.
감자스프,감자의 고소 하고  풍부한 맛이 완전 기가 막혀요  감자만 들어가면 텁텁 하나 양파가 더해지니  맛과 풍미를 살리는군요  통밀빵에 찍먹 하니 살 살 녹는 듯한 부드럽고 크리미한 느낌! 감자스프만 먹어도 정말 맛있습니다      
고구마스프,안녕하세요!!요리.레시피 라라예요. 오늘은 고구마스프 만들어 볼게요. 데코로 크루통을 올릴게요! 재료 쌀식빵.버터조금.고구마300g.우유420ml.치즈2장. 소금한꼬집.데코용ㅡ파슬리
게살스프,크래미를 이용해 중국식 계란탕인 게살스프를 만들어 봤어요~ 부드럽고 담백해 아침대용으로도 먹기 좋은 게살스프 레시피 알려드릴게요 :)
단호박크림스프,남은 생크림 활용 요리로 좋습니다 제철이라 저렴한 단호박으로 맛난 스프 만들어 보세요
고구마스프,안녕하세요!!요리.레시피 라라예요. 오늘은 고구마스프 만들어 볼게요. 데코로 크루통을 올릴게요! 재료 쌀식빵.버터조금.고구마300g.우유420ml.치즈2장. 소금한꼬집.데코용ㅡ파슬리
브로콜리감자크림스프,간단한 아침메뉴로 든든하고 따뜻한 브로콜리 감자 크림수프
감자스프,밥 먹기 싫어 간단하게 만들어 먹은 백종원의 감자스프입니다.
게살스프,안녕하세요~오늘은 육수도  치킨스톡도 필요 없는 간단한 크래미 게살 스프입니다. 
양송이스프,코스트코에서 양송이스프를 계속 사먹다 보니 만들어 보고 싶은 욕구가 뿜뿜 생겼습니다. 생각보다 만들기 쉬워서 깜짝 놀랐네요~ 밀가루를 넣지 않는 레시피 입니다.
치킨누들스프,우리집 아이들 어렸을 적에 자주 만들어주었던 치킨누들스프 레시피 보여드릴께요. 아침식사대용으로도 아주 좋은 한그릇메뉴입니다.
아스파라거스스프,엽산이 풍부해서 임신준비는 물론 임산부에게 좋은 요리
감자스프,아주 부드럽게 넘어가는 감자스프 아침에 간단하게 만들어서 한 끼 먹으면 아주 든든합니다. 너무 부드럽고 짭짭하고 고소해요. 애피타이저로  아침 식사로 너무 좋습니다. 아주 쉽게 만들 수 있는 감자스프 레시피 시작합니다.
감자스프,고소한 감자스프에 생지를 더했어요. 뷔페에 가면 제일먼저 먹는 앙크루트 스프..! 이제 집에서도 만들어보세요.
감자스프,오늘은 요즘 날씨에 어울리는 따뜻한 스프 만들어볼게요 (블로그에 더 많은 레시피가 있어요 이웃 신청 환영해요^^) https://blog.naver.com/mabuce
옥수수스프,통조림콘으로 간편하게 만들 수 있는 옥수수스프 알려드립니다. 옥수수향이 입안에서 팡팡 터지는 너무 고소하고 달콤하고 맛있는 스프입니다. 옥수수 알갱이가 씹히니 더 맛있어요. 요즘 아침에 쌀쌀한데 따뜻한 스프 먹으니 너무 좋습니다. 애피타이저로  아침 식사로 추천합니다.
단호박스프,빵식과 함께 먹는 따뜻한 요리로 백 번 추천하고 싶은 요리입니다. 단호박의 깊은 맛이 충분히 느껴지는 스프 레시피입니다. 바람불기 시작하는 가을날 맛있게 끓여 브런치로 즐겨보세요.
게살스프,요즘 아침  저녁으로 바람이 차요 그래서 저희 집 밥상에도 뜨끈한 음식들이 주로 올라오는데요   오늘은 아침 대용으로도 좋고 저녁식사에 곁들이기 좋은 간단하지만 고소하고 맛있는 크래미로 만드는 게살스프 만들어볼게요
단호박스프,생크림 없어도 참 고소한 단호박스프 만들수있어요. 달달하면서도 고소해서 아침식사대용으로 참 좋아요. 크루통과 같이 드시면 더 맛있어요.
감자브로콜리스프,감자가 들어가서 든든한 감자브로콜리스프에요~^^
대파스프,간단한 식사대용으로도 간식으로도 좋은 대파스프. 고구마를 넣어 부드럽고 달달해서 더 맛있어요 :)
감자치즈퓨레,감자치즈퓨레를 제 맘대로 줄여서 감치퓨라고 부르고 있어요ㅋㅋ! 지난번 고치퓨(고구마치즈퓨레)레시피에 이어 오늘은 감자수프 뺨치게 맛있지만 만드는 방법은 간단한 감치퓨레시피를 소개할게요:)! 식사로도  간식으로도 아주 좋답니다! 초기이유식부터 가능해요^^ [함께 구성한 아이주도이유식 식단] 두부  바나나  샤인머스캣  감자치즈퓌레
토마토스튜,마녀스프는 한때 SNS에서 다이어트 스프로 큰 인기가 있었습니다.  대용량으로 만들어 데워먹기 좋아서 레시피를 공유하려 가져왔습니다. 다이어트 효능은 확실히 보장할 수 있습니다
패스트리스프,요즘처럼 쌀쌀한 날에 어울리는 스프를 만들어 봤어요^^ (블로그에 더 많은 레시피가 있어요 이웃 신청 환영해요^^) https://blog.naver.com/mabuce
파이스프,페이스트리 생지를 활용해 만드는 브런치 카페에서나 만날 수 있었던 파이스프를 집에서 만들어보세요!
감자스프,여름부터 쟁여 놓고 먹던 감자를  이제 빨리 소진해야 해서 감자 소진 음식으로 감자스프 만들었어요.  아침에 부드럽고 따뜻한 감자스프 한 그릇이면 속까지 따뜻해 져서 좋네요. 간단한 아침으로 감자스프 만들어서 따뜻하게 하루 시작해 보세요.
당근스프,손님이 오시거나 파티가 있을 때 나는 주로 단호박 스프나 브로콜리 스프를 만든다.  그래서 색이 노랄때는 으레껏 단호박이나 버터넛 스쿼시 스프일거라고 손님들은 생각한다.  어느 날  늘상 만드는 방법 그대로 단호박을 당근으로 바꾸어 끓여 보았는데 색이 비슷하니 아무도 그것이 당근 스프일거라고 생각지 못하고 그저 늘상 먹던 라앤타의 시그니처 스프인 단호박 스프라고 생각하는 것 같았다.  퀴즈를 내듯 이게 무엇으로 만든 스프일까요 하고 물어 보면 왠만해선 옳게 대답들을 하지 못하니 말이다.   나는 당근을 싫어한다.  자꾸 뭐가 싫다 뭐가 싫다 말하다 보니 나는 참 불평 많은 사람인 것 같이 느껴지는데 싫은 것 한가지를 더 보태자면 그렇다.  실상 당근을 싫어하는 사람이 나뿐만은 아닐 것이다.  그러나 당근의 영양가를 생각할 때 이 당근 스프의 맛 속임은 일종의 하얀 거짓말이 아닌가 싶다.  자연이 내는 고운 빛깔의 당근 스프로 오늘 조금 더 건강해 볼까나~   ?
양송이크림스프,기실 본인이 레시피를 공유하는 이유는 딱 하나 뿐이다!!!  창업을 하는분들께 작은도움이 되고자 하는것  정말 별것없는 레시피이지만 10년넘게 요리사로 일하면서 본인이 직접 만들어내고 연구해가며 만들어낸 레시피 이기에 자신있게 공유하는것이다!!!  앞서 설명해야 했던 부분인데 본인은 현재 주방에서 활동을 하고 있지 않다!!!  그렇기에 조리과정의 사진이라던지 완성사진은 따로 등록 할수가 없다!!! 사진 또한 퍼온 사진들이다!!!  ****문제가 될시에는 필히 삭제 및 수정을 하겠다!!!  본 사이트에서도 식당창업을 하는분들께 도움이 되고자 하는것이니 참고하며 레시피를 확인하길 바란다!!!
콘스프,옥수수 통조림만 있으면 부드러운 콘스프가 10분 만에 완성됩니다.
양배추버섯스프,채소 안 먹는 아이들도 잘 먹는 양배추버섯크림수프에요.
단호박크림스프,아침식사대용으로 참 좋은 단호박크림스프 맛있게 만들었어요. 단호박스프 엄청 고소하게 만드는 꿀팁 알려드릴께요.
초당옥수수스프,초당옥수수분말가루를 이용해서 간편하게 초당옥수수스프를 만들어 봤어요. 마약 스프 탄생^^ 빠네스프를 만들어도 너무 맛있고 바쁜 아침에는 아침 식사 대용으로도 너무 좋네요. 재료도 특별할것 없이 집에 있는 재료에 초당옥수수분말가루만 준비하시면 되요. 초당옥수수스프 오늘한번 만들어보세요!
토마토야채스프,건강하고 든든한 식사 대용으로 좋은 다이어트식 토마토야채스프 레시피입니다. 맛도 좋고 부드러워 속이 편안합니다.
고구마스프,요즘 고구마가 제철이라서  정말 달고 맛있더라고요.  ?  고구마는 달콤한 맛도 매력적이지만  섬유질이 풍부해서 장건강에 좋죠.  ?  그래서 고구마요리를 즐겨 먹고 있는데요.  오늘은 찐고구마를 이용해서  고구마스프를 만들어 봤어요.  ?  찐고구마와 우유와 체다치즈 넣고  양파로 향과 식감을 더한  고구마스프예요.  홈메이드 고구마스프 한 그릇이면  맛과 건강 모두 잡은  건강한 고구마요리를 맛 볼 수 있어요.
감자스프,예전에 티비에 소개되었던 가수 아이유의 감자스프 레시피에요. 믹서 없이도 만들 수 있어서 자취생 요리로 추천할만 해요.
미니단호박스프,미니단호박  밤호박 7월이 제철인거 아시지요? 여기저기 미니 단호박이 눈에 띄어요. ?미니 단호박은 밤호박  보우짱이라고도 불려요. ? 미니단호박  밤호박은 바로 쪄서 꿀 올려먹어도 맛있고 찐 단호박이랑 우유랑 견과류도 넣어 휘리릭 갈아 쉐이크로 만들어도 맛있고 단호박 샐러드로 만들수도 있어요. ?다양한 단호박요리 중 오늘은 휘핑크림을 이용해서 단호박스프를 만들어 볼게요.
감자스프,담백한 감자요리 우유요리 크루통 만들기 크루통스프  ?
베이컨토마토스프,추운날 먹기 좋은 진한 토마토 스프 레시피입니다 (블로그에 더 많은 레시피가 있어요 이웃 신청 환영해요^^) https://blog.naver.com/mabuce
밤스프,집에 남은 밤으로 밤스프를 만들었습니다. 종종 스프를 만들어 먹는 편인데 스프는 아침에 간단히 먹기 너무 좋아요. 부드러워서 목에 쉽게 넘어갑니다. 밤스프는 달달하고 고소해요. 만들기 간단한 밤스프 레시피 입니다.
브로콜리스프,기존에 온라인으로 찾아본 Broccoli Cheddar Soup 레시피에 체다 맛이 너무 강해서  제 입맛에 맞게 변형 하였습니다.  (기존 레시피 웹사이트) https://www.allrecipes.com/recipe/235874/copycat-panera-broccoli-cheddar-soup/
단호박스프,크림스프는 우유와 생크림을 넣어야 한다는 고정관념을 깨고 잣을 넣어 만든 채식 단호박크림스프.
고구마스프,아침식사 메뉴로도 든든하고  아기 간식으로도 좋아요. 달달한 스프 맛에 한입 떠서 먹는 순간 기분이 좋아져요. 우유와 치즈를 더해 고소한 맛도 느껴지고요.   ?
새우비스크스프,딱새우 머리와 껍질을 갈아서  평소에 느끼지 못했던 새우향과 풍미를 담아낸 새우비스크 스프입니다.
고구마스프,달콤하고 부드러운 고구마 우유스프 입니다. 빵을 찍어서 먹으면 든든한 한끼로 좋아요~
시금치고구마스프,요즘 남해안 섬초가 가격이 싸길래 한뭉치 사들고 왔는데 너무 많아서 집어 있던 고구마랑 같이 스프 만들어 봤어요 
양송이스프,일반 크림수프의 농도를 조절하려면  루(밀가루)를 먼저 만들고 조리하죠. 루 없이도 수프의 농도를 조절하고 버섯의 식감은 살리는  부드럽고 고소한 크림수프예요.
브로콜리당근스프,퓌레 형태의 걸죽한 이탈라아식 수프로 브로콜리와 당근의 단맛과 은은한 대파향이 어우러져 한 그릇 먹어도 속이 든든해져요. 브로콜리당근 수프 영상은 02:42부터 볼 수 있어요.
크림스프,크림스프를 만들 때 루가 꼭 필요합니다.  밀가루 없이 간단히 크림스프 만들기가 가능합니다.  ?두유를 사용해서 쉽게 만들 수 있습니다.  두유 대신 우유를 사용해도 좋습니다.  아침이나 간단한 저녁으로도 좋은 음식입니다.
단호박스프,이 곳 토론토에서는 한국처럼 작은 단호박  밤호박은 구할수가 없어요. 크기가 상당히 커서 스프도 많은 양이 나온답니다. 특히 가을엔 달고 맛나요. 이렇게 오븐에 구워 한번에 익혀 갈면 참 간편하게 만들 수 있어요.
옥수수스프,옥수수 통조림을 이용해 초간단 콘스프 만들어 보세요!!
토마토스프,채소에서 나온 새콤달콤 한 맛이 내 몸을 가볍게 해주는 맑은 스프예요. 토마토 스프 영상은 05:10부터 볼 수 있어요.
단호박컬리플라워스프,콜리플라워로 순탄수를 낮춘 단호박스프예요. 은은한 달달함에 고소함까지 더해 속까지 든든해지는 수프예요. 단호박콜리 수프 영상은 07:30부터 볼 수 있어요.
게살스프,크래미와 팽이버섯 넣고 초간단하게 끓인 게살스프입니다. 아침으로 호로록 드시면 속도 편하고 든든하답니다.
옥수수스프,옥수수를 쪄서 냉동한지 조금 오래되었습니다.  냉동을 하고 나서 데워먹으니 수분이 없고 맛이 없습니다.  옥수수가 문제인 건지 알 수 없어 고민을 했습니다.  우유를 넣어 간단하게 수프를 만들기로 결정했습니다.  쉽게 옥수수스프 만들기가 가능합니다.  맛없는 옥수수도 살리는 레시피 입니다.
토마토양파스프,건강한 다이어트 요리 토마토양파 스프 입니다. 
생선스프,스웨덴식 생선스프를 먹으면 몸이 진정되는 기분.
맨해튼클램차우더,연말파티 메뉴에 입맛을 돋워줄 수프 포타주 형식의 크리미한 잉글랜드 클램차우더와 또달리 뉴욕 맨해튼 스타일의 클램차우더는  맑은 토마토 소스 국물로 맛을 낸 <콩소메>타입의 조개수프인데요 콩소메는 주로 고깃국물을 이용하지만  오늘은 풍부한 채소와 조개육수로 깔끔한 맛을 내보았습니다.
단호박스프,전자레인지로 쉽게 손질해서 간편하게 만들 수 있는 단호박스프에요.
감자스프,오늘도 역시 감자소진용 요리! 감자요리를 거의 매일 만들어 먹고 있는데.. 아직도 많이 남은 감자ㅠㅠ  ?감자요리 검색하다가  편스토랑에 나왔던 류수영 님의 레시피! 감자스프와 크루통 만드는 법이 있길래  따라 만들어 봤어요.
당근스프,카레 재료를 주문하면서 실수로 수량을 확인하지 못한 바람에 새벽 배송 장바구니에 당근이 한가득왔어요.ㅋㅋ 당근 김밥  당근 라페  당근볶음  당근 샐러드 등등.... 계획에 없는 당근 요리를 고민하다가 오늘은 당근 수프를 만들어 보기루요~ㅎ
프렌치어니언스프,우리에게 익숙한 양송이 수프나 옥수수 수프가 아닌  색다른 수프를 소개해드려요. 양파만으로도 이렇게 깊은 국물맛을 낼 수 있다는 것을 알게 해주는 수프입니다. 손님맞이용 애피타이저로 내놓아도 손색이 없고  일상생활에서 뜨끈하게 한끼를 해결해도 될 만큼 영양 만점입니다.  날씨가 쌀쌀한데 마침 집에 양파가 많다면? 꼭 한번 드셔보세요!
당근수프, 색깔도 곱고 맛도 좋은  당근 수프를 만들어 봤어요. 올리브유에 바싹하게 구운 바게트 올려 먹으면 한 끼 식사로도 딱~입니다. 야채 싫어하는 아이들도 나이 드신 분들도 거부감 없이 먹을 수 있는 부드럽고 달콤한 수프랍니다.
클램차우더,아이들도 좋아할 따끈한 스프요리.  샐러리와 당근은 없지만 (그래서인지 더 맛있는 것 같은) 클램차우더 만드는 레시피 알려드릴게요! 
당근스프,아이의 먹거리를 공부하면서 그간 익숙하게 여겨왔던 식재료들에 대해 얼마나 무지했는지. 깨닫게 되었어요. 돌아보니 매번 양념을 덮고 요리를 완성하는 데에만 급급해 식재료 본연의 맛과 질감에는 관심을 가져보지 않았던 거에요. 설탕도 소금도 없이 당근  양파  치즈로만 맛을 낸 이 스프는 저에게 충격 그 자체였어요. 곱게 갈아내면 부드러운 식감은 물론 단호박보다도 훨씬 더 달달하고 맛이 좋답니다.
게살스프,오아시스마켓에서 구매한 대게살로 부드러운 게살스프를 끓였어요. 크래미로 끓여도 좋고요. 농도를 조절해서 덮밥식으로 올려 먹어도 좋고 국처럼 밥을 말아 먹어도 맛있답니다. 아기1  어른2 양이에요.  
감자스프,한 끼 식사로 손색없는 독일식 감자 스프입니다. 
순두부게살스프,추운 요즘 날씨에 따뜻한 아침 메뉴로 추천해요 ^^  시간 많을 땐 육수 내고  버섯도 넣으면 좋지만 바쁜 아침에 빠르게 만들고  후루룩~ 가볍게 먹으면서 든든하게 배 채우기엔 딱이에요.
게살스프,크래미는 가격도 저렴하고  맛도 좋아서 자주 구입하게 되는데요.  ?  간식으로 그냥 먹어도 정말 맛있는데  다양한 요리에 활용하기에도 좋은  매력적인 식재료예요.  오늘은 크래미를 이용해서   게살스프를 만들어 봤어요.  ?  리얼 크랩으로 만들면 좋겠지만  리얼 크랩은 비싸기 때문에  조금은 부담스러운 재료잖아요?  ?  그래서 게살 맛이 나는 크래미를 이용해서  스프를 만들어 봤어요.  크래미뿐만 아니라 팽이버섯까지 넣어서  식감까지 더한 크래미 게살스프  ?  지금 만들러 가 볼까요?
양송이스프,양송이스프 해 먹으려고 양송이를 많이 샀어요.
새우토마토스프,방울 토마토 토마토의 빨간색엔 라이코펜 성분이 있어 강력한 항산화 효과가 있어서 심혈관 건강에 좋고.  혈당도 조절해 주고  악성종양 세포도 억제해주는 효과가 있다고 해요. 그래서 항암 식품으로도 잘 알려져 있죠. 그런데 먹성 좋은 남편이 다른 건 다 먹는데 생토마토는 안좋아하더라구요. 토마토를 푹 끓여서 토마토 수프를 끓여 놓으면 또 잘 먹어서 간단한 아침 식사나 다이어트식으로 토마토 수프를 끓이면 좋더라구요.
브로콜리스프,아침에 식빵 구워서  원두커피와 먹으려고 하다가  냉장고에 브로콜리가 있는 것으로  '수프를 만들어 수프에 빵을 찍어  먹으면 되겠다' 싶어  브로콜리 수프를 만들었어요.  브로콜리는 십자화과 채소로  항암 성분과 해독 기능이 뛰어난  영양소가 많이 들어 있고  비타민C가 레몬 보다 많아서  피부 건강과 겨울 감기 예방에  도움을 준다고 합니다.   영양이 풍부해서  건강에 좋은 브로콜리로  간편하고 맛있게  브로콜리 수프를 끓여 볼게요.
단호박스프,버터를 넣어 볶은 양파와 단호박  우유가 들어가서 진하고 고소한 단호박스프에요  바쁜 아침에 식사대용으로도 좋고  베이글이나 크로와상을 곁들이면  브런치로 즐기기에도 아주 좋아요.  만들기도 쉽고 재료도 간단하니  만들어서 맛있게 즐겨보세요^^
어니언스프,이 레시피는 백종원 만능 양파볶음을 활용한 레시피로 백종원 만능 양파볶음은 @6997598 레시피를 참고하시면 됩니다!  어릴 때 오뚜기 크림스프 같은 것만 먹다가 양식조리기능사 자격증 공부를 하면서 처음 접한 어니언스프! 따뜻하면서도 포근한 느낌의 어니언스프는 감기 걸렸을 때나 추울 때 먹어도 좋고 간식으로도 좋고 손님접대할 때도 좋아요
크림스프,치아교정중인 딸아이를 위한 레시피  죽 대신 편하게 드실 수 있는 유동식을 원하신다면 클릭~! 브런치에 곁들일 따뜻한 스프를 원하신다면 클릭~!
콘치즈스프,간단한 주말 아침으로 스프를 끓이려는데 작년에 삶아서 냉동시켜놨던 옥수수를 믹서에 갈아서 넣고 냉장고에 있는 체다 치즈를 많이 넣고 스프를 끓였더니 콘치즈 스프가 되었네요. 찰옥수수를 갈아 넣어서 담백했는데 통조림 옥수수를 사용하면 달큰한 맛이 있어 그 나름의 맛이 있을 거 같아요. 스프의 농도를 위해서 감자를 삶아 같이 갈아 넣어도 되고 간편하게 만들고 싶으면 시판 스프 가루를 사용해서 같이 끓여도 좋아요. 오늘은 간편하게 오뚜기 스프 가루 반 봉지를 넣고 옥수수 갈아 넣고 치즈 많이 넣고 끓였어요.
양송이감자스프,아침메뉴로 스프를 자주 끓여 주는데요. 전날에 미리 끓여 놓고 다음날 데워주기만 하면 간단하게 아침을 해결할 수 있어서 아침메뉴로 참 좋아요. 이번 스프 레시피는 따로 감자를 찌고 믹서에 가는 과정없이 재료를 볶아 끓이기만 하면 되는 간단한 레시피라 아침에 만들어도 전혀 부담이 없어요. 믹서에 갈지 않고 재료를 잘게 썰어 익혀 씹는 맛이 살아 있어요.
토마토채소스프,집에 있는 채소와 허브 등과 토마토소스를 이용해 만든 토마토채소스프 스튜 미네스트로네. 토마토 없이도 신선한 맛 나게 만들어요.
마녀스프,한때 엄청 유행한 마녀스프 요즘에도 다시 유행하고 있는거 같아요. 저도 정말 요즘 폭식도 하고 명절이후로 기름지고 밀가루 이런 음식을 너무 많이 먹어서 클린한 식단을 하기 위해서 마녀스프를 한번 해봤어요
당근단호박스프,단호박이 한 덩어리 있는데 뭘 할까 하다가 당근과 양파를 사서 김치 냉장고에 보관했더니 김치냉장고 온도조절을 잘 못해 다 얼어 버려서 선택의 여지가 별로 없네요. 푹 익혀 먹는 요리에나 쓸 수 있을거 같아 단호박과 얼어버린 당근과 양파를 넣고 스프를 끓였어요. 생크림 우유를 약간 넣어 고급진 스프맛을 냈어요~^^ 스프는 먹기가 편하고 소화가 잘 돼 간단한 아침식사나  늦은 시간 야식으로 잘 어울리는거 같아요 .
단호박스프,단 맛과 밤 맛이 가득해 달콤하고 따뜻하게 속을 달래줄 단호박스프입니다 :)
단호박스프,온가족이 즐길 수 있는 단호박스프
카레,백종원 레시피를 참고해서 만들었는데 정말 맛있어요 역시 백종원 레시피는 실패가 없네요
단호박스프,크리미한 단호박스프 만들기 레시피다. 단호박 요리는 다양하게 활용할 수 있다. 단호박을 곱게 갈아서 끓이기만 하면 된다.
토마토스프,재료가 맛있으면 간단한 요리로도 충분히 맛있다~ 대저토마토를 이용해 토마토스프를 만들고 나서 다시금 느낀 평범한 진리예요. 대저 토마토를 맛있게 먹다가 너무 물러진 것들이 있어서 그냥 물도 하나 안넣고 푹 끓여서 간단하게 소금간만 했는데 스프가 너무 맛있는 거예요. 평소 다른 토마토 스프 만들 때는 토마토 소스나 케첩 또는 카레가루를 넣기도 하고  홍합이나 조개로 국물 맛을 내기도 하고 여러 방법을 동원해 맛을 올리려고 애썼는데 대저토마토 스프는 토마토 재료 하나로 맛이 완결돼요. 맛있는 토마토의 신맛은 케첩이나 토마토 소스로 낼 수 없는 산뜻한 맛이 느껴져요. 토마토의 당분으로 설탕의 단맛과는 다른 자연스러운 달큰한 맛도 느껴지고요. 간단하게 토마토만 넣어 끓인 토마토 스프예요. 그냥 깔끔한 맛으로 즐겨도 좋고 좀더 풍성한 맛을 원하면 미트볼이나 소고기나 해산물을 넣어도 맛있어요. 하나는 깔끔한 토마토 스프로 먹고 하나는 채끝살 구워 넣어서 먹었어요.
카레,오늘은 날씨가 비가오려나 꾸물꾸물하네요. 이럴때 먹으면 너무 좋을것 같은 레시피 카레입니다. 돼지고기다짐육을 넣어서 더 단백하고 맛있는 카레를 소개합니다.
닭고기버섯스프,마지막에 바질페스토를 넣어 향을 더한 닭고기 스프에요.
버섯크림스프,풍부한 건더기와 진한 농도의 크림소스는 전식요리로서 스프가 아니라 한끼식사  메인요리가 되기에 충분하지요.
시금치카레,시금치와 카레는 좋은 음식궁합으로 대장의 용종 생성을 억제시켜줍니다. 맛있게 먹고 대장암예방해요~ 시금치와 카레 이외의 재료는 같은재료가 아니어도되요. 냉장고속 숨은재료 사용해요~
토마토야채스프,두어달 정도 빵을 너무 자주 먹었더니 몸이 붓고 힘들더라구요. 빵을 절제하고 야채과일을 좀 더 섭취해야지 맘 먹고 있었는데 마침 유튜브를 통해 과일야채식의 효과를 보고나니 더 이상 미룰 것 없이 바로 시작해야겠더라구요. ? 레시피 저장해 두었던 주마니아님의 치유스프로 만들었는데  해독주스 맛과 비슷하면서 속이 편안해서 먹기가 좋더라구요. 건강에 도움되는 해독스프  야채스프 만들기 시작해볼게요.
양송이스프,더파티 뷔페에 가면 양송이스프가 아주 맛있는데요  그 맛을 떠올리며 집에서 만들어 봤어요. 간단한 재료로 간편하게 만들 수 있어요.
콩나물오이냉채,입맛이 없을때... 다이어트할때... 드시면 좋은 샐러드입니다. 새콤달콤한게 너무 맛있어요.
마녀스프,마녀스프 다이어트는 의사가 단기간 살을 빼야 하는 초고도 비만 환자를 위해 고안해 낸 레시피인데요. 오래 지속하는건 좋지않고 단기간으로 1~2주 효과보기에 좋은 레시피예요. 양파2:당근2:샐러리1 비율만 지켜줘도 식단관리는 확실히 되는 마녀스프 레시피 알려드릴께요.
감자스프,핸드블렌더를 이용해 간단하게 감자스프를 만들어 봤어요:) 정말 부드럽고 담백하여 아침식사로 딱 좋았습니다??
옥수수스프,옥수수스프에 진짜 옥수수를 넣어 끓인 후 식빵 한쪽과 드셔보세요! 간편 아침식사로 딱 좋습니다.
브로콜리감자스프,요즘 복덩이의 채소 거부가 심해져 다양한 레시피로 채소를 조금이라도 먹여 보려고 노력 중이에요. 이번에는 복덩이의 거부 1순위인 브로콜리를 먹이기 위해 스프를 만들었답니다. 브로콜리만 넣으면 거부할 것 같아서 감자도 함께 넣어 고소함을 추가했어요. 가족 아침메뉴로 넉넉하게 만들었어요.
미네스트로니스프,?미네스트로니 수프?는 셀러리  토마토  양파 등 갖은 야채와 함께 쌀  국수  파스타 등 곡류를 넣어 걸쭉하게 끓인 이탈리아의 수프에요 몸에 좋은 야채가 많이 들어가서 다이어트식으로도 아주 좋아요 영양과 맛  건강까지 모두 챙길 수 있는 미네스트로네 수프에 오믈렛과 과일을 겯들여서 주말에 가족들과 여유로운 브런치를 즐기거나  바쁜 아침에 빵 한 조각 곁들여서 식사대용으로 즐겨보세요♡
완두콩스프,이 요리는 보통 애피타이저로 먹는 영국 요리로  런던 파티큘러라고 부르는데요. 영화 <스펜서  SPENCER 2022>에서도 등장한 영국 왕실 요리로 맛은 고소하고 건강에도 좋답니다.
_카까이,‘_’은 끓이다-라는뜻이고  ‘카’는 갈랑갈-이라는 향신채소이며  ‘까이’는 닭요리를 말해요. _카까이라는 음식 이름의 뜻풀이로는 갈랑갈과 닭고기를 넣고 끓인 수프가 되겠네요. 코코넛밀크가 들어가 달달하면서도 크리미하며 갈랑갈  레몬그라스  커피어라임잎이 들어가 향긋하고  또 라임이 들어가 새콤한 맛이 나는 요리예요. 저는 사실 코코넛밀크 자체를 좋아하지 않던 사람 중 하나여서  처음 태국에서 코코넛밀크가 들어간 음식을 먹었을 땐 정말 당황했어요. 그런데 기나긴 여행 중 계속해서 먹다보니 먹어지더라고요.(?) 그러다 나중에는 가끔씩 생각나는 요리가 되었다는! 오늘도 말이 길어 졌네요. 흐흐. 얼른 레시피 알려드릴게요.
미니단호박스프,미니 단호박은 껍질도 일반 단호박보다 연한 편이어서 껍질 벗기는 것도 좀 덜 어렵더라구요. 삶아서 갈아 우유와 생크림 우유 넣고 한 소끔 부르르 끓이면 끝인데 설탕 하나 안넣어도 단맛은 꿀맛이예요. 몸에도 좋고 속도 든든하고 건강한 수프가 되었네요. 간단한 아침식사나 주말 브런치로 호박 수프를 차려 놓고 토스트와 구루통을 곁들여 먹으니 든든하고 맛있어요~^^
감자스프,제철 감자가 맛있는 계절이라 감자를 사서 삶아 먹다 보면 몇개가 남아서 냉장고에 넣어 두고 또 냉장고에 넣어 두면 잘 안먹게 되더라구요. 그럴 때 삶은 감자를 갈아서 우유랑 생크림 넣고 감자 스프를 끓이면 루를 따로 만들어 넣지 않아도 농도도 진하니 고소한 고급진 감자 수프가 돼요.  이미 삶아 익은 감자라서 우유만 한번 끓어 오르면 감자 스프가 완성되는 초스피드 요리예요. 삶은 옥수수 알갱이나 식빵을 구워 구르통을 만들어 곁드리면 더 풍성하고 든든한 수프가 되죠. 간단한 아침식사나 간식  야식으로 가볍게 먹을 수도 있어요.
초당옥수수스프,달디 단 초당옥수수로 스프를 만들었더니 달달하고 고소해서 아주 맛있어요 우유와 생크림이 들어가 부드럽기도 하구요. 부드럽고 담백한 초당옥수수 스프 만들어볼게요.
만차랑단호박스프,지인이 만차랑 단호박을 나눔해 줬어요. 만차랑 단호박은 자이언트 단호박이예요. 크기가 일반 늙은 호박처럼 큰데 달아서 넘 신기하고 푸짐해요. 단호박을 쪄서 그냥 호박찜을 간식으로 먹어도 부드럽고 달콤해서 맛있어요. 찐 호박을 갈아서 단호박 수프로 만들기도 하니 동시에 2가지 요리로 해먹었어요. 찜기에 찐 단호박을 반은 그냥 먹고 반은 단호박 수프를 끓였어요. 단호박 수프는 우유만 넣고 끓이면 우유의 유당 때문에 물을 넣고 끓이는 거보다 더 단맛이 강하고 생크림 우유를 같이 넣으면 고소하고 부드러운 맛이 나요. 끓여 놓고 냉장고에 넣어 두었다가 시원하게 먹어도 좋고 필요할 때 조금씩 덜어 데워 따뜻하게 먹어도 좋아요. 간편한 아침식사로 먹기에도 좋고 가벼운 간식이나 야식으로 먹기에도 그만이예요. 견과류를 뿌려 먹으면 영양적으로 더 풍부해지겠죠. 농도는 우유 양으로 되직한 농도를 좋아하면 우유양을 조금 덜 넣고 좀 더 묽은 수프를 원하면 우유양을 조금 더 추가하면 돼요. 끓이면서 저어줄 때 조절 가능하니 원하는 대로 만들면 돼요. 농도가 진하면 단맛이 강하고 농도가 묽으면 목넘김이 가볍고 라이트해서 덜 부담스러운 거 같아요. 원하는 대로 바라는 대로 .^^
아스파라거스스프,몸이 아플 때  찬바람이 불어올 때  비가 와서 쌀쌀해진 날씨에 따뜻한 수프 한 그릇 만들어보세요 :)
비건양송이스프,오늘 만들 Vegan Soup는 바로 _하면 가장 먼저 떠오르는 양송이스프입니다. 다른 곳에서 만나보시지 못한 방식으로 쉽고 건강하게 만들거니까 잘 따라오세요:)
비건당근스프,겨울엔 속을 덥혀주고 부드럽고 든든한 수프(Soup)가 자꾸만 생각납니다. 
감자브로콜리스프,아침에 먹기 좋은 Soup 레시피를 공유해 드리려고 합니다.  
가스파초,가스파초 많이 생소하죠 토마토를 주재료로 각종 채소를 갈아서 시원하게 먹는 스페인 전통 음식입니다 가스파초는 아라비아어로 젖은 빵이라는 뜻으로 스페인 안달루시아 지방에서 유래한 음식입니다 토마토 오이 양파 샐러리 등 아삭한 식감의 채소를 블랜더에 갈아서 여름철에 열을 가하지 않고 시원하게 만든 음식입니다 냉 수프 안에 바삭하게 구운 빵을 넣어서 먹어요
가지떡갈비카레,보라색의 통통한 가지가 세일을 해서 구입했는데  생으로 먹은 것을 좋아해서 하나는 생으로 양념간장에 먹게 하고는 2개만 넣어 주고 감자  양파  냉동야채를 넣어서 만들었습니다. ? ? 고기는 생고기 대신에 송정떡갈비를 넣어서 만들었습니다. 떡갈비도 고기이니까요. 햄으로도 카레를 만들기도 합니다. ㅎㅎ 그리고 버터 대신으로 땅콩기름을 사용하고 매콤하게 만들기 위해서 라유를 넣어 준 카레입니다. ? ? 육수없이 물을 넣어 준 대신에 치킨스톡으로 닭육수를 대신했습니다. 저는 카레를 만들때에 가람마샬라를 넣어서 좀더 풍미를 살리는 카레를 만듭니다. ^^
단호박초당옥수수스프,단호박이 드뎌 제철이 되어서 싱싱한 국산 미니 단호박이 보여서 넘 반가워서 하나 업어왔어요. 초당 옥수수 스프를 끓이려고 마지막 초당 옥수수 3개를 아껴두고 있었는데 단호박과 초당옥수수를 갈아 넣고 같이 스프를 끓였더니 노랑노랑 달달~ 누가 누가 더 노란지 누가 더 달콤한지 경쟁하듯이 노랑노랑 달콤달콤하네요. 정말 제철 단호박과 제철 초당 옥수수가 타이밍 아슬하게 만나 맛난 수프를 만들었네요. 초당 옥수수의 맛이 더 강하긴 하지만 달달한 단호박 맛도 느껴지고 달콤한 초당 옥수수의 맛도 느껴지면서 치즈와 생크림의 풍미가 넘 고급진 단호박 초당 옥수수 스프 ~ 아침 식사나 속 편한 야식으로 그만이네요. 요즘 같이 더울 땐 냉장고에 차갑게 식혀서 시원하게 먹어도 좋을 거 같아요. ? ?
호박스프,아침 대용으로 든든한 호박스프 입니다 
양송이스프,바쁜 아침에 간단하게 먹을 음식으로 양송이스프 아침메뉴추천 입니다.
감자스프,그냥 아무것도 하기 싫은데 밥 대신 #감자스프 #감자수프 끓여서 두 끼를 잘 먹었답니다 요즘 햇감자가 나와서 쪄서 먹어도 맛있더라고요 감자를 찌거나 삶았는데 남은 감자가 있으면 쉽게 #감자스프만들기 도 괜찮은 것 같아요 감자 찌는 게 번거로울 때는 #전자레인지감자삶기 하시면 더욱 편하고 쉽게 #백종원감자스프만들기 할 수 있어요 마침 집에 우유가 있어서 쉽게 만드는 #감자스 만드는 법 #감자요리 #감자스프 입니다 스프위에 #크루통만들기 까지 한 다음 올리면 쫄깃하고 맛있는 감자스프가 완성된답니다 그럼 간단하게 만들 수 있는 #감자스프레시피 지금부터 시작해 보실까요 레시피 계량스푼 계량컵 사용 1 큰 술=15ml1 작은 술=5ml1 컵=200ml ?
토마토수프,자투리 야채들 모아 모아 보글 보글 끓이고 단맛 신맛의 빨간 토마토를 넣으면 건강하고 맛있는 야채수프가 뚝딱. 여기에 다양한 숏파스타를 넣으면 든든하고 재미있는 파스타 수프를 먹을 수 있어요.
고구마스프,유아 간식 고구마스프 레시피 입니다.
감자스프,감자가 많이 나오는 철이잖아요^^ 부드럽고 꾸덕한 감자 수프 만들어 봤어요
감자수프,감자는 여름 감자가 가장 맛있는 것 같아요. 여름이어도 따뜻한 음식이 생각날 때 담백하고 부드럽게 감자 수프 한 그릇이면 '아~ 좋다'라는 말이 절로 나올 거예요.
소시지토마토스튜,소시지와 각종 야채  토마토 소스를 넣어 만든 소시지 토마토 스튜입니다. 스튜는 제가 원하는 재료들을 다 집어넣고 끓여도 맛있게 먹을 수 있는 요리에요. 빵에다 찍어 먹어도 아주 맛있답니다.
브로콜리스프,아침엔 철분이 가득한 녹색 스프와 빵 브로콜리엔 철분이 많다고해서 살짝 데쳐서 샐러드를 주로 많이 해서 먹는데 닭가슴살과 통후추 대파를 넣고 육수를 낸 스프도 좋습니다 브로콜리 +감자+ 양파의 조합에 통후추가 느끼함을 잡아 주면서 닭육수와 어우러지니 풍미가 좋아요! 따끈한 바게트빵에 곁들이니 금상첨화죠~ ? ? ?
그린커리,오랜만에 태국 음식 레시피예요. 오늘 알려드릴 요리는 바로 태국식 그린커리  깽끼여우완까이 입니다. ‘깽’은 태국식 커리를 의미하고  ‘끼여우’는 녹색을  ‘완’은 달다  감미롭다는 뜻이며  ‘까이’는 닭고기를 말해요. 말 그대로 닭고기가 들어간 태국식 그린커리죠. 저는 이 음식을 태국에서 먹어보기 전부터 짝꿍에게 많이 들어 알고 있었어요. 짝꿍이 북경에서 유학할 당시 학교 기숙사에서 생활을 했었는데요. 기숙사의 룸메이트가 태국 사람이었다고 해요. 그 친구가 기숙사에서 그린커리를 엄청 맛있게 해줬었나 보더라고요. 그 얘기를 얼마나 많이 하던지(...)  태국에서 그린커리를 먹는데 제가 속으로 ‘네가 바로 그 그린커리구나.’ 했다니까요. 먹어보니 제가 이제껏 접해보지 못한 맛의 커리였어요. 요즘에야 태국 식당이 흔해졌지만  십여 년 전만 해도 찾아보기 어려웠잖아요. 당시에 인도나 일본 스타일 커리는 많이 먹어봤는데  태국식 그린커리는 처음이어서  색다르다는 느낌을 가장 크게 받았던 것 같아요. 색다르다고 느낀 가장 큰 이유는 아마 코코넛밀크의 향이었겠죠. 처음에는 거부감이 많이 들었지만 지금은 거의 없어요. 오히려 좋아할 정도이니까요. 그럼 코코넛밀크가 듬뿍 들어간 태국식 그린커리  깽끼여우완까이 만들기 시작합니다! ? ?
감자스프,15분 만에 만드는 초간단 감자요리 류수영 레시피 감자스프
크림옥수수콘,방학 때  아이들에게 간단히 간식으로 만들어 주기에 좋은~ 식을 가지고 와 보았어요!
단호박크림스프,요즘 제철인 단호박으로 간단히 단호박 스프 만들었어요
초당옥수수스프,제철이라 신선한 초당옥수수로 만들어 더 맛있고 더 건강한 초당옥수수 스프 그냥 먹어도 좋고 빵에 찍어먹어도 좋은 스프
대파스프,오늘은 아침대용음식으로 참 좋은 대파 스프 레시피를 알려 드리려고 해요. 대파를 인터넷으로 주문했는데  초록 잎 부분의 상태가 너무 안 좋더라고요. 국물용으로 쓸까 하다가 마침 집에 처치해야 할 생크림도 있고 해서 대파스프를 만들기로 했어요. 초록 잎 부분을 많이 사용해서 스프색이 파랗게 만들어졌는데  뭔가 이국적이면서 색다른 스프느낌이라 눈이 즐거웠답니다. 그럼 아침대용음식으로 참 좋은 스프레시피  대파스프 만드는 법 알려드릴게요.
양송이수프,비건이라면 어렵다고 생각하는데 생각보다 우리가 지금 먹고 있는 한식이 비건이기도 하고  대체하기도 쉬운 것들이 많은 음식이에요. 수프하면 버터에 볶고  우유나 생크림 넣어 부드럽게 먹는데 '약콩 두유'로 대체하고  식물성 오일에 볶으면 충분히 맛있는 비건 수프를 끓일 수 있어요.
토마토야채스프,토마토 야채스프  영양만점 든든한 비건 식사
양송이스프,깔끔한 국물의 양송이 스프 만들기
단호박스프,바쁜아침 간단하게 건강한끼가 가능합니다.
단호박크림스프,생크림없이 단호박 크림스프 정말 맛있게 만드는 방법 알려드릴께요. 요즘 한창 제철인 미니밤호박으로 만들었어요.
가스파초,오이가 적게 들어가고 토마토의 비율이 높은 스페인 가스파초의 레시피! 유명한 정재형님의 레시피와도 비교해본다 
단호박스프,우유 생크림 대신 발아현미가루를 물타서 넣은 채식 단호박스프 압력밥솥에 끓이면 한결 쉬워요
양배추닭고기스프,피자치즈를 넣어 끓여 더욱 고소한 스프.
수란,전자레인지로 수란을 만드는 간단한 방법이 있어 공유해요. 
배추연두부수프,맑고 따뜻한 두부 요리가 먹고 싶어서 만든 연두부 수프에요. 보드라운 연두부  시원한 알배기 배추와 채수  직접 만든 쯔유로 간을 하고 따뜻하게 끓여낸 시원하고 담백한 연두부 수프에요.
고구마스프,여러분들께 사랑을 많이 받은 스프시리즈?? (당근/브로콜리감자/양송이/채소스프 등 많이도 했죠?) 오늘은 지인분께서 직접 농사지으신 유기농 고구마가 있어서 달달한 고구마스프를 만들어볼게요.
양송이감자스프,감자 양파 양송이로 간단한 아침 식사 대용으로도 좋은 맛있는 스프 만들었어요
단호박스프,요즘 단호박이 제철이라 많이들 드시지요 쪄서 먹어도 맛있고 죽으로 끓여도 맛있는 단호박 요리 단. 호. 박은 저뿐 아니라 우리 코코 영양식으로 쪄서 먹이기도 하기에 한 상자 구입을 했는데 미니 단호박인 줄 알았는데 미니 단호박이 아니더라고요 그래서 죽도 끓여먹고 쪄서도 먹고 코코 전자레인지에 돌려서 먹이기도 하면서 소비를 하고 있답니다 얼마 전 단호박죽을 두 번이나 끓여서 먹을 정도로 맛있게 먹었답니다 제주산 미니밤호박이 맛나겠지만 제가 구입한 제주산 단호박도 달큼하고 맛있더라고요 달콤한 브런치 메뉴로 단호박 수프 생크림 단호박 요리는 포만감도 좋아서 스프만 먹어도 맛있지만 바삭하게 빵을 구워 곁들여 브런치 만들기 했어요 오늘은 우유와 생크림 넣고 끓인 단호박스프 고소하고 맛있는 단호박스프를 끓여 먹은 단호박스프레시피를 소개해 봅니다 더운 여름 단호박스프 만들 때 전자레인지로 간단하게 익힌 다음 만들면 좀 더 간단하고 쉽게 만들 수 있어요 ?밥숟가락 계량컵 사용 ?
잣단호박스프,얼마전 유튜브를 보다가 <하루하루문숙>에서 소개된 단호박스프를 보게되었어요. 만드는 방법도 너무 간단하고요~ 특별히 잣을 넣어서 뭔가 더 맛있어보여그 맛이 너무 궁금하더라고요!! 재료 준비하여 만들어보았어요.
토마토스프,다이어트 시 굶는 것보다 내 몸에 맞는 건강한 다이어트 음식을 챙겨 드세요. 저지방 고단백질 닭가슴살 넣고 닭 육수 대신 치킨스톡을 활용했어요. 토마토의 라이코펜은 생으로 먹을 때보다 익혀서 먹으면 체내 흡수율이 더욱 높아진다고 해서 되도록 토마토는 익혀서 먹어요. ?신선한 채소의 맛과 영양을 담아 정성으로 끓인 다이어트 스프 닭가슴살  토마토  양배추가 들어가야 제대로 된 마녀스프 입니다. 다이어트 스프로 한동안 핫했던 마녀스프가 다시 핫해진 이유는 그만큼 많은 분들이 다이어트에 성공을 해 다시 인기가 좋아지는 거 아니겠어요. 추석 연휴 끝나면 급찐 살은 다이어트에 좋은 마녀스프로 다시 날씬한 몸으로 되돌릴 수 있습니다. 마녀스프 레시피 시작할게요.
베이컨감자스프,닭육수로 국물이 진한 감자스프 만들기
미니단호박스프,제철 미니단호박 스프 밤호박요리 간단요리 아침밥상
인삼크림감자스프,부드러운 크림 감자스프에 인삼을 더해 영양까지 더해진다. 인삼을 넣은 크림 감자스프레시피이다. 누구나 쉽고 간단하게 만들 수 있는 요리다.
고구마스프,매일 고구마를 찜기에 찌거나 에프에 간식으로 구워먹다가 살짝 색다르게 아침메뉴 겸 부담없이 먹을 수 있는 고구마스프를 만들었어요(작은술: 티스푼 기준입니다)
고구마스프,아이들을 위한 고구마 스프를 만들어봤어요~ 정말 쉽게 만들 수 있는 방법! 바로 스프레드 제품을 이용하는거랍니다~ 시작해볼게요~
고구마스프,아침 식사 대용으로 좋은 간편하게 고구마 스프 만드는 법
옥수수크림스프,냉동실에 보관하고 있던 찰옥수수를 처치하기 위해 크림스프를 만들어 보았어요. 만드는 과정이 간단하면서 맛도 좋아 추천하고 싶은 요리랍니다. 
감자스프,아침으로 드시면 참 좋은 속편한 음식인 감자수프 만들었어요. 생크림 없이도 고소하고 크리미하고 감칠맛나게 만드는 꿀팁 알려드릴께요. 함께 맛있게 만들어 보아요.
치킨스프,우리나라에서 아플때 죽을 먹듯이  미국에서는 치킨스프를 먹는다고합니다~ 정말 간단하게 만들어 볼 수 있는 레시피~ 치킨스프 만드는법 소개해드릴게요~ 따뜻한 국물로 추운 몸을 녹여주세요~
양송이감자스프,든든한 아침 대용으로 좋은 스프
감자스프,라앤타는 특별히 좋아하지도 않으면서 감자는 10파운드 백으로 사야 맛이라고 생각하는 어리석은 사람이다. 잘 먹지도 않으면서 감자 한 백 품에 안고 돌아 오는 날이면 왠지 마음이 넉넉하니 기분이 좋다. 그래서 늘 감자에 싹이 나서 잎이 나서 하는 노래를 머릿속으로 뱅뱅 돌리는 편인데 아마도 감자라는 식재료가 비싸지 않은 아이라 그렇지 싶다. ? 어떤 집에나 흔해 빠진 것이 감자일 것이다. 오늘 그 감자 좀 맘껏 사용할 수 있으니 더 좋다. 부슬 부슬 으깨 넣는 감자가 폭신한 눈인 듯도 싶고 솜 이불인 듯도 싶은 게 왠지 푸근하게 느껴진다. 바삭하게 잘 구운 베이컨 좀 잘라 넣고 치즈 좀 진득허니 섞어 주고 나면... ? 칼로리는 내 알바 아니고 요거 참 맛있다~ ? 2022 토론토 중앙일보 크리스마스 특집 친절한 라앤타의 크리스마스 테이블 중 ?
마녀스프,장안에 화재였던 디톡스 다이어트 스프 야채 가득 넣어 끓인 마녀스프 만들어 볼게요~^^
브로콜리두부스프,두부 넣어 아침 식사 대용으로 든든한 브로콜리 두부 스프
