MENU_NAME,DATA,Category
두부야채죽,아침식사로 좋은 영양만점 두부 야채죽입니다.,이유식
맛밤롤빵,김경희님의 저서 [계량컵 하나로 후다닥 홈베이킹]의 빵 기본반죽을 따라해보기로 하고 시작을 했는데요.. 정신을 어디다 두고 사는지 평소 빵만드는 법처럼 되버렸네요^^;;,이유식
어묵,생선살을 갈아서 만든 홈메이드 어묵입니다. 파프리카를 다져서 넣어서 색도 예쁘고 첨가물이 없어서 아가들 이유식이나 다이어트에 적극 추천합니다.,이유식
어묵파프리카볶음,국민반찬 어묵볶음에 파프리카를 넣어 만들었어요.,이유식
가래떡꼬치,안주로 좋은 가래떡 모듬꼬치입니다.,이유식
시금치불고기샌드위치,시금치 한우 불고기 샌드위치,이유식
황태구이,황태는 얼어 붙어서 더덕처럼 마른 북어라 하여 더덕북어라고도 한다고해요~ 한 겨울철에 명태를 일교차가 큰 덕장에 걸어 영하 10도이하의 차가운 바람을 맞으며 얼고 녹기를 스무번 이상 반복해서 4개월간 말린 명태를 말한답니다!! 단백질이 60%를 차지하고 있는 고단백 식품이죠~~ 빛이 누렇고 살이 연하고 부드러우며 쫄깃하고 포근포근한 육질이 시감을 좋게하고 일반 북어에 비해 깊은 맛이 있지요~ 황태는 해독작용이 뛰어나서 숙취해소와 간장해독  노폐물제거 등의 효능을 갖고 있어 술마신 다음날 황태국 한그릇이면 속을 시원하게 만들어주죠~~ㅋㅋ 신랑이 황태포구이를 참 좋아하는데 이상하게 잘 않사게 되는 건어물중 하나랄까요!,이유식
쇠고기야채죽,잡곡에 여러가지 재료들을 섞어 맛있게 만들어 보았어요~ 아기 이유식 잡곡 쇠고기 야채 죽입니다!,이유식
호두밤미음,매번 야채  두부  고기류를 넣어 이유식을 만들어 주는데 가끔은 다른 재료를 넣어 먹거리를 더 다양하게 먹이려고 노력해 봅니다.,이유식
호박당근미음,이유식을 처음 하게 되면 아이가 얼마나 잘 먹을지 걱정반 기대반 하게 되는데요~ 다행히 잘 먹어주면 야채 하나씩 늘려 가면 되더라구요.,이유식
고구마미음,이유식을 쌀미음만 계속 하다가 야채 하나씩 넣어 주기 시작했답니다. 물을 많이 먹지 않아 그런지 이유식 시작하면서 변비가 조금 있는것 같아 변비에 좋은 고구마를 살짝 넣어 만들어 봤어요~,이유식
쿠키,오늘은 친구 아기들 줄려고 베베쿠키를 만들었어요. 8개월에 접어들어 조금씩 과자를 먹더라구요. 7개월부터 먹을수있다고 하는데 조금 오독한 식감이라 8개월부터 먹는게 좋을꺼같더라구요.,이유식
단호박타락죽,간단하지만 속이 든든해지는 단호박 타락죽 만들기 입니다.,이유식
카스피해유산균,카스피해 유산균 종균 가루 배양하기,이유식
고구마퓨레,8개월 조카를 위한 이유식  귀여운 조카를 위해 만들어 보았답니다.,이유식
닭가슴살부침,닭가슴살을 간단하게 계란을 넣어 부쳐보았어요.,이유식
멸치볶음,혈당이 낮아 건강에도 좋고 맛도 좋은 달콤한 멸치볶음입니다.,이유식
치즈새우찹쌀죽,피로가 겹쳐서 몸이 피곤하면 입맛도 피곤해 하지요. 칼슘과 바다가 만나서 맛도 좋고 소화도 잘되는 죽~! 출출할때나 아가들 이유식으로도 좋은 치즈 새우 찹쌀죽을 끓였어요..,이유식
감자치즈볼,안심하고 먹을수 있는 엄마표 간식. 맛이며 크기 또한 아기가 먹기 좋게 만든 감자치즈볼입니다.,이유식
후리가케,엄마가 직접 화학조미료  원산지 걱정 없이 만드는 '홈메이드 후리가케' 꼭 한번 만들어 보세요.,이유식
쌀미음,아이 이유식으로 좋은 담백한 쌀미음입니다.,이유식
야채죽,야채 듬뿍 들어간 엄마표 야채죽,이유식
단호박죽,아기들을 위한 호박죽,이유식
달걀죽,아푸지 않아도  한끼식사로 그냥 굿 입니다 ~~ 부드럽고 고소한것이 아이들  아기들에게도 좋을것 같은 달걀죽 이랍니다 ~,이유식
호두타락죽,정말 고소하고 부드럽고 맛있는 죽이에요~^0^  아가들 이유식으로도 좋을것 같구여.. 보양식이나 다이어트식으로도 짱 좋은 죽이랍니다~,이유식
새우야채죽,통통한 새우살과 야채 듬뿍 들어간 새우야채죽,이유식
옥수수콩죽,어린 아가들 이유식으로도 그만이구여~ 수험생 두뇌에도 좋은 옥수수콩죽 만드는 법입니다.,이유식
콩죽,고소하고 담백한 맛이 은근 중독성 있는 영양 만점 콩죽!,이유식
잔멸치배추진밥,후기 이유식으로 칼슐이 풍부한 잔멸치 이유식을 만들어 보세요.  후라이팬에서 볶는게 아니라서 느끼하지도 않고 담백해서 아기 이유식으로 좋습니다.,이유식
사과미음,사과마음 만드는법 간단해요.,이유식
야채달걀스크램블,쇠고기 달걀 야채...몽땅 먹을 수 있는 3종 세트네용~ 만드는 시간이나 방법 또한 완전 간단하니 어느 때고 손쉽게 만들 수 있는 간단아기반찬으로는 1순위 입니당!!,이유식
닭가슴살야채볶음,닭가슴살과 야채를 넣어만든 영양가득 요리입니다.,이유식
햄버그스테이크,아기반찬으로 좋은 햄버그 스테이크입니다.,이유식
소고기버섯리조또,오늘은 치즈향이 가득한 쇠고기 버섯 리조또를 만들어 보려고 합니다.,이유식
미니새송이버섯볶음,아이들이 먹기 좋은 미니새송이버섯볶음 소개합니다~,이유식
생선완자찜,생선완자찜은 고기 대신 흰살생선을 이용해서 채소도 사용하고 당면도 넣어서 근기도 있는 반찬으로도 간식으로도 좋은 음식이예요,이유식
밤호박스프,그냥 먹어도 밤처럼 맛난 밤호박 부드럽고 깊은 맛나는 호박스프 만들었어요~,이유식
소고기토마토카레볶음,카레로 할 수 있는 아기반찬은 생각보다 아주 다양합니다. 볶음밥  덮밥  볶음  조림까지! 그 중 오늘 해볼 아기반찬은 소고기 토마토 카레 볶음입니다. 토마토와 카레~ 재료만으로도 굉장히 웰빙반찬 같지 않나요? 그럼 소고기토마토카레볶음!! 시작해 보자구요!!,이유식
베이컨볶음밥,조리시간도 길지 않고 아이가 잘만 먹어준다면 땡큐인 완소 볶음밥! 짭짤한 베이컨을 이용한 베이컨볶음밥 입니다.,이유식
새우계란찜,간간하고 부드럽고 담백한 두부 계란찜입니다.,이유식
쌀미음,6개월 아기 이유식 쌀미음입니다.,이유식
팽이버섯볶음,짜투리 채소를 이용한 팽이버섯 볶음입니다.,이유식
소고기볶음,소고기반찬을 준비했어요. 밥과 반찬으로 함께 먹어도 되고 주먹밥을 만들 때도 넣어 줄 수 있는 소고기볶음입니다. 고기 반찬 치고 시간이 오래 걸리지 않아 누구나 손쉽게 만들 수 있는 반찬이죠.,이유식
양배추미음,아이 초기 이유식으로 아주 좋은 양배추 미음,이유식
계란말이,우리아이 건강반찬. 계란말이&소고기볶음 만들기,이유식
토마토가지볶음,간단하지만 몸에 좋은 토마토가지볶음입니다.,이유식
소고기배미음,영양이 가득해 아이 감기에 좋은 소고기배 미음,이유식
닭고기고구마미음,닭가슴살미음을 만들었습니다. 미음이라고는 하지만 거의 미음과 죽의 중간정도의 이유식이랍니다.,이유식
동그랑땡,손이 많이 가지만 영양이 듬뿍! 아기반찬으로 좋은 동그랑땡입니다.,이유식
닭고기버섯볶음,간편반찬이나 아기 반찬으로 좋은 닭고기버섯볶음,이유식
치즈계란찜,고소하고 영양만점인 치즈계란찜,이유식
콩전,고소한 콩 내음 가득한 콩전 만들기~!,이유식
호두두부동그랑땡,호두와 두부가 들어가 담백함과 고소함이 두배! 아이들 간식으로 반찬으로 영양만점 호두두부동그랑땡입니다,이유식
미역표고버섯소고기죽,미역은 칼슘함량이 높아 골격과 치아를 튼튼하게 해주고 변비가 있는 아기에게도 좋은 이유식 재료라고 합니다. 말린 표고버섯은 미역의 칼슘 흡수를 도와주기 때문에 영양면에서는 더욱 좋아지는 이유식 메뉴네요.,이유식
옥수수달걀진밥,어제 처음으로 시도를 했는데 살짝 버거운지 조금 남겼지만 나름대로 이유식을 잘 먹는 편이라 무난히 후기이유식을 시작할 수 있을 것 같습니다. 노릇노릇 흰살생선옥수수달걀진밥 이유식입니다.,이유식
메추리알장조림,간단하면서 아들이 무지 좋아하는 계란 반찬 바로 메추리알장조림 만들어봤네요 ,이유식
우엉조림,번거롭지 않고 쉽게 만들 수 있어요~ 어린아이들이 먹을 수 있는 고소한 우엉조림을 소개합니다!,이유식
소고기야채덮밥,27개월 아기반찬~ 영양소를 고루 섭취할 수 있는 한그릇 요리! 소고기야채볶음  소고기야채덮밥을 소개합니다.,이유식
소고기야채진밥,있는 재료내에서 손쉽게 할 수 있는 이유식,이유식
백김치볶음밥,아이가 김치를 안먹어 걱정이라면 우리나라는 빨간김치말고도 맛있는 김치가 참 많이 있어요. 그래서 오늘은 백김치로 만든 백김치볶음밥 만드는법을 알려드릴께요.,이유식
버섯무침,볶음류는 기름이 들어가기지만 무침은 끓는 물에 데쳐서 익히기 때문에 아이들 반찬으로는 완전 강추 반찬입니다.,이유식
닭고기달걀죽,고기이유식을 좋아하는 아가를 위해 닭고기가 들어간 닭고기 달걀죽을 준비해보았습니다.,이유식
새우애호박백일송이죽,중후기 이유식으로 좋은 새우 애호박 백일송이죽 만드는 법을 소개합니다~!,이유식
야채달걀스크램블,소고기  달걀  야채! 몽땅 먹을 수 있는 3종 세트~^^*  만드는 시간이나 방법 또한 완전 간단하니 어느 때고 손쉽게 만들 수 있는 간단 아기 반찬으로는 1순위 입니당!,이유식
당근요구르트스프,아기가 잘 먹는 이유식은 따로있다? 목이 부은 꼬마대장이 잘 먹어 줄 것 같은 당근요구르트냉수프 만들어볼게요~,이유식
고구마근대진밥,위와 장을 튼튼하게 해주고 성장발육에도 좋은 근대로 만든 이유식입니다.,이유식
진밥,보라색 채소들은 발암물질을 억제하고 위장강화  눈을 맑게 해주는 효능이 있다고 합니다. 적채를 넣은 이유식을 소개합니다~,이유식
배추진밥,닭고기와 두부가 살아있는 완료가 이유식 닭고기 배추진밥입니다.,이유식
소고기무미역진밥,소고기만으로도 훌륭한 재료지만 여기에 백일송이 버섯도 넣고 감기에 걸렸을때 먹이면 좋은 이유식 재료 중 무를 선택했습니다.,이유식
소고기죽,전기밥솥으로 손쉽게 만드는 소고기죽,이유식
소고기밥전,혼자 먹는 연습도 시킬 겸 겸사겸사해서 밥전을 준비했습니다. 저는 오늘 살짝 불고기 맛이 나기도 하는 소고기밥전을 만들어 보려고 합니다.,이유식
멜론감자콜리플라워스프,부드러운 콜리플라워와 메론  감자의 조합이 잘 어우러진 메론감자콜리플라워스프 완성입니당~ 항암효과와 피로회복과 변비에 좋은 메론~ 감기와 변비에 좋은 후기이유식 메뉴로 추천합니다!,이유식
전복양송이버섯조림,전복죽도 좋지만 이번에는 버섯을 넣고 짭짤한 버섯조림으로 준비를 해봤습니다.,이유식
토마토스파게티,13개월  25개월 두아가들을 위한 주말 특별식 맛있는 토마토로 만든 토마토 스파게티.,이유식
표고버섯달걀진밥,재료들 총 출동한 닭고기표고버섯달걀진밥,이유식
밥새우고구마전,달달하고 고소한 맛~ 초간단 아기 간식 밥새우고구마전!,이유식
소고기두부진밥,오늘은 소고기와 두부를 넣은 소고기두부진밥을 만들어 봤습니다.,이유식
소고기사과죽,11개월이 조금 넘어가는 둘째 후기이유식 소고기사과야채죽 만드는법 소개할께요.,이유식
컬리플라워닭고기죽,11개월 조금 넘어가는 둘째를 위한 후기이유식 닭고기컬리플라워죽 만들기 들어갑니다.,이유식
멸치야채죽,11개월에서 12개월로 넘어가는 둘째를 위한 후기이유식 멸치야채죽을 만들었습니다. 성장기에 꼭 필요한 칼슘섭취를 멸치를 넣어 보충해주었어요. 멸치야채죽 만드는법 소개합니다.,이유식
미역멸치죽,미네랄이 가득한 미역과 칼슘섭취에 좋은 잔멸치를 넣어서 간도 살짝쿵 되어 육수가 맛나는 이유식이 된답니다.,이유식
대추닭가슴살죽,날이 너무 더워지고 있어서 우리 아가들도 몸보신 좀 해야지요. 그래서 대추와 닭가슴살을 넣고 영양죽을 만들어보았어요.,이유식
소세지김밥,매일 매일 고민하게되는 아가들 식단  수제 소세지로 김밥 만들어봤어요.,이유식
게살죽,후다닥 이유식 게살죽 입니다.,이유식
오징어간장볶음,달콤쫄깃한 아기들 반찬~ 오징어볶음!,이유식
대구김치죽,대구살을 넣어 만든 이유식입니다.,이유식
조개살야채죽,조개살은 해감이 잘 된것을 이용하세요.,이유식
치즈무른밥,옥수수와 치즈가 들어있어 고소한 이유식입니다.,이유식
김치소고기죽,묵은지에는 젖산이라는 영양소가 있어서 성장기 아이들에게 좋다고 합니다. 묵은지가 들어있는 이유식만들기 입니다.,이유식
파프리카된장죽,파프리카의 특유의 향때문에 아이가 거부감이 일수도 있는데요. 된장을 살짝 풀어 함께 만들면 맛나는 이유식이 된답니다.,이유식
전복죽,오늘은 최고의 보양식인 맛있는 전복죽을 만들어 보려고 합니다.,이유식
쌀미음,초기 이유식  멥쌀미음만드는 방법,이유식
궁중떡볶이,한끼 식사로 거뜬하고 어른 아이 함께 즐길 수 있는 요리랍니다.,이유식
파래전,아이  어른 모두 함께 즐길 수 있는 쉽고 간단한 파래전입니다~,이유식
애호박미음,알레르기의 위험도 적고  달달한 특유의 맛이 느껴지는 애호박 미음! 초기이유식으로 딱이에요~!,이유식
찹쌀미음,초기이유식 1단계 찹쌀미음 만들기 레시피 알려드릴게요.,이유식
쌀미음,초기이유식으로 좋은 쌀미음입니다.,이유식
현미미음,초기이유식 현미미음입니다. 현미는 아기들이 먹었을때 고소한맛이 더해져 일반 멥쌀이나 찹쌀미음보다 더 잘 먹는 미음이예요. 현미를 불려 갈아서 만들어 봤어요.,이유식
소고기미역진밥,25개월 아이가 먹기 딱 좋은 소고기미역진밥입니다.,이유식
아기김치,새콤달콤 물김치로 아이들 입맛을 사로잡아 보세요.,이유식
단호박쿠키,겉은 바삭하고 속은 촉촉한 아기간식. 단호박쿠키 만들어 보세요.,이유식
쌀미음,아이 첫 이유식으로 쌀미음 끓여봤어요.,이유식
소고기미음,쌀미음 다음 단계에 먹는 소고기 미음,이유식
굴비야채전,온가족이 사랑하는 굴비요리 ,이유식
소고기브로콜리미음,간단하게 끓이는 소고기브로콜리미음,이유식
소고기버섯리조또,오늘은 치즈향이 가득한 소고기버섯리조또를 만들어 보려고 합니다. 고소하고 담백한 치즈 맛에 부드럽기까지 하니 아이들이 너무 좋아하는 메뉴 중 하나이지요. 치즈향으로 가득 채워줄 소고기버섯리조또~ 만들어 보겠습니다.,이유식
양배추소고기미음,쌀미음  소고기미음 다음으로 먹는 미음입니다. ,이유식
콘야채전,콘야채전은 아이들 간식으로도 손색이 없고  야채 싫어하는 아이들도 고소하니까 잘먹게 되는것 같아요~,이유식
국수,그동안 밥과 국  반찬을 위주로 먹이다가 요즘 면을 좋아하는것 같아 진한육수 우러내고 야채 듬뿍넣어 아기국수를 만들어봤어요~,이유식
감자미음,햇감자로 만든 초기이유식 감자미음 만들어 볼께요.,이유식
크림떡볶이,아이들도 좋아하고 엄마들도 좋아하는 크림소스 떡볶이예요.,이유식
닭간장조림,따뜻할때 먹어도 식어서 먹어도 맛난~~아기 찜닭!!,이유식
소고기감자볶음,간단하게 감자랑 고기 야채 넣고 한끼 반찬 만들었어요,이유식
잡채밥,미니잡채로 12개월  5살  34살이 함께 먹었어요. 모두 맛있게 잘 먹은 점심시간이였죠!!!,이유식
크림수프리조또,크림수프 하나로 맛있는 리조또 만들어요~~~,이유식
브로콜리무침,돌 이후 밥 먹기 시작한 둘째에게 해주던 반찬들을 모아봤어요. 대부분 대치고 무치는것이라 쉽게 만들 수 있어요.,이유식
연유사탕,남은 분유에 연유를 넣어 사탕을 만들어었어요.,이유식
두부부침,영양듬뿍 아이 간식 두부부침입니다. 집에 있는 이유식 재료에 쓰이는 채소를 모두 넣어 만들었어요.   ,이유식
치킨덮밥,남은 치킨으로 만드는 치킨덮밥~ 마요네즈만 뿌리면 치킨마요덮밥~,이유식
소고기감자샐러드,소고기 감자샐러드는 정말 모든 야채들을 다져서 쏙쏙쏙~~ 넣고~!! 소고기 넣고 감자 많이~~~ 넣고 버무리듯 볶아주면 정말정말 너무너무 잘먹는 간식이랍니다.,이유식
순두부진밥,순두부 들어간 이유식! 요즘 감자도 참 맛있고 그러니 같이 넣고 만들면 정말 맛있는 이유식이 되지요.,이유식
쌀국수,돌이 지난 아이을 위한 후기 이유식  잔치쌀국수입니다.,이유식
감자미음,첫 야채 이유식으로 준비한 감자미음~,이유식
브로콜리미음,비타민이 풍부해서 감기예방에도 좋고 철분이 풍부해 빈혈 예방에도 좋은 브로콜리를 이용한 미음을 만들어볼게요~,이유식
옥수수스프,간단하지만 엄마표 정성이 들어간 옥수수 스프 입니다 이유식으로도 좋고 간단한 간식으로도 좋아요,이유식
배추속대쇠고기밥롤,아이도 매일 먹는 밥이 지겨울거예요 집에 있는 재료로 충분히 만들 수 있는 핑거푸드 입니다 ^^,이유식
새우야채완자,특별한 간식을 주고 싶을때! 아이에게 엄마표 정성을 ^^,이유식
후리카케,돌쟁이 밥먹이기 너무 힘들죠. 무슨 반찬을 해야할지도 걱정..그럴때 후리카케로 조물조물 밥과 비벼주면 한끼는 무사히 넘길수 있답니다~:),이유식
소고기파국,소고기랑 파로 얼큰한 국을 끓이면서 아이는 맑은소고기파국을 끓여주었어요.,이유식
오징어야채전,아기반찬~어떤메뉴를 자주 만들어주세요? 전 전요리를 자주 해주는편인데  그중에서 오징어야채전을 자주 해주는 편이에요. 아이가 안먹는 것이 바로 야채! 특히 야채의 식감이 느껴지면 어김없이 뱉어버리기에  곱게 갈아서 전으로 만들어주는데 아이가 잘 먹더라구요.,이유식
소고기부추밥전,아이가 편하게 먹을수 있고 흘리지 않는 음식을 찾다가 유아식판식 책을 보고 만들어본거에요~,이유식
소고기야채주먹밥,아이가 밥을 잘 안먹어서 해보게된 첫 핑거푸드 음식이에요. 유아 식판식 책을 보고 따라했어요^^,이유식
계란찜,돌이 지난 우리아가 점점 먹을 수 있는 음식들이 많아져서 요즘 뭘 만들어서 먹일까 신나있습니다!! 오늘은 처음으로 계란에 도전할꺼예요. 계란은 이유식 중기때  계란 노른자부터 시작 할 수 있기는 한대요. 혹시 모를 알러지 때문에 돌이 지난다음 시작했어요. 돌이 지나면 노른자 흰자 모두 먹을 수 있어요. 계란엔 고단백질을 함유하고 있어서 영양만점!! 아직 기름이 들어간 음식을 먹어보지 못해서 제일 부담없는 계란찜부터 시작하려고 합니다.,이유식
단호박미음,   비타민A뿐만 아니라  비타민B  비타미c 각종무기질  섬유소가  풍부해서 우리 아기이유식 식재료로 사용하기 정말 좋아요 ,이유식
당근미음,베타카로틴이 풍부한 당근은 비타민A의 향량이 높아 눈건강에도 좋을뿐 아니라 몸을 따뜻하게해 혈액순환에도 도움을 주는 당근을 이용해 초기이유식 당근미음을 만들어 봤어요 ,이유식
브로콜리미음,브로컬리 미음은 초기에 섭취하면 우리 아기에게 좋은 이유식중 하나예요. ,이유식
이유식,중기이유식으로 좋은 소고기 치즈 이유식! 치즈가 들어가 더욱 고소해요^^,이유식
청경채소고기죽,청경채는 사계절내내 쉽게 구입할수있는 채소중 하나 이유식초기단계부터 먹일 수 있는 대표적인 채소예요. 칼슘  나트륨 등 각종 미네랄과 비타민 C나 카로틴이 풍부하여 피부에도 좋고 치아나 골격발육에도 좋아요. ,이유식
소고기애호박죽,중기이유식을 시작하면서 두가지재료를 함께 넣어 만들기 시작하는데요. 중기중에서도 초기라 여러가지재료를 이유식을 시작하면서 대표적으로 많이 사용하게되는 채소인 애호박을 이용해 소고기애호박죽을 만들어볼께요 애호박은 베타카로틴  비타민C가 풍부해서 두뇌발달에도 좋고  면역력을 강화시켜주는데 도움을 주는 대표적인 채소예요. ,이유식
버섯치즈리조또,고소한 치즈가 들어가 아이들이 좋아하는 버섯 치즈 리조또! 후기 이유식으로 정말 좋아요^^,이유식
치즈리조또,토마토와 풍부한 영양의 아기치즈를 활용해 만드는 토마토 치즈 리조또~ 완료기 이유식으로 맛있게 만들어보세요^^,이유식
굴국밥,아기가 감기에 걸려서 몸보신 용으로 굴을 넣어 만들어 봤어요 ,이유식
배대추버섯죽,밥솥을 이용한 이유식으로  쌀쌀한 겨울 목감기 기침감기에 좋은 이유식 이에용 어른용으로 따로 약간만 간을 해서 먹어도 참 좋답니다,이유식
육수보관,이유식 육수 만드는 법 이에요 이유식 뿐만 아니라 국이나 찌개에 활용할수 있고 간편하게 육수를 만들수 있는법을 올려놨어요 ,이유식
이유식,우유 대신 분유를 넣은 초기이유식! 분유가 들어가 아이가 거부하지 않고 잘 먹어요^^ ,이유식
주먹밥,이유식 유아식 아기가 간편하게 먹을수 있는 핑거푸드 예요 재료도 만들기도 너무 간단한 아기주먹밥 외출할때  챙겨가기도 참 좋아요 ,이유식
치즈새우죽,이유를 알 수 없지만 지난 수요일 저녁부터 갑자기 고열이 시작된 저희 아이!! 약기운이 떨어지면 39~39.5도의 고열에 고생한지 5박 6일째  그렇게나 잘먹던 아이가 잘 먹지 않아 이것저것 잘 목을만한 음식을 고민했답니다~아이가 좋아하는 새우를 넣은 죽에 치즈를 넣어 부드러움과 맛을 더했어요.,이유식
이유식,처음으로 기본고기에 야채3가지씩 늘려봤어요!! ㅎ ,이유식
이유식,닭안심을 먹다가 이날처음으로 닭가슴살을 사왔네요 달달한 아침이유식! 담백한 저녁소고기이유식이 좋답니다.,이유식
이유식,이번 소고기이유식은 정말 궁합이 아주 좋아요!! 새송이버섯과 감자가 만나면 맛있는 이유식이 만들어져서 대부분 잘먹어요.,이유식
이유식,고기의 정량을 알게되어서 이제 정량으로! 아기의 개월수에 맞게 만들어봤습니다.  소고기를 잘먹는 아기라 더 맛있게 먹으라고 달달하게 아침은 담백하게 했어요.,이유식
중기이유식,처음으로 두부를! 첨가물이 안들어간 제품으로 찾다가 CJ 행복한 콩 모닝두부가 제일 나은것같아서 사용했네요,이유식
소불고기,아기반찬으로 좋은 소불고기입니다. 다른반찬 필요없이 요거에 밥만 _는데 고기도 잘먹고 양파도 잘먹고 폭풍 흡입햇답니다 ㅎ,이유식
검은콩스프,밥에 넣으려고 불려뒀던 콩이 좀 많아서 아기에게 검은콩 스프를 만들어주기로 했어요~사용하고 남은 계란물이 있어 두부에 입혀 두부부침도 곁들였더니 단백질 두둑한 한끼가 되었네요.,이유식
쇠고기배미음,중기이유식으로 만들면 좋은 영양만점 쇠고기배미음과 배퓨레입니다.,이유식
양파죽,영양만점 8개월 이유식 만들기.,이유식
호박죽,제가 만든 음식이라면 뭐든 잘먹는 조카를 위해 단호박으로 간단하게 만들었어요,이유식
늙은호박타락죽,시댁에서 가져온 늙은호박으로 늙은호박타락죽을 만들어보았어요. 부드럽고 고소한 타락죽 한번 드셔보세요~,이유식
단호박죽,영양 많고 소화도 잘 되는 단호박죽 맛있게 끓이는 법 소개합니다.,이유식
들깨채소죽,고소한 들깨가루를 넣고 끓은 채소죽은 아이들이 먹기에도 영양만점인데요 바쁜 아침시간 어른들이 식사대용으로 먹기에도 좋지요 간편하게 찬밥으로 끓인 들깨채소죽입니다,이유식
들깨미역죽,들깨와 미역을 이용한 고소하고 영양 가득한 부드러운 들깨미역죽은 아가들의 이유식으로도 좋답니다^^,이유식
닭죽,아기보양식 아기닭죽  닭가슴살로만 하던 닭죽이랑은 차원이 달라요!!,이유식
양배추미음,위장을 튼튼하게 해주는 양배추는 아이들의 소화에 부담을 줄여 주기 때문에 이유식 재료로 좋아요.,이유식
닭가슴살양배추죽,닭가슴살은 단백질이 풍부해 어린이 성장에 도움을 주고 양배추는 소화에 도움을 주어 이유식으로 좋습니다.,이유식
고구마스프,오늘은 추운날씨에 딱! 어울리는 고구마 스프를 준비했어요! ,이유식
오이소고기죽,숲에서 나는 버터라는 아보카도를 이용해서 9개월 아기의 이유식을 만들었습니다. 비타민과 미네랄이 많아 영양가가 정말 높은 열대과일입니다. ,이유식
시금치스크램블에그,아이들 어릴 때 늘 이유식  유아식 해주느라 바빴던 것 같아요~ 오늘은 아이들 유아식으로도 좋은 시금치 스크램블에그 만들어봤어요. 유아식으로도 좋고 만들기도 쉽고!! 바쁜 아침 입맛 없을 때 간단하게 만들어서 먹을 수 있는 영양만점 시금치 스크램블 에그랍니다~ 아침 대용으로도 좋고 유아식으로도 아주 좋아요~!,이유식
밥새우주먹밥,아기들 외출 이유식으로 좋은 밥새우주먹밥입니다.,이유식
간장떡볶이,아기간식으로 좋은 간장떡볶이랍니다.,이유식
닭고기완자,아기 후기 이유식으로 핑거푸드 닭고기 완자를 만들어 봤어요~,이유식
카레라이스,순하고 부드러운 아기카레라이스입니다.,이유식
밥전,영양만점 간단하게 만들 수 있는 찬밥 이용!! 전 만들기입니다.,이유식
닭고기덮밥,영양만점 아기닭고기 덥밥 만들기 입니다.,이유식
멸치주먹밥,외출할때 좋은 아기멸치주먹밥이랍니다. 멸치효능은 골다공증 예방 단백질과 칼슘(ca)등 무기질이 풍부해서 어린이들의 성장 발육과 여성들의 골다공증예방 태아의 뼈 형성과 산모의 뼈 성분 보충에 탁월한 식품입니다. 김의 효능은 두뇌발달  면역력향상에 좋습니다.,이유식
귀리샐러드,귀리와 단호박 과 고구마.감자를 넣어   한끼 든든한 샐러드를 만들어 보았어요.  식용 장미꽃을 얹으니 예쁜 샐러드가 되었네요♡♡,이유식
쌀미음,처음시작하는 울 딸래미 이유식 만들기. 솔직히 걱정도 되고 후기까지 잘 만들 수 있을지 걱정도 되는데요. 그래도 좋은 거 만들어 먹이고 싶은 엄마의 맘으로 한번 잘 만들어 볼려구요. 완모하던 아기라 만6개월부터 이유식을 시작하기에 쌀미음 찹쌀미음 하고 소고기미음 으로 넘어간 후 그담부터 소고기는 베이스를 넣고 시작하려고 해요. 잘할 수 있겠죠?,이유식
찹쌀미음,아주쉬운 초기이유식인 찹쌀미음 만드는법입니다.,이유식
소고기미음,초기이유식으로 좋은 소고기미음입니다.,이유식
애호박소고기미음,오늘 처음 사용해본 야채는 애호박이예요. 기본 베이스인 소고기미음에 애호박이 들어가는 차이라고 할까요.,이유식
소고기전복이유식,안녕하세요. 바람이 살랑살랑 부는 월요일이에요^^ 날씨가 너무 좋죠? 오늘은 우리 아이 이유식을 전복과 소고기를 넣어 고소하게 만들어 봤답니다. 별미 이유식중에 최고!,이유식
단호박소고기미음,단호박이 들어가서 색깔이 넘 이쁜 초기이유식 단호박 소고기 미음입니다.,이유식
양배추소고기찹쌀미음,초기이유식으로 좋은 양배추 소고기 찹쌀미음입니다.,이유식
단호박닭가슴살죽,8개월차 아기 먹일 이유식 입니다.,이유식
황태손질,소고기 넣은 미역국도 맛있지만... 국물이 시원한 황태미역국...  고기 안 드시는 엄마를 위해서 보글보글 끓여 보았어요.  물론... 어린아이국으로도 좋은 황태미역국이랍니다.,이유식
전복이유식,이유식! 말 그대로 정성을 담아 만들어주는 우리 아이 식단이죠 오늘 첨가해본 재료는 흙애서 완도 전복이고요! 정말 너무 맛있었던 던 전복 이유식!  이번에 반했잖아요~전복 이유식 너무 추천드립니다^^,이유식
스팸잡채,며칠전에 파머시마켓에서 사온야채로  잡채를 만들었습니다 돼지고기가 없어 스팸을 사용했습니다,이유식
두부죽,이유식거부가 온 막둥이! 고소한 두부맛에 빠져봐♡ 110ml 3개분량,이유식
짜장,오늘은 율이가 좋아하는 짜장만들기예요~! 아기반찬 팁때 공개했던 야채 다짐이만 있으면 10분이면 휘리릭~!,이유식
닭고기컬리플라워비트죽,밥솥이유식의 신세계로!,이유식
표고버섯죽,장염걸린 남편을위한 환자식 죽만들기,이유식
호박잎찌는법,호박잎 야무지게 쪄보기! 잘쪄야 칭찬받는다구♥  세상의 모든 레시피 만개의레시피,이유식
마파두부,와이프가 좋아하는 마파두부의 유아버전입니다. 고추가루를 쓰지않아 맵지않고 대신 파프리카를 사용해 색감을 살렸어요.,이유식
칵테일새우호박볶음,아가를위해 맵지않고 심심하게 볶은 반찬입니다,이유식
감자미음,엄마가 직접 만들어서 더욱 맛있고 건강한 이유식으로 우리 아기 튼튼하게 키워주세요:) (초기는 엄마가 직접해주시면 좋을것 같아요)  1. 초기이유식 1단계의 시작 시기 (첫 이유식의 시작시기)  완모(모유수유) 아기 - 생후151~180일에 시작해서 1~2주간 진행함 완분(분유수유)아기 - 생후121~150일에 시작해서 1개월간 진행함 ,이유식
이유식,중기이유식에 들어가는 아기를 위해 만들었습니다.,이유식
청경채미음,,이유식
오이미음,,이유식
사과미음,오늘은 사과미음을 만들어볼껀데요. 이제 저희 아기는 일주일 정도만 지나면 초기1단계 이유식을 마치게 된답니다. 사과는 사실 누구나 좋아하는 무난하고 달콤한 그런 과일인데요. 아기들에게 너무 일찍 단맛을 알려주면 아기가 채소 이유식을 맛없게 느낄수도 있을것 같아 초기1단계 이유식의 거의 끝부분에 과일을 넣어 주기로 했어요. 뭐 정답은 없는거지만 저처럼 과일이유식은 초기 1단계엔 좀 후반에 가서 주는것도 좋은 방법일것 같아요. 자  먼저 사진처럼 사과를 베이킹소다를 이용해서 깨끗하게 물에 헹궈 씻어줍니다!,이유식
브로콜리미음,브로콜리는 비타민 C가 풍부해서 요즘같이 덥고 면역력이 필요할때 아주 좋은 식재료라고 생각이 돼요. 개인적으로 브로콜리를 별로 안좋아하고 거의 요리하지 않는데 아기때부터 자주 접해주면 잘 먹지 않을까 싶더라구요 :) 오늘은 브로콜리 미음을 만들어 볼께요.먼저 쌀가루를 계량할껀데요. 이유식을 할때엔 전자저울이 정말 유용하게 쓰이기 때문에 구입하시길 추천해 드리면서 사진처럼 쌀가루를 10g 으로 계량해서 준비해 주세요. (그릇 먼저 저울에 올린후 0점 조절해서 쌀가루 무게를 측정하면 편해요),이유식
소고기미음,오늘은 초기이유식 2단계의 첫 메뉴인 \'쇠고기미음\' 을 만들어 볼껀데요. 아기는 6개월정도가 되면 체내 철분이 부족하게 되므로 하루에 한번은 꼭 쇠고기나 닭고기등으로 철분을 보충해주어야 한다고 해요. 쇠고기랑 무랑 넣어서 국 끓여도 엄청 시원하고 구수해서 맛있게 먹듯이 아마 아기들도 소고기 특유의 시원한맛을 좋아할것 같은데요 :) 먼저 사진처럼 쇠고기 10g 을 준비해줍니다. 부위는 안심이나 우둔살 처럼 기름기가 없는 부분을 구입하셔야 하구요. 냉장 쇠고기로 구입하실땐 얇게 편썰어달라고 부탁을 해서 구입하면 조리하실때 편리하실것 같아요. 저는 개인적으로 한살림에서 파는 무항생제 다짐육을 구입했는데요. 갈아져있기 때문에 용량 맞추기가 참 편하고 냉동이라 오래놓고 먹이기 좋더라구요. (하지만 냉동이라는 것이 싫으신 분들도 있으시리라 생각해요 선택은 엄마의 몫이죠 :D ),이유식
애호박미음,늘은 초기이유식 2단계의 첫 메뉴인 \'쇠고기애호박미음\' 을 만들어 볼껀데요. 아기는 6개월정도가 되면 체내 철분이 부족하게 되므로 하루에 한번은 꼭 쇠고기나 닭고기등으로 철분을 보충해주어야 한다고 해요. 쇠고기랑 무랑 넣어서 국 끓여도 엄청 시원하고 구수해서 맛있게 먹듯이 아마 아기들도 소고기 특유의 시원한맛을 좋아할것 같은데요 :) 먼저 사진처럼 쇠고기 10g 을 준비해줍니다. 부위는 안심이나 우둔살 처럼 기름기가 없는 부분을 구입하셔야 하구요. 냉장 쇠고기로 구입하실땐 얇게 편썰어달라고 부탁을 해서 구입하면 조리하실때 편리하실것 같아요. 저는 개인적으로 한살림에서 파는 무항생제 다짐육을 구입했는데요. 갈아져있기 때문에 용량 맞추기가 참 편하고 냉동이라 오래놓고 먹이기 좋더라구요. (하지만 냉동이라는 것이 싫으신 분들도 있으시리라 생각해요 선택은 엄마의 몫이죠 :D ),이유식
쇠고기무미음,오늘은 초기이유식 2단계 \'쇠고기무미음\' 을 만들어 볼껀데요. 아기는 6개월정도가 되면 체내 철분이 부족하게 되므로 하루에 한번은 꼭 쇠고기나 닭고기등으로 철분을 보충해주어야 한다고 해요. 쇠고기랑 무랑 넣어서 국 끓여도 엄청 시원하고 구수해서 맛있게 먹듯이 아마 아기들도 소고기 특유의 시원한맛을 좋아할것 같은데요 :) 먼저 사진처럼 쇠고기 10g 을 준비해줍니다. 부위는 안심이나 우둔살 처럼 기름기가 없는 부분을 구입하셔야 하구요. 냉장 쇠고기로 구입하실땐 얇게 편썰어달라고 부탁을 해서 구입하면 조리하실때 편리하실것 같아요. 저는 개인적으로 한살림에서 파는 무항생제 다짐육을 구입했는데요. 갈아져있기 때문에 용량 맞추기가 참 편하고 냉동이라 오래놓고 먹이기 좋더라구요. (하지만 냉동이라는 것이 싫으신 분들도 있으시리라 생각해요 선택은 엄마의 몫이죠 :D ),이유식
쇠고기미역미음,오늘은 초기이유식 2단계 \'쇠고기미역미음\' 을 만들어 볼껀데요. 아기는 6개월정도가 되면 체내 철분이 부족하게 되므로 하루에 한번은 꼭 쇠고기나 닭고기등으로 철분을 보충해주어야 한다고 해요. 쇠고기랑 무랑 넣어서 국 끓여도 엄청 시원하고 구수해서 맛있게 먹듯이 아마 아기들도 소고기 특유의 시원한맛을 좋아할것 같은데요 :) 먼저 사진처럼 쇠고기 10g 을 준비해줍니다. 부위는 안심이나 우둔살 처럼 기름기가 없는 부분을 구입하셔야 하구요. 냉장 쇠고기로 구입하실땐 얇게 편썰어달라고 부탁을 해서 구입하면 조리하실때 편리하실것 같아요. 저는 개인적으로 한살림에서 파는 무항생제 다짐육을 구입했는데요. 갈아져있기 때문에 용량 맞추기가 참 편하고 냉동이라 오래놓고 먹이기 좋더라구요. (하지만 냉동이라는 것이 싫으신 분들도 있으시리라 생각해요 선택은 엄마의 몫이죠 :D ),이유식
단호박미음,오늘은 초기이유식 2단계 \'쇠고기단호박미음\' 을 만들어 볼껀데요. 아기는 6개월정도가 되면 체내 철분이 부족하게 되므로 하루에 한번은 꼭 쇠고기나 닭고기등으로 철분을 보충해주어야 한다고 해요 쇠고기랑 무랑 넣어서 국 끓여도 엄청 시원하고 구수해서 맛있게 먹듯이 아마 아기들도 소고기 특유의 시원한맛을 좋아할것 같은데요 :),이유식
쇠고기강낭콩미음, 오늘은 초기이유식 2단계 \'쇠고기강낭콩미음\' 을 만들어 볼껀데요. 아기는 6개월정도가 되면 체내 철분이 부족하게 되므로 하루에 한번은 꼭 쇠고기나 닭고기등으로 철분을 보충해주어야 한다고 해요. 강낭콩은 초기이유식 2단계에서 먹을수 있는 재료이기도 하지만 콩 편식을 하는 아이들이 많이 때문에 어릴때부터 챙겨먹이면 좋을 식재료에요. 먼저 사진처럼 쇠고기 10g 을 준비해줍니다. 부위는 안심이나 우둔살 처럼 기름기가 없는 부분을 구입하셔야 하구요. 냉장 쇠고기로 구입하실땐 얇게 편썰어달라고 부탁을 해서 구입하면 조리하실때 편리하실것 같아요. 저는 개인적으로 한살림에서 파는 무항생제 다짐육을 구입했는데요. 갈아져있기 때문에 용량 맞추기가 참 편하고 냉동이라 오래놓고 먹이기 좋더라구요. (하지만 냉동이라는 것이 싫으신 분들도 있으시리라 생각해요 선택은 엄마의 몫이죠 :D ),이유식
오이미음,,이유식
닭고기고구마미음,,이유식
쇠고기당근양배추죽,엄마의 정성스런 이유식은 분명 우리 아가에게 생에 더없는 선물이 될것이고 아이가 자라면서 여러모로 도움이 될꺼라고 믿으며 열심히 만들어 보려구요! 저는 고기포함된것 1종류 채소만으로 된것 1종류 이렇게 두종류로 하루 두끼식 3일을 먹이게 만들꺼랍니다 즉 한번에 6그릇을 만들지요 :) 다 못먹일것을 알지만 한끼의 양은 약 100ml 정도로 만들게 준비했답니다 그럼 시작해 볼까요? :),이유식
애호박죽,,이유식
소고기콩나물무국, 담백하고 시원한 소고기국,이유식
참치계란볶음밥,참치계란볶음밥! 유아식으로..!,이유식
새우옥수수전,간식  유아식으로! 새우옥수수전을..,이유식
베이컨마요밥,베이컨으로 후리가게처럼 뿌려 마요네즈넣은 유아식으로 Gooood! 베이컨마요밥!,이유식
햄계란볶음밥, 유아식으로 Gooood! 스팸햄 계란 볶음밥!,이유식
이유식,초보 엄마 아빠도 쉽게 따라 할 수 있는 월령별 초간단 이유식 레시피! 분유포트로 이유식까지 손쉽게 만들고 여유로운 육아라이프를 즐겨요~♥  세상의 모든 레시피 만개의레시피,이유식
호박죽,이유기 아기나 어른들 간식으로 좋은 호박죽 쉽게 만들기,이유식
쌀미음,이유식을 시작하는 첫주! 아기 자는시간에 후다닥 만들어야하는데 ? 복잡한 계량법  그리고 긴 시간... ㅠㅜ  기본도  시간도 모두 지킬 수 있는? '초기 이유식 1단계 쌀미음 만들기 레시피'를 들고 왔어요 :)   바로 밥을 이용한 수저계량 방법! 'ㅂ'   저는 간편하게 밥에 물을 넣고 끓인 밥죽을 기본 이유식으로 활용했어요:) 초기 이유식의 첫주는 6배 밥죽을 기본으로 해요.  첫 일주일은  느긋한 마음으로? 영양 섭취보다는? 새로운 음식에 적응하는 데 중점을 두어요 :) 처음에는 이유식을 입에 넣어주어도 주르륵 ㅡㅠㅡ 흘러내리곤 하는데요^^  그때마다 숟가락으로 다시 받아서 입에 넣어주며 '꿀꺽' 삼키는 연습을 시켜요:)  반복하다보면 아기가 삼키는 법을 어느새 터득해서 숟가락으로 받아먹는 것에 점점 익숙해진답니다!   간편한 6배 밥죽 초기이유식 1단계  쌀미음 만들기!  지금부터 보여드릴께요 :)  ㄱㄱㄱㄱ!!!!,이유식
쌀미음,이유식을 언제부터 시작하느냐 사실 딱 정해진 날은 없지만 보통 만4개월~6개월부터 시작을 해요. 늦어도 6개월(26주)에는 시작해야하는데요. 셋째라 그런지 최대한 늦~~게 하려했어요. 이유식이 사실 밥한끼 만드는것보다 정성이 더 들어가야하거든요. 둘째맘들은 이해하시쥬?ㅋㅋ 그런데 어찌나 저희가 밥먹을때마다 입맛을 다시고 심지어 오빠 아이스크림을 손으로 낚아채기도 해서 식사때마다 애절한 눈빛이 애처로워 150일부터 시작을 했답니다. 초기이유식은 쌀부터 시작을 해요. 쌀미음을 4일정도 먹이고 이상반응(피부 변)이 없으면 채소한가지씩을 첨가하여 먹이면 된답니다.,이유식
감자미음,주말 잘 보내셨어요? 벚꽃 축제를 많이 하고있어서 꽃나들이 하려했는데 날씨가 허걱 넘 추워서 가까운곳에서 잠시 바라보고 오빠 컵스카우트단복사고 남이해준밥먹고... 평범~~하게 보냈네요. 꼬맹이 쌀미음 끝내고 응가랑 입주위 알레르기반응 살펴본후에 감자를 첨가해서 이유식 만들어보았어요.,이유식
청경채미음,초기이유식으로 쌀미음  감자미음에 이어 오늘은 청경채미음 만들었어요.,이유식
양배추미음,청경채미음에 이어 오늘은 양배추미음 만들기!! 비타민B1 B2 C D E와 칼슘이 많은 알칼리성식품인 양배추!! 양배추는 겉잎이 깨끗해 보이고 윤기가 흐르는걸로 준비를해서 두꺼운 부분을 제거는 섬유질이 많아서 이유식에는 부드러운 이파리 부분으로 준비를 해요.,이유식
고구마미음,초기이유식으로 많이 해주는 채소는 감자 고구마 애호박 양배추 브로콜리 콜리플라워 완두콩 오이  청경채등 이있죠. 사실 이순서는 많이 중요하지 않아요. 아기들마다 채소에 따라 거부하는 종류가 다르기에 순서는 중요하지 않은데요. 단맛이 있는 채소는 조금 늦게 많이들 해요. 단맛에 길들여지면 다른 이유식은 좋아하지 않는 아이들이 많거든요. 울꼬맹이는 청경채 미음은 첫날엔 잘먹더니 2 3일은 그닥 좋아하지 않았어요. 요즘 단모중이라 엄마의 쭈쭈와의 이별로 슬퍼하는 꼬맹이를 위해 특별식?아닌 특별식으로 고구마미음 했어요. ㅋㅋ,이유식
브로콜리미음,비타민C듬뿍 브로콜리미음 비가 추적추적 내리는 월요일 같은 수요일 오늘같은날은 장미꽃 이모티콘이라도 하나 받고싶은 그런날인가요? 출근 등교모~~두 시켜놓고 빵한조각에 커피한잔 홀짝이며 여유로움을 부려봅니다. 초기이유식 오늘은 브로콜리미음 만들어볼께요.,이유식
애호박미음,초기이유식도 이제 막바지를 달려가는것같아요. 감자 청경채 양배추 고구마 브로콜리미음에 이어 이번에는 애호박미음을 만들어 볼게요.,이유식
채소수,중기 이유식부터는 육수  채수를 넣은 이유식을 만들어요~~ 초기부터 정말 심하게 이유식 거부했던 우리 아기 ㅠㅠ 그릇을 던지고 울고 불고 난리였지요 육수를 넣어도 잘 먹진 않던 아가가 채소수를 넣어 만든 이유식 부터는 조금씩 먹기 시작했답니다~~ 그래서 지금은 엄청 잘 먹는 우리 아기~~ 그 채소수를 소개해요~~,이유식
바나나푸딩,초기 이유식 부터 먹을 수 있는 과일 중 하나가 바나나에요~~ 그냥 생 바나나. 바나나 매쉬를 줘도 잘 먹지만^^ 달걀을 먹어도 되는지 알레르기 검사 겸 달걀을 넣은 푸딩을 만들었답니다~~ 어른이 먹는 그런 느낌의 푸딩을 생각하신다면 실망할수도 있지만 아기는 너무 너무 맛있게 잘 먹는답니다^^,이유식
바나나시금치매시,바나나를 좋아하는 우리 아기^^ 다양한 채소도 접하게 해주고 싶어 시금치를 함께 넣은 바나나 매시를 만들어 줬답니다. ,이유식
새우야채죽,날이 더워서 그런지 축축 늘어지고 기운 없고 그렇더라고요. 요즘은 참 시도 때도 없이 감기님이 출두하셔서요. 기력이 딸리나 싶어 영양 보충 새우야채죽을 끓여봤어요.,이유식
닭육수,이유식 나도 맛있어야 너도 맛있다는걸... 8개월에 접어든 울꼬맹이~~ 처음에 조금 잘 먹는것 같았던 이유식이 서서히 양을 늘려보니 50ml이상 확~늘지가 않더라구요. 퉤퉤 뱉기도 하고 치즈나 간식으로 퓨레 만들어주면 한그릇 뚝딱인데 이유식양은 지금이면 100ml는 먹어야 하는데 말이죠. 그래서 여러가지 시도해본결과 해답을 찾았어요. 나도 맛있어야 너도 맛있다는걸...,이유식
아보카도고구마퓨레,삼계탕대신 퓨레~ 푹푹찌는 찜통같은 날씨가 무언가 멍~하게 만드는 하루인것같아요. 작년 이맘때보다 정말 더더운듯.. 만삭이라 힘들었던 작년이 문득 생각나며 그때는 얼른 낳고 맛난 이유식정성들여 매일매일 다르게 해줘야지~~했는데 참...인간이기에 간사하다 했던가.. 어여커서 이유식 졸업하고 밥먹이고 싶.. 초복인 오늘 맘같아서는 삼계탕죽이나 수박화채라도 해주고싶지만 아직은 돌전이니 달달한 아보카도와 고구마를 꺼내어봅니다. 아보카도 고구마퓨레재료 고구마작은것 2개 아보카도1개,이유식
참치마요튀김볶음밥, 오이소스를 넣어 볶은참치와 볶은햄 마요네즈 밥에 빵가루를 넣은 튀김식 볶음밥...!  유아 어린이식사로도... Great!,이유식
오렌지타르트,세상 예쁜 비주얼깡패 프랑스 디저트 미니오렌지 타트르 오렌지 과육을 토치로 노릇노릇하게 구워 더 맛있어여!!  세상의 모든 레시피 만개의레시피,이유식
닭가슴살크로켓,밥을 잘안먹던  아이가 맛있게 냠냠!  유아식으로... 닭가슴살 크로켓을...!,이유식
애호박계란부침,편식이 있는 아이에게 유아식으로... 애호박 계란 부침을..!  연속 감탄사에...  냠냠!  ,이유식
닭죽,닭안심+비타민 아침 점심 저녁 3번의 이유식으로 어떻게 돌아서면 먹이고 재우고 일어나면 먹이고 하다보니 정말 하루가 바쁘네요. 사실 첫째 둘째는 이유식보다 엄마쭈쭈를 많이 먹었지만 이녀석은 분유를 먹다보니 제가 좀 더 이유식에 신경을 쓰고있답니다. 오늘은 닭안심을 넣어 더 고소한 이유식을 준비해보았어요.,이유식
소고기육수,중기이유식 채소더해 감칠맛나는 소고기육수만들기 어젯밤도 역시나 열대야로 잠 못이루신분들 많으시죠? 네네.. 더웠어요~~~ 아침이 오히려 시원한듯하여 다들 보낸후에 청소후다닥 하고 오전에 꼬맹이 이유식까지 만들어봅니다. 이렇게 더운날은 이유식육수 만들기가 참 힘든데요. 한번 만들때 넉넉히 만들어두면 그때그때 해동해서 쓰기 좋더라구요. 지난번에 소고기만 넣은 육수에이어 오늘은 채소를 더해 좀더 진하고 더 감칠맛나는 소고기육수를 만들어 보았어요.,이유식
애호박햄크로켓,유아식으로 편식있는 아이에게...  여름제철 애호박으로 햄과 참깨 송송 들어간... 노릇 노릇 바사삭한 애호박&햄 크로켓을...! ,이유식
오니기리,유아식으로...  김가루 송송 들어간 미니 오니기리 (미니 주먹밥)을...!,이유식
치즈오므라이스,유아식으로  모짜렐라 치즈 솔솔... 전자레인지로 오므라이스를..!,이유식
두부강정,유아식식단 유아반찬 아이반찬 두부은화고버섯강정 홍우럭조림 두부요리 생선조림 4살식단 3살식단 44개월반찬 23개월반찬입니다.  우리 둘째는 그냥 두부구이는 절대 먹지 않아요. 계란찜도 그렇고요. 그래도 강정으로 하니까 양념 맛이 입에 맞는지  잘 먹었습니다.  버섯 안 좋아하는 첫째  엄마 물 주세요. 씹다가 그냥 훅 삼키는 모습도 귀엽습니다. 버섯이라고 말 안 하면 먹던데  말 안 해야겠습니다.  그리고 올해 첫 캠벨인데  차갑게 먹으니 진짜 맛있네요. 상온에 있을 때는 조금 싱거웠거든요.  제철 채소  과일이 최고의 밥상인듯합니다.,이유식
우럭조림,홍우럭은 열어  적어라고하는 빨간 물고기입니다. 대형마트에서도 구입 가능하고 담백하고 겉은 붉지만 흰살에 가까운 생선이라서 부드러워 아이들 반찬으로 딱 좋아요. 아직 무는 쓴맛이 나서 양파만 넣고 조렸습니다. ,이유식
밤호박찜,아이 반찬  유아식 식단  유아 반찬  낙지볶음  새우구이  밤호박 찜  4살 식단  3살 식단  44개월 반찬  23개월 반찬  낙지요리  새우요리입니다. 가을이 되니 확실히 먹을 반찬들이 더욱더 풍요 로워 집니다. 오늘은 심플하지만  색감은 골고루 들어 있어서 눈이 즐거워집니다.,이유식
닭개장,아이 반찬  토란 줄기 넣고 닭개장 만들기  닭개장 만드는 법 입니다 어제 토란 줄기 삶아서 볶아줬더니 아이들이 너무 잘 먹어서 오늘은 토란 줄기 먹으려고 닭개장을 끓였습니다. 제가 먹을 것  아이들이 먹을 것 따로 닭개장 만들기를 했더니 다른 반찬 하려고 하면 할 수는 있었는데  아이들 간식도 많이 먹고 해서 그냥 국만 끓였어요. 숙주도 잘 먹고 토란대도 잘 먹고  닭도 잘 먹으니  아이들이 좋아할수밖에 없는 메뉴인듯해요 닭은 영계닭 6호를 이용하였습니다.,이유식
밤호박에그프리타타,아이 반찬  유아식 식단  유아 반찬  밤호박 에그 프리타타 토란줄기볶음 병어조림 4살식단 밤호박요리 오븐요리 계란요리 생선조림 44개월반찬 23개월반찬입니다. 밤호박을 처음 썼는데 확실히 더 달고 맛있네요. 아이들도 고구마라면서 엄청 좋아했어요. 에그 프리타타는 계란찜을 물로 익히지 않고 오븐에 구운 요리입니다. 토란 줄기도 지금이 제철이니 맛있을 때 먹으면 건강하고 맛있는 반찬  제철 음식이 보약이 되겠지요. 토란줄기도 잘먹으니 한번쯤 해보면 좋을것같아요.,이유식
숙주무침,아이 반찬  유아식 식단  유아 반찬  마늘간장 새우 조림  숙주 무침  팽이 훈제오리 말이  4살 식단. 3살 식단. 새우요리. 44개월 반찬  23개월 반찬입니다. 새우를 통으로 마늘간장에 조려줬더니 우리 꼬맹이 손이 바쁩니다. 오늘은 사진 찍는데 꼬맹이 찬조 출연하네요. 그래서 새우가 점점 줄어들었습니다. 숙주도 연해서 아이들 반찬으로 좋고  싸먹는 훈제오리는 데쳐서 사용합니다. 오늘은 시간이 많이 걸리는 레시피는 아니니 충분히 만들면 좋을 것 같아요.,이유식
주먹밥,아이 반찬  유아 식판식  유아 식단  둥근 호박 들깨 볶음  삼치 주먹밥  양상추 샐러드  삼치 요리  4살 식단  3살 식단  43개월 반찬  23개월 반찬입니다. 다코야키 계획했는데  첫째가 자꾸 말 시키는 바람에  요구 사항도 많고 결국 메뉴를 바꾸었습니다. 삼치 주먹밥입니다. 삼치는 저는 바로 굽는 순살 삼치인데요. 순살 저염 삼치 구이용을 구우면 생각보다 비리진 않았어요. 역시 주먹밥은 아이들에게 사랑입니다. 삼치 주먹밥은 많이는 말고  딱 먹을 만큼만 하면 좋아요.,이유식
콩나물무침,아이 반찬  유아식 식단  유아 반찬  배추쌈  수육  콩나물무침  수제 타코야키  4살 식단  3살 식단  43개월 반찬  23개월 반찬  돼지고기 요리  오븐요리. 감자요리입니다. 오늘은 수육이랑  콩나물무침  배추쌈까지  그렇게 손이 가는 메뉴는 아니었어요. 그래서 겸사 겸사 다코야키를 만들었습니다. 식단을 구성할 때  조리방법도 다양하게 하는 것도 물론 중요하지만  동선을 고려해서 하면  시간이 단축될 수 있습니다. 오늘은  수육 하는데 올려놓고 시간이 오래 걸리니 그 사이에 다른 재료들 다 준비하면 충분히 가능합니다.,이유식
감자된장국,아이 반찬  유아식 식단  유아 반찬  갈비구이  김가루 무침  감자된장국  4살 식단  3살 식단  44개월 반찬  23개월 반찬  감자요리  쉬운 반찬 만들기입니다.,이유식
바지락칼국수,아이 반찬  바지락칼국수 끓이기  유아 반찬. 바지락 요리입니다. 얼마 전 바지락칼국수를 먹고 왔는데  꼬맹이들이 아쉬워했던 표정과  너무 잘 먹었었어요. 그래서 바지락 600g 한봉 주문해서 칼국수 끓여줬더니 너무 잘 먹었습니다. 이제 날씨가 쌀쌀해지니 해산물의 계절이라 해도 될 만큼 해산물도 맛이 올랐어요. 바지락칼국수 아이들이 너무 잘 먹었고  저는 여기에다가 칼칼하게 청양 고추 하나 넣어서 먹었습니다. 그리고 국수는 바지락 국에 삶지 않고 따로 삶아줍니다. 칼국수를 육수에 같이 삶게 되면 뭔가 모르게 걸쭉해지고 텁텁해지는 맛이 싫더라고요. 깔끔한 맛을 느끼고 싶어서 냄비 하나에 칼국수는 따로 삶았습니다. 황태채는 끓으면서 건졌고 은화고 버섯은 밑둥은 끓은후 제거하고  버섯은 잘라서 고명으로 이용하였습니다.,이유식
깻잎계란말이,아이 반찬  유아 반찬  유아식 식단  랍스터 버터 볶음  깻잎 계란말이  브로콜리숙회  4살 식단  3살 식단  계란요리  랍스터 요리입니다. 사실 요건 신랑이 일찍 와서 신랑 반찬을 왜 해 급조로 차린 식단인데  그대로 아이들이 먹어도 좋은 반찬이라서 포스팅합니다. 그날 아이들은 신랑 오기전 미리 밥을 먹은 상태였습니다. 그래서 다음날 아침 요 재료 그대로 같이 넣어서 볶음밥을 했습니다.,이유식
참치밥전,20개월 아기에게 참치를 처음 먹여보았어요! 어떻게 먹일까 야채랑 밥을 넣고 밥전을 만들었답니다. ,이유식
밤호박샐러드,아이 반찬  유아식 식단  유아 반찬  간장 고갈비  비타민 무침  밤호박 샐러드  4살 식단  3살 식단  고등어 요리  밤호박요리 44개월반찬 24개월반찬입니다. 오늘은 꼬맹이가 안 자서 저녁까지 헥헥 거리다가 저녁은 그냥 미역국 먹고 내일 아침에 먹을 반찬을 미리 만들어보았어요. 고등어나  단호박 모두 잘 먹는 식재료이니 잘 먹을듯합니다.,이유식
무국,아이 반찬  유아 반찬  유아식 식단  새우 부추전  콩나물무침  닭 무국  4살 식단  3살 식단  44개월 반찬  24개월 반찬  새우요리  닭 가슴살 요리입니다. 새우 양념 무침을 할까 하다가 그냥 아이들과 함께 먹고 싶어서 새우 부추전을 만들었어요. 우리 꼬맹이는 하원 후 간식을 너무 많이 먹어서 밥은 안 먹었고  첫째는 새우 전도 잘 먹고 닭 무국도 오랜만에 끓여줬더니 잘 먹었습니다. 모든 양념은 밥숟가락 기준입니다. 콩나물은 아이 2  엄마 1회 식사량이고  새우와 무국은 2회 식사량입니다.,이유식
멸치김가루주먹밥,아이반찬 멸치김가루주먹밥&멸치청양주먹밥아이도시락 멸치요리입니다. 몇일만에 음식하려니 왜이리 어색한지   예은예슬이네 남해여행 잘갔다가 왔습니다. 통영에서 먹었던 멸치주먹밥   아이들이 잘먹고 신랑이 오는길에 주먹밥 먹고싶다해서 오늘아침은 멸치 김가루 주먹밥입니다. 제껀 청양 고추반개 잘게 잘라 넣어서 칼칼하게 만들었습니다. 일반 멸치볶음은 물엿 기름만 넣는데 주먹밥이라서   간장과 매실청 넣습니다.,이유식
멸치강된장,아이 반찬  멸치 강된장  계란 프라이입니다. 오늘은 그냥 식단 참고용으로 보시면 좋을 거 같아요 아 이렇게 먹어도 되는구나 이 정도로요. 여행 이후  몸이 아직 컨디션이 엉망이고 재료도 없고 통영에서 먹었던 멸치쌈밥을 떠올리며 멸치로 강된장을 만들었습니다. 여행 다닐 때는 차에서 있는 시간이 길다 보니  간식을 많이 먹어서 밥은 그냥 잘 안 먹던 아이들  집에 오자마자 엄청 잘 먹기 시작합니다. 계란 프라이는 프라이팬을 구입했어요. 윤식당에서 계란 프라이 프라이팬이 핫했었는데  언제 사지 하다가 드디어 질렀습니다. 2구 짜리고 한 칸은 넓은 팬인데 계란 프라이 전용이다 보니 역시 예쁘게 프라이 됩니다. 계란 프라이는  프라이팬에 올리브유를 골고루 두르고  약불에서 코팅한 후 계란 프라이 하면 됩니다. 중불에서 어느 정도 익으면 계란이 프라이팬에서 쉽게 분리되더라고요. 그러고 나서는 뒤집어도 되고 그냥 약불로 골고루 익혀도 됩니다. 계란 프라이 종종 해먹을 것 같습니다.,이유식
바지락칼국수,아이 반찬  유아 반찬  유아식 식단  바지락칼국수  오징어 파전  오징어 요리  바지락 요리 만들기  4살 식단  3살 식단입니다. ,이유식
감자브로콜리스프,밀가루로 농도를 내는 대신 감자를 넣어 좀 더 건강한 수프를 준비해보았어요. 감자가 들어가 든든하게 드실 수 있답니다.,이유식
고구마에그슬럿,고구마 요리  고구마에그슬럿  오븐요리  계란요리  아이 반찬  브런치 만들기입니다. 이제 고구마가 제철이 되었죠. 요즘 미니 단호박 에그 슬럿이 핫한 음식 중 하나인데요. 저는 밤호박으로 에그프리타타해보니 맛있긴 엄청 맛있고 건강한 맛이었는데  에그 프리터 타는 오븐에 구은 계란찜 정도입니다 .아이들 밤을 먹어서 고구마랑 떡국으로 오늘 저녁은 마무리입니다. . 오늘은 밤호박만큼이나 맛있는 꿀고구마  계란  치즈로 에그 슬럿을 만들었습니다. 케첩 찍어 먹으니 진짜 꿀맛입니다. 브런치로도 손색없고  아이 반찬으로도 손색없는 메뉴입니다. 그리고 거기다 간단하기까지 하니  고구마가 맛있는 요즘 만들기 딱 좋습니다. 엄마가 먹어도 맛있고  아이도 맛있는 온 가족이 즐거워할 수 있는 메뉴이니 꼭 만들어보세요. 오븐이 없다면  프라이팬에서 계란 프라이를 따로 해서 삶은 고구마를 속을 조금 파내고  잘라 넣은 후 치즈를 올려서 뚜껑 덮고 치즈를 녹이면 될듯합니다.,이유식
계란말이김밥,계란말이 김밥  꼬마김밥 만들기  아이 소풍 도시락 싸기 아이 반찬   김밥 주먹밥 계란말이 김밥을 만들었어요. 계란이 김밥 밖으로 나오니 색감이 더 예뻐요 밥멉고 놀이동산 가려다 그냥 집에 있는데  꼬맹이 김밥 더 주세요 노래를 하네요 계란말이 김밥  김밥  김밥 주먹밥까지 1타 3 피입니다. 밥이 먼저 했던 밥이 생각보다 많이 남아서 김밥으로 다했습니다,이유식
시금치무침,밤 요리  밤 맛탕  쇠고기 수육  시금치무침  아이 반찬  유아 반찬  4살 식단  3살 식단  쇠고기 요리. 오븐요리  압력솥 요리입니다. 오늘 아침입니다. 밤만 미리 껍질 벗겨 놓으면 조리과정은 어렵지는 않아요.,이유식
월남쌈,월남쌈  아이 반찬  손님 초대요리 만들기  훈제오리요리입니다. 저희 아이들은 라이스페이퍼 자체는 좋아하지만  아직 생야채와는 친하지 않아요. 물론 야채를 이미 데친다는 것은 영양소가 조금은 파괴되겠지만  그거 무서워서 그냥 아예 손놓고 안 먹는 것보다는  데쳐서라도 골고루 먹이는 것이 훨씬 이롭다고 생각하기에  오늘도 저는 우리 꼬맹이들을 위해서 야채를 다 데쳤습니다.,이유식
감자스프,부드럽고  고소한 감자스프 입니다. 간편하게 만들어드세요. ,이유식
꼬막떡만두국,꼬막 요리  꼬막 떡만둣국  아이 반찬  4살 반찬  3살 반찬  국물요리 만들기  유아 반찬입니다. 꼬막 하면 무침을 흔히 생각하게 되는데요. 꼬막 비빔밥 마트에 갔을 때 보고 만들어 먹어야지 하고 샀는데 아이들이 꼬막 보고 바지락이라며 잘 먹어서 어제저녁엔 꼬막 곰보빵 밥  오늘은 아침에 떡국을 끓였습니다. 꼬막 국물에 떡국 끓이니 역시 시원했습니다. 우리 꼬맹이들 오늘도 집 밥 먹고 등원합니다,이유식
단호박죽,호박죽이 땡길때 초간단하게 해결,이유식
꼬막소보루밥,꼬막 소보루밥  아이 반찬  아이 비빔밥  유아 반찬  4살 반찬  3살 반찬  꼬막 요리 꼬막 소보루 밥을 어제저녁에 먹었고  꼬막 떡국은 오늘 아침 메뉴인데 순서가 바뀌었습니다. 소보루 밥은 보통  계란  브로콜리  당근  쇠고기를 이용하는데  요즘 브로콜리가 엄청 비싸죠? 오이로 대신하여 사용하였습니다. 어제저녁은 첫째 발레 후 떡을 많이 먹어서 배가 불러서인지 많이 먹지는 않았어요. 그래도 정말 싫어하지는 않았어요. 소보루밥은 소보루빵처럼 몽글 몽글 하다고 해서 붙여진 이림인듯합니다.,이유식
이유식,저희아이 중기이유식할때 만들어먹였던 레시피입니닷. 좋은거 골고루 많이먹이고싶어서 쌀도 현미찹쌀과 맵쌀 두종류섞고 완두콩  그리고여러가지채소  대구살 미역을넣어 만든이유식이예요.,이유식
김치볶음밥,김치볶음밥  김치요리 아이반찬 훈제오리요리유아반찬 집밥 4살반찬 3살반찬입니다 오늘아침 씻은김치무침으로 훈제오리와 볶음밥을 했어요. 훈제오리는 싸먹는 훈제오리라고 샌드위치용 햄처럼 얇게 슬라이스된 훈제오리입니다.,이유식
카레불고기,카레불고기 쌈다시마 귤주스 돼지불고기 아이반찬 유아반찬 4살식단 3살식단 유아식식단입니다. 콩나물 무침을 하려다가 시간이 안되서 귤주스로 갈아줬더니 새콤달콤 맛있네요. 카레불고기 굴소스에 보통 고춧가루를 넣곤했었는데 카레 가루를 넣어줘도 아이들은 좋아했어요 물론 저는 카레를 선호하지는 않아서 김치찜과 고기 함께먹었습니다.,이유식
닭오븐구이,닭 오븐구이 애호박 볶음 명엽채 조림 아이 반찬 유아 반찬 유아식 식단 4살식단.3살식단 오븐요리 닭요리입니다. 오늘은 모처럼 닭을 구웠습니다. 아이와 어른 함께 먹으려면  기본 재료를 이용하고 엄마 아빠는 소스를 이용하면 됩니다. 워낙 요즘은 소스가 잘 나오다 보니  닭은 그냥 오븐에 구웠고 신랑과 저는 칠리소스를 찍어 먹었어요. 김치는 저랑 신랑용 사진이고  첫째는 김치 먹겠다고 해서 씻어주었어요.,이유식
이유식,초보 아빠의 사랑을 담은 초간단 이유식!! ,이유식
이유식,자칫하면 밋밋한 죽으로 변할 수 있는 이유식에 뭘 넣으면 좋을지 고민하다가  고소한 참깨와 두부를 넣고 만들게 되었습니다.,이유식
찹쌀밤죽,밤은 비타민C가 많고 장과 위장을 튼튼하게하며 면역력을 높여주는데 효과적인 식재료로 단백질 콩과 함께 중기이유식을 섭취하면 좋다.,이유식
콩나물국,우리이쁜조카 먹일수있게 13개월용 전복콩나물국을끓여봤어요!전복말고 동태나 다른것넣어두되고 생략해도되요! 콩나물이 아삭아삭해서 먹기힘들까 걱정은 노노 ~ 말랑말랑해서 잘씹어먹어요!,이유식
이유식,쌀 박물관의 이유식 공모전을 계기로 딱 밥과 '냉장고 속 재료'만 써서 15분만에 만들어낸 우리 아가 건강식,이유식
이유식,이른둥이로 태어나 늘 애를 끓였던 우리아이♡를 위해 준비한 초기이유식이에요 :),이유식
소고기근대단호박죽,♡단호박의 주황빛 색깔과 근대의 초록빛 색깔 그리고 흑미까지 다양한 색깔의 조합도 아기들에겐 좋은 경험이 될것같아서 조합해보았어요. ♡이유식은 미니전기밥솥을 이용해요. 간편하기도 하고 이유식이 끓는 사이 아이들을 돌볼수 있어서 좋아요. 엄마아빠가 사용하는 전기밥솥을 사용해도 되고 냄비에 저으면서 끓여도 좋아요 ♡재료는 유기농을 고집하기 보다는 국내산 신선한 재료를 최대한 사용하려고 해요.  ,이유식
이유식,결혼 전엔 부엌에도 안 갔지만 이젠 아내와 아들을 위해 제법 이것저것 만듭니다. 이제는 이유식에도 도전하고 있는 초보아빠입니다! 우리아이가 우리농산물로 만든 안전든든한 이유식을 먹고 쑥쑥 크길 바랍니다!,이유식
브로콜리두유죽,아기들에게 꼭 필요한 영양소인 철분~!! 태내에 있을 때 엄마에게서 받은 철분은 5개월 이후 모두 소진이 되어 일주일에 두 번 이상 꼭 챙겨 먹어야 한다고 하지요. 영양 만점 현미에 철분이 풍부한 브로콜리와 단백질이 풍부한 두유 등을 넣어 이유식을 만들어 봤어요. 아토피 아이들에게 알러지를 유발할 수 있는 생선  견과류  고기류  유제품 등을 일체 넣지 않아 안심하고 먹일 수 있을 거예요.,이유식
쇠고기시금치배미음,찰수수는 성장기 어린이의 두뇌발달과 장운동을 원활하게 해주고  시금치는 비타민 A가 채소 중에서 가장 많고 비타민 C와 칼슘  철분이 풍부한 영양만점 이유식 재료입니다. 달콤한 배는 소화가 잘되고 겨울철 면역력 강화와 기관지에도 좋아 우리 아기 이유식으로 만들었습니다.,이유식
약밥, 약밥 만드는 법  땅콩 요리  아이 간식  압력솥 요리  찹쌀 요리 오랜만에 약밥을 만들었어요. 땅콩이 있어서 껍질 벗기고 함께 넣어 만들었습니다.  바쁜아침 입맛 없어 하는 아이들을 위해 가끔 만들어줍니다 . 특별히 이번에는 찹쌀은 물론  가을 제철 맞은 껍질 땅콩을 껍질 벗겨서 넣었습니다. 찹쌀은 탄수화물이 풍부하여   성장에 꼭 필요한 곡류중 하나입니다. 땅콩에는 비타민E를 함유하고 있어서 피부가 탄력있고  견과류로 두뇌 개발에 도움을 줍니다. 찹쌀로만 약밥을 만들었는데  맵쌀도 조금 혼합하여 만들어도 됩니다.,이유식
고구마타락죽,고구마 타락죽만들기  고구마요리 고구마타락죽만드는법  아이간식입니다.어린이집에서 고구마죽맛있었다고 해서 물어 보고 우유를 함께 넣어 고구마 타락죽을 만들었어요. 저희 아이들은 3살 4살이라서 고구마죽을 간식으로 먹었지만  후기 이유식으로도 손색이 없고  조금더 큰아이들은 꿀고구마를 이용하여 고구마 샐러드를 만들어 주면 여러가지로 활용 가능한 레시피 입니다.특별히 우리쌀에는 복합 다당류로써 탄수화물이 대부분입니다. 탄수화물은  포만감은 물론  뇌가 생각하고  뼈와 근육이 움직이는 데 필요한 모든 에너지를 지니고 있으므로 사람이 살아가는 데 있어서 가장 기본이 되는 영양소라고 할 수 있습니다(네이버 지식백과)     쌀과 함께 사용된 고구마는 식이섬유가 풍부하여 장운동을 원활히 하고 대부분이 수분으로 구성되어 있어서 혈당 지수가 낮아서 당뇨에도 사용할수 있는 착한 식재료입니다.  ,이유식
이유식,영양 맛 시각적 아토피(면역) 식감 5가지 모든 요소를 충족시키고 아토피 유아에게 도움이 될만한 이유식을만들기에 고군분투 했어요. https://blog.naver.com/elliws/221388796040  울재원군 소꼽친구 H양은 태어날때부터 아토피가 심해서 H맘이 먹거리 재료 하나하나 테스트를 거쳐서 반응이 없는 재료로 아이 음식 (이유식)을 만들었어요. 그래서 H맘에게 조언을 구했습니다. 아토피 유아에게 가장 좋은 단백질 재료는흰살생선 두부 둘 중에 흰살생선을 선택하고 비타민 무기질 재료중 유아들이 좋아하고 은은한 단맛이 나면서 소화력이 떨어지는 유아의 위장에 좋은 늙은호박으로 만들었어요. 각 개인이 일으키는 반응 물질이 워낙 다르기에 가장 보편적이고 반응이 덜한 재료를 가지고 이유식을 만들었어요. 인터넷 검색으로사용할 재료의 효능을 알아보고 궁합이 잘 맞는재료를 사용 했습니다.  생선류 호박이랑은 찰떡궁합!!  뇌발달 성장기 발육에 좋은 가자미류 해독작용 이뇨작용 위보호에 좋은 호박류 속열을 내려주는 양배추 항암 항균효과가 있는 버섯류 피부 건조증에 좋은 다시마 고단백 저칼로리  신진대사 활발한 성장기에 좋은 황태         ,이유식
대추율무죽,늦은 밤 한번씩 먹는 걸 찾는 아들 때문에 소화가 잘 되는 죽을 줍니다 평소는 소고기 죽  닭가슴살 죽을 주로 해 주었는데요 곧 이유식을 시작하는 둘째는 아토피가 심하진 않지만 조금 있어서 아토피에 좋은 음식 알아보고 만들어봤어요~,이유식
이유식,초보아빠를 위한 초간단 이유식 레시피입니다.,이유식
이유식,초보 아빠를 위한 초간단 이유식 레시피입니다. 맛과 함께 영양을 생각했습니다.,이유식
이유식, 사랑스런 우리 아기에게 건강에 좋은 우리 농수산물로 만든 이유식을 주고 싶어 만든 레시피입니다.   특히  설탕과 소금을 쓸 수 없으니 단호박에 스민 천연의 단맛과 감칠맛을 이용했는데요. 덕분에 우리 아이들 유아기 때 투정 하나 없이 이유식을 했던 기억이 납니다.   단호박은 함평단호박을 사용했습니다.   비타민 A  B  C  E 등 비타민의 보고이자  두뇌 발달에 도움을 줄 수 있는 필수 아미노산이 그득  그리고 아토피에도 효과가 있지요. 온라인쇼핑몰에서 쉽게 살 수 있습니다. 싱싱장터를 통해서 인근에서 생산된 싱싱한 농산물을 이용하는 것도 방법이겠네요.   전복은 완도의 라면전복을 사용했습니다.   한개 크기가 딱 밥숟가락 하나 정도되서 필요할때 꺼내쓰기도 좋고 가격도 저렴하거든요. 400g(20~30마리)에 15 000원 정도입니다. 온라인쇼핑몰에서 쉽게 살 수 있습니다.   성장기 아이에게 필요한 단백질  미네랄  요오드를 풍부하게 품고 있는 전복으로 단호박과의 궁합을 맞춰보았습니다.     호박과 전복은 둘다 눈을 밝게 해주는 식재료로 궁합도 잘 맞답니다.,이유식
두부버섯무른밥,두부는 콩으로 만들어서 건강한 단백질을 공급할 수 있으며 버섯은 면역력을 증진시키고 섬유소가 많아 변비해소에도 좋다.,이유식
치즈볼주먹밥,치즈는 아이의 키성장에 좋은 칼슘을 다량 함유하고 있으며 치즈에서 부족한 영양소들은 감자  호박  당근  버섯 등을 통해 골고루 섭취하면서 하나씩 아이가 스스로 집어 먹을 수 있는 한 끼 식사.,이유식
동파육,동파육 만들기  오겹살 요리  배추 찜  가지 들깨 볶음  아이 반찬  유아 반찬  유아식 식단  4살 식단  3살 식단입니다. 동파육을 만들어야지 하고 생각하면 시간이 많이 걸려요. 보쌈을 할 때  조금 넉넉히 만들고  반은 보쌈으로 먹고 반은 동파육을 하면 좋아요. 삶아 놓은 고기만 있으면 쉽게 만들 수 있는 동파육입니다. 그리고 청경채와 어울리지만  저도 그렇고 청경채보다는 배추를 더 좋아해서 노란색 속만 이용하여 쪘어요. 아이들 너무 맛있게 먹었습니다. 고추는 사진 찍을 때만 썼고  아이들은 안 주고 저는 먹었는데  홍고추가 청 양이었나 봐요. 하나씩 함께 먹으니 맛있었습니다.,이유식
이유식,처음엔 울고불고 안먹고 자지러지던 우리아기 지금은 잘먹는거라면 둘째가라면 서러운 우리아기 이유식이예요! 안먹는 아기때문에 고민이시거나  새롭고 건강한 재료의 레시피를 찾는 엄마들 여기보세요~~!!,이유식
이유식,초보 아빠를 위한 초간단 이유식 레시피입니다.,이유식
이유식,초보 아빠를 위한 초간단 이유식 레시피  중기 이유식 레시피입니다.,이유식
이유식,초보 아빠를 위한 초간단 이유식 레시피!!,이유식
표고버섯죽,요즘 제철인 표고버섯을 이용해 영양 듬뿍담긴 표고버섯죽 만들어보았어요~,이유식
이유식,이번달 돌을 맞이하는 막내딸 후기 이유식 만들어보았어요 막내라 그런지 뭐든 잘 먹는 울 딸랑구랍니다^^ 저는 중기 이후로 압렵솥을 이용해 이유식을 만들었어요 쌀도 불리지 않아도 되고 더운데 불 앞에서 오랫동안 서있지 않아도 되고 무엇보다 큰 장점은 불키고 10분정도면 이유식이 완성된다는 것!! 쉽고 간편한 압렵솥을 이용한 이유식만들기 레시피 공유할께요^^,이유식
소고기양배추애호박죽,치즈  계란 흰자  우유  게의 알러지 반응을 일으키는 아가를 위한 이유식입니다. 알러지가 난 곳이 가려워 잠을 설치고 소화장애를 앓고 있는 울아가를 위해 소화가 잘 되는 식재료를 이용하여 만들었습니다.   할머님이 양주에서 키운 쌀과 애호박으로 만든 우리 농산물 이유식입니다.  쌀은 기를 돋구어 주며 비장과 위를 튼튼하게 합니다. 또한 쌀에 들어있는 탄수화물은 소화 흡수율이 98%에 달해 다른 곡물에 비해 소화가 잘된다는 장점이 있습니다. 양배추는 비타민 B  C  U와 필수 아미노산인 라이신이 풍부해서 양배추를 꾸준히 먹으면 면연력이 높아지고 위장기능이 튼튼해집니다. 또한 섬유질이 많아 변비 예방에 효과적이며 위와 장이 튼튼해지는 채소입니다. 애호박은 영양소가 풍부하며 부드럽고 소화도 잘 되며 흡수가 잘 되기 때문에 이유식으로 사용하기에 부담 없는 채소입니다. 특히 엽산은 두뇌 발달에 좋고  레시틴은 면연력을 높이는데 좋습니다. 또한 섬유소  비타민  미네랄이 풍부하고 달콤하여 아이의 입맛을 높이는데 효과적입니다.  양배추  애호박은 사계절 내내 손쉽고 저렴하게 구할 수 있는 재료입니다.,이유식
감자죽,저염 죽이라 소화도 잘되고 부드러워서 아이들이 좋아해요,이유식
이유식,매번 소고기나 닭고기만 주다가 드디어 생선에 도전해봅니다. 연어와 애호박으로 만들어 보는 후기이유식이에요!,이유식
쌀콩소고기미역미음,아버님께서 정성스레 직접 재배하셔서 주신 신선한 재료들로 아기에게 맛있고 영양가득한 이유식을 만들기 위해 고군분투하는 다인맘이에요^^,이유식
계란죽,집에있는 재료로 쉽고 빠르게 만들 수 있는 계란죽 만들어보았어요~,이유식
소고기표고버섯무죽,아기들은 빈혈예방을 위해 매일 고기를 먹어줘야 하는데 소고기를 이용해 집에 있는 재료들로 만드는 초간단 이유식 레시피입니다.,이유식
브로콜리미음,분유만 타 먹일 때가 몹시 편했을 때였네요.. 초기이유식으로 쌀미음부터 시작  애호박미음 등 재료 하나씩만 넣어서 이것저것 맛보여 줍니다.,이유식
귀리타락죽,우리 아이에게 영양가득한 가을 이유식을 맛보게 해줄 수 있도록  국산 제철 농산물과 곡물의 왕 슈퍼푸드인 귀리를 넣어 만든 귀리타락죽 이유식 입니다. 중기 이유식은 풍부한 영양소 공급에 꼭 신경써야 하는 시기인데요. 엄마 뱃속에서 받은 영양소들을 다 소진해 버린 상태라서  이유식을 통해 성장에 필요한 단백질  비타민  철분이 포함된  균형 잡힌 영양이 필요합니다. 소화흡수와 탄수화물이 풍부한 백미와 슈퍼푸드라고 불리는 곡물의 왕 귀리는 고단백 영양식품인데다 맛도  고소해 이유식 재료에 좋습니다. 또한 일반 백미에 비해 단백질과 식이섬유가 높아  포만감이 오래 유지되고 배변 활동에 도움을 줍니다. 그리고 국산 제철농산물인 철분가득한 시금치와 단호박  칼슘 흡수율이 높고 비타민D가 풍부해서 성장기  발달에 도움을 주는 표고버섯  비타민과 무기질이 풍부한 당근을 사용하고 알레르기 없는 쌀로 만든 순식물성 라이스밀크를 사용했습니다. 이유식에 알록달록 컬러감을 줘서 아이들이 호기심있게  먹을 수 있도록 만들었습니다. ,이유식
고구마브로콜리죽,고구마와 브로콜리  쌀로 만든 초중기 이유식입니다,이유식
이유식,저는 미음단계에서 다음단계의 이유식을 먹는 조카에게 도움이 되는 이유식을 공부하다가 찾은 레시피입니다. 아토피와 알르레기 반응이 생길 수 있는 민감한 시기라서 재료 선정에 더 신중하였습니다.,이유식
닭고기고구마대추찹쌀죽,치즈  계란 흰자  우유  게의 알러지 반응을 일으키는 아가를 위한 이유식입니다. 알러지가 난 곳이 가려워 잠을 설치고 소화장애를 앓고 있는 울아가를 위해 소화가 잘 되는 식재료를 이용하여 만들었습니다.  할머님이 양주에서 키운 찹쌀과 대추  고모할머니께서 이천에서 키운 고구마로 만든 우리 농산물 이유식입니다.  찹쌀은 알레르기가 잘 일어나지 않고 소화가 잘 되면서 담백하며 몸을 따뜻하게 하면서 몸에 기운을 내게 합니다. 고구마는 변비와 알레르기가 심한 아기에게 좋아서 이유식에 부담 없이 사용할 수 있는 재료입니다. 대추는 몸을 따뜻하게 하는 성질이 있어 날씨가 쌀쌀하거나 감기에 걸렸을 때 먹이면 좋고  비타민C  철분  칼슘 단백질이 풍부하여 약해진 면역력에 도움이 됩니다. 또한 당질이 풍부한 고칼로리 식품으로 위와 장에 자극을 주지 않아 소화기관이 약한 아이에게 도움이 됩니다.  찹쌀  고구마  대추는 손쉽게 구할 수 있는 재료며 가을에는 더 저렴하게 구할 수 있는 재료입니다.,이유식
이유식,이 이유식은 후기(생후 10~12개월) 아이들에게 먹일 수 있는 영양과 아토피 예방을 모두 잡은 '가자미 렌틸콩 감태 이유식'입니다.  10월의 제철 식재료인 가자미는 산란기를 맞기 전 영양분 비축으로 살이 통통하게 올라 부드럽고  담백한 맛이 좋습니다. 렌틸콩은 세계 5대 슈퍼푸드 중 하나로 선정될 정도로 양질의 단백질  비타민  무기질  식이섬유가 풍부합니다. 감태는 무기염류와 비타민이 풍부하고  무엇보다 칼슘이 우유보다 6배나 많이 함유되어 있어 뼈 건강을 신경 써야 하는 성장기 어린아이들에게 좋습니다.  아토피가 있는 아이들이 주의해야 할 열성 식품은 피하고  아토피 피부 증상 완화에 도움을 주는 비타민을 충분히 섭취할 수 있도록 하였습니다. 오늘 우리 아이 이유식은 '가자미 렌틸콩 감태 이유식' 어떨까요?,이유식
이유식,이유식을 시작하면 철분이이 부족해 빈혈을 특히 신경써야하죠 톳은 다른 식품에 비해 무가질이 풍부하고 특히 철분이 많아 빈혈예방에 효과적입니다. 철이 시금치의 3~4배  칼슈은 우유의 15배라고 하니 하루하루 쑥쑥자라는 우리아기 뼈건강까지 어찌 우리아이에게 안먹일수 있겠습니까? 식물성 단백질인 메주콩까지 더해져 한끼 영양이유식으로 그만이겠죠!!,이유식
이유식,이유식을 하는 아이는 빈혈을 특히 신경써야하죠 톳은 철분이 많아 빈혈예방에 효과적입니다. 철이 시금치의 3~4배  칼슘은 우유의 15배라고하니 빈혈과 뼈건강까지 챙길수 있어요 철  칼슘등 무기질이 풍부한 톳  + 비타민이 풍부한 오이는 영양적으로 우수합니다. 빈혈예방  뼈건강  비타민 까지 챙겨요  *이유식 만들때 너무 많은 재료를 섞는것은 좋지 않습니다.  한번에 4~5가지 재료만 넣도록 노력합니다. ,이유식
쥐눈이콩야채밥,원래 좋아하던 검정콩 대신 쥐눈이콩(약콩)을 넣어서 밥을 해보니 생각보니 콩의 질감이 잘 안느껴져서 아이들에게 먹이기 좋더라구요. 어른밥하면서 이유식도 같이 만들수없을까하다가 밥에 야채를 다져서 넣어봤더니 생각보다 야채도 살아있고 색감도 이쁘고 맛도 좋더라구요. 어쩌면 이 이유식은 저의 귀차니즘에 의해 완성됐습니다^^; 엄청 간단하지만 영양만점 이유식이지요^^ 이유식할 만큼 덜어내고는 나머지는 엄마아빠 맛있는 밥으로 먹지요. 참고로 이밥은 유부초밥할때 아주간단하게 이용하기 좋아요. 엄청 간단하지만 탄수화물이 주된 영양분인 쌀에 단백질을 더해주는 쥐눈이콩  칼슘 마그네슘 식이섬유등이 가득한 찰기장  비타민a 가득한 당근  각종 비타민과 미네랄이 듬뿍담긴 애호박까지 영양소가득하답니다. 구하기 쉬운 재료에  쉬운 조리법으로 영양가득한 밥을 매일 준비할 수 있답니다^^,이유식
이유식,조기가 제철이라 조기를 이용한 이유식을 생각해 보았다. 먹을 때 부담이 없는 재료만을 이용하여 만들었다.,이유식
이유식,수퍼푸드라 불리는 칼리플라워와 소고기가 성장발육과 치아나 골격발육에 도움을 준다. 특히 칼리 플라워는 하루 100g을 먹으면 하루의 필요 비타민 양을 섭취할 수있다고 한다. 성장하고 있는 아이들에게 먹이면 좋을 것같아 만들어 보았습니다.,이유식
이유식,조금 더 영양가 있는 재료로 아이들의 성장을 위해 생각해 고안해낸 이유식입니다. 어릴때 어머니가 해준 차조를 넣은 이유식이 생각이 났습니다.,이유식
이유식, 이유식 후기 기간 9~11월은 죽 형태의 음식은 질릴 수가 있고  직접 손으로 집어먹으려고 하는 시기입니다. 그래서 재료 식감을 그대로 느낄 수 있으며  소근육을 발달시키는 핑거푸드 레시피를 찾던 도중 진밥을 이용한 다양한 주먹밥들이 있다는 걸 알게 되었습니다. 하지만 제대로 뭉쳐지지 않아 모양 잡기가 어렵고  아이가 먹는데 불편함이 있어 보여 그에 대해 고민을 하다가 감자의 찰기를 이용해 뭉치기 쉽게 만들면 어떨까라고 생각을 하게 되어 이 주먹밥을 만들게 되었습니다.   이 주먹밥은 몸에 에너지를 내주는 쌀로 진밥을 만들고 땅속의 사과라고 불릴 정도로 비타민 C가 풍부한 감자를 삶아 으깨 형태를 잡은 다음 감자만으로 부족한 찰기 일부를 치즈(칼슘)로 채우고 성장기에 중요한 단백질이 들어있는 닭 가슴살   식감을 살리고 식이섬유가 풍부해 변비에 좋은 당근  애호박을 넣어 만든 건강한 이유식입니다.    핑거 주먹밥은 이것 말고도 다양하게 응용할 수 있고  아기와 외출 시 간편하게 한 끼를 채울 수 있습니다.      ,이유식
고구마당근라이스볼,밥을 잘 안먹는 조카를 위해 달달하면서도 영양이 가득한 라이스볼을 만들어 보았습니다. 먹기에도 편하고 보기에도 알록달록 귀여운 라이스볼 입니다.,이유식
이유식,초간단 부담없는 이유식 레시피입니다,이유식
대구살두부버섯죽,대구살의 고소한 맛을 느낄수 있는 이유식입니다,이유식
이유식,200일된 아이를 위한 이유식 레시피입니다.,이유식
이유식,양배추의 달짝지근한 맛과 대구살의 고소한 맛을 알려줄 수 있는 이유식입니다.,이유식
이유식,가을철 뿌리채소를 이용한 영양밥을 먹고  눈을 즐겁게하는 비트무를 사용하여 색깔채소를 즐김으로써 아이들의 기운과 활력을 돕고자 합니다. ,이유식
이유식,부들부들한 식감과 고소하고 담백한 맛으로 식물성 단백질이 풍부한 두부를 사용해 사랑스러운 조카에게 간단하면서도 겅간한 이유식을 만들어주고 싶어서 만들게 되었습니다.,이유식
이유식,노란빛을 띄는 카로티노이드가 듬뿍 담긴 영양풍부한 단호박과 식이섬유와 칼슘이 풍부한 귀리를 활용한 아기이유식 입니다. 소화와흡수가 쉬워 아이들 이유식으로 좋아요.,이유식
애호박새우무른밥,새우 향만 맡아도 맛있는 죽보다 쌀알이 느껴지는 이유식입니다,이유식
애호박당근소고기죽,단백질과 탄수화물 등 다양한 영양소가 균형잡힌 이유식,이유식
새우볼,쌀 소비가 줄어주는 만큼 쌀과 카로틴이 풍부한 새우는 성장기 아이의 발육에 좋고 달달한 포항초과 당근은 비타민이 풍부해 겨울철 면역력을 강화시키기에 좋은 눈과 입이 즐거운 알록달록한 새우볼 이유식이에요. 전자레인지를 사용해 시간을 단축시키고 양양소 파괴를 최소화 해봤어요.,이유식
안동찜닭,특별한 안동찜닭 만들기  콩나물무침  바지락 뭇국  아이 반찬  유아 반찬  유아식 식단  4살 식단  3살 식단  닭 가슴살 요리입니다. 요즘 저희 부부는  혼자만의 시간을 갖기 위해 노력 중입니다. 평일 저녁에는 신랑이 개인 시간을 갖고  토요일은 같이 보내고 주일은 신랑이 아이들과 온전히 노는 시간을 갖기 시작했어요 아이들도 주말 되면 아이들과 함께 보내다 보니 하루 종일 아빠만 찾게 돼 곤 합니다. 그 덕분에 음식 할 시간도 생기다 보니  저녁에 해줬더니 만족해했습니다. 아이들도 역시 잘 먹었습니다. 안동찜닭이 과정이 많아 보이지만 하면 하나씩 하나씩 하면 할 수 있습니다. 특별히 저는 안동찜닭을 만들 때는  짜장 가루를 약간 풀어주는데요. 색감이 더 진해집니다. 그리고 흑설탕을 이용하거나  콜라로 보쌈 만드는 것을 본 적이 있는데  아이 용이 아니라  어른용이라면  콜라를 넣고 찜닭을 만들어도 색감이 살아날듯해요,이유식
완두콩초밥,우리농산물 이유식  아이 반찬  베이비이까 완두콩 초밥 유아식 식단입니다 베이비이까는 미니 갑오징어입니다. 뜨거운 물에 살짝 데쳐서 사용합니다. 외식 하기 전 아이들 허기짐을 달래려고 했어요 미니갑오징어에는 타우린이 풍부하여 피로회복에 좋고  콩에른 밥에 있지 않는 완두콩에 함유된 비타민B1과 식물성 오메가3 지방산은 두뇌활동에 활기를 주는 효능이 있다고 알려져 있습니다. 꾸준하게 완두콩을 섭취하신다면 두뇌발달에 도움을 받으실 수 있다고 합니다. 쌀은 포만감은 물론 탄수화물이라서 두되 활동은 물론 성장기 어린이이에게 필수적인 영양소라고 할수 있습니다. ,이유식
이유식,백미보다 영양성분이 월등히 좋고 변비에도 효과 있는 흑미와 단백질에 좋은 닭가슴살  비타민이 풍부한 당근을 넣은 영양 듬뿍 흑미 닭가슴살 이유식이에요. 찰기가 적고 톡톡 터지는 씹는 식감이 있어 찹쌀가루를 넣어 소화에 도움을 주고 부드럽게 만들어봤어요.,이유식
단호박무른밥,14개월 아기 이유식이에요. 환절기에 감기기운이 있고 피부가 건조할때 해주면 좋은 이유식레시피 입니다^^,이유식
이유식,4개월부터 돌 이후 까지 한끼도 거르지 않고 우리 농산물로 이유식을 손수 만들여 먹인 24개월 예쁜 딸아이를 키우고 있는 엄마 입니다.  아이가 땅콩  건새우 등 몇 가지 식품 알러지가 있어서 이유식을 시작하고 부터 항상 음식에 신경을 썼었고  아이 먹거리에 특히 고민을 많이 했던 것 같아요. 엄마의 정성 가득한 이유식 덕분인지  다행히 지금은 감기도 잘 안걸리는 튼튼한 아이로 잘 자라고 있습니다.  아이도 예쁘고  알록달록 하고  색감있는 것을 인지 하고 좋아한다는 글을 육아 책에서 보았습니다.  이왕이면 우리 아이도 눈도 즐겁고 건강하게 먹을 수 있는 우리아이 후기 이유식을 만들어 보았습니다. 우리 땅에서 자란 건강한 우리 농산물을 가지고 아이도 맛있고 재밌게 먹을 수 있는 삼색볼(당근  고구마  시금치) 이유식을 소개 합니다. 삼색볼을 여유있게 만들어 두면 여러 이유식에 활용도 가능하고  우리 아이가 다양한 맛을 손쉽게 접할 수 있는 간편한 레시피 입니다.,이유식
이유식,고구마의 달콤한 향기와 적채의 예쁜 보랏빛 이유식은 감기에 걸린 우리아가의 입맛도 살려주는 최고의 이유식입니다. 고구마는 베타카로틴과 비타민C가 풍부한 대표적인 알카리성식품으로 고구마의 비타민C는 조리에 의한 손실도 적어 이유식에 넣기 좋답니다. 안토시아닌이 풍부한 적채로 예쁜 보랏빛 이유식은 보기에도 참 맛있어보여요.,이유식
이유식,서양에서 이유식에 많이 쓰는 아보카도와 우리 식재료를 함께 넣어 아이 입맛을 풍부하게 만들어줄 수 있는 레시피입니다,이유식
아보카도소고기죽,낯선 식재료에 익숙해지도록 익숙한 식재료와 조금씩 섞어 먹이는 이유식입니다,이유식
이유식,맛이 순한 대구살과 아보카도가 쌀죽으로 형태로 아이 입맛을 다채롭게하는 이유식,이유식
닭고기계란덮밥,단백질이 많은 닭고기와 계란에 다양한 채소를 섞어 부족한 영양소도 채우고 한 끼 식사로 즐길 수 있는 완료기 이유식,이유식
새우야채밥전,밥에 감자와 새우  그밖에 다양한 채소를 넣어 골고루 영양소를 섭취할 수 있도록 만든 완료기이유식입니다.,이유식
단호박배죽,겨울철 감기 걸렸을때 부드럽고 달콤한 단호박 배가 들어 있는 이유식 토종 아주까리콩으로 영양추가!!,이유식
들깨무콩나물무른밥,철분함량이 많은 들깨가루와 추운날씨에 기침감기에 도움이 되는 제철재료 무와 콩나물로 만든 건강 이유식입니다.,이유식
느타리버섯죽,저희 어머니가 어렸을때 자주 해줬던 이유식입니다. 너무 예전의 일이라 생각은 안나지만 어머니 말씀에는 생선이유식을 많이 먹어 해산물을 제가 좋아한다는것이라고 말씀하십니다. 제가 가자미와 잘어울리는 채소 궁합을 조사한뒤 만들어봤습니다. 가자미는 단백질 비타민 칼슘이 풍부한 흰살생선 입니다.  생선이유식으로 많이 사용하는 가자미는 담백하고 비린맛이 적어서 좋습니다.  이유식에 많이 사용하는 흰살생선중에서 크기가 적어서 중금속 노출에도 상대적으로 안전하고 냉동이 아닌 생물로 쉽게 구할 수 있습니다. 비린맛을 제거 하기 위해 찔때 양파나 생강이랑 같이 찌면 비린맛이 사라집니다. 또한  양배추는 칼슘 흡수율이 우유만큼이나 높아서 우리아기 뼈를 튼튼하게 만드는 채소입니다. 소화를 돕고 위에도 부담 없으며 식이섬유도 풍부해서 변비 예방에도 좋습니다. 일년내내 구할수 있는 양배추는 칼슘 흡수율을 높아주고 흰살생선과 궁합이 좋습니다. 또  느타리버섯은 양파와 같이 끓이면 식이섬유가 풍부하여 콜레스테롤 감소에 궁합이 좋으므로 같이 넣어봤습니다. 현미와 보리가 들어간 쌀에 흑미를 살짝 섞어 영양분을 더 증가해봤습니다. 아기들이 먹기에 식감이 부담스러울 수 있어 육수를 넣으면서 푹 끓였습니다.  ,이유식
이유식,여름이 지나고 찬바람이 불기 시작하는 환절기는 아이들이 감기에 걸리기 쉽기 때문에 비타민이 듬뿍 들어있는 좋은 식재료들을 활용해 감기 예방에도 도움을 주며 영양소가 고루 갖춰져 있는 건강한 이유식을 고안했습니다.  우리 쌀과 농산물로 만든 이유식의 영양 균형도 맞으며  아이들이 좋아하는 식재료를 이용해 맛도 좋습니다. 사계절 모두  시장에서도 쉽게 구할 수 있는 재료로 실제 가정에서 손쉽게 조리가 가능합니다.,이유식
이유식,고구마와 당근의 달달한 천연 단맛이 아이들이 좋아해요. 알레르기가 적은 고구마  당근을 이용해 아이들이 맛있고 건강하게 먹을 수 있도록 이유식을 만들어 보았습니다. 자색의 이쁜 이유식의 색감으로 아이들의 선호도 또한 높일 수 있어요. 또한 고구마의 안토잔틴  당근의 베타카로틴 등 아이들의 성장에 도움이 될 수 있습니다.^^,이유식
가지양배추소고기죽,갑자기 추어진 날씨로 인해 9개월된 아들이 감기가 자주 걸리는 탓에 감기에 좋은 재료들로 이유식을 만들어 봤어요. 이 재료로 이유식을 만들어서 주니 입맛까다로운 아들도 잘먹고 감기도 바로 클리어! 요즘 감기가 오래간다던데 다른육아중인 부모님들께도 공유해드리고 싶어 소개해드려요~,이유식
이유식,아이 변비에 좋은 이유식,이유식
이유식,바나나 고유의 달콤한 맛으로 아이의 입맛을 사로 잡는 소화에 좋은 이유식,이유식
이유식,생선에 익숙해질 수 있는 무난한 맛과 향의 이유식,이유식
이유식,건강에 좋은 브로콜리와 성장에 좋은 소고기가 함께 들어간 아이가 좋아하는 달콤한 맛 이유식,이유식
이유식,환절기에 우리 아이들의 면역력을 키워주기 위해 뿌리 음식으로 만들어봤습니다.,이유식
감자밥전,밥만 먹는게 지겨울 때 핑거푸드로 재밌는 식사를 할 수 있도록 만들어 봤습니다,이유식
이유식,연어의 고소함과 버섯의 감칠 맛을 익힐 수 있는 이유식,이유식
브로콜리두부양배추죽,건강한 식재료의 맛을 제대로 익힐 수 있는 이유식 ,이유식
이유식,건강한 식재료를 조합한 이유식,이유식
단호박감자밥,단호박은 부드러워 소화가 잘되고 감자는 철과 칼슘  인이 풍부하여 충치를 예방하는데 도움이 된다. ,이유식
이유식,비타민 A  B  C는 물론!  ?면역력과 항암 효과에 좋은 영양소가 풍부한 우리 쌀과 우리 농산물을 골라 만든 이유식입니다.  ?알레르기 위험이 높은 식품을 배제하여 아토피나 알레르기가 있는 아기들에게도 안심하고 먹일 수 있어요! ,이유식
쌀수수녹두밤미음,초보엄마이지만 사랑하는 딸 다인이를 위해 공부하는 엄마에요~ 요즘 관심사는 영양듬뿍 이유식이랍니다♡ 좀 더 맛있게 좀 더 건강하고 영양가 있는 이유식을 만들고자 노력하고 있는 요즘입니다~^^,이유식
두부애호박미음,콩의 영양을 듬뿍~담은 두부와 건강에 좋은 애호박으로 맛을 낸 우리 아이 건강 이유식입니다^^,이유식
밤죽,8월부터 10월까지 수확하는 영양가 높고 맛있는 밤 탄수화물  단백질  칼슘  비타민이 풍부해서 발육 성장에 도움이 되고 피부미용에도 효과가 있다고 알려져 있는데요. 아침식사 대용이나 중기  후기 이유식으로도 손색 없답니다. ,이유식
쇠고기파프리카애호박미음,단백질이 풍부한 소고기가 들어가 담백한 미음! 파프리카와 애호박으로 감칠맛까지 더해 울 애기가 넘 좋아해요~~,이유식
이유식,워킹맘도 쉽게 만들고 아이도 잘먹는 쇠고기 야채죽입니다.,이유식
이유식,식이섬유와 단백질이 풍부한 양배추 감자 닭고기 이유식입니다~,이유식
쇠고기애호박파프리카죽,채소를 싫어하는 우리 아이를 위한 초간편 이유식 레시피를 소개합니다!! ,이유식
닭가슴살브로콜리버섯미음,단백질과 영양 가득한 닭가슴살과 슈퍼푸드 브로콜리의 만남! 우리 아이 미음은 닭가슴살 브로콜리로 정했어요~!,이유식
당근소고기죽,알록달록 색깔도 이뻐 아이들이 좋아하는 당근 소고기 죽이에요~~ ,이유식
사과브로콜리미음,새콤달콤한 제철과일 사과와 신선한 브로콜리의 환상적인 콜라보~ 맛과 영양 동시에 챙긴 슈퍼 이유식 대령이요~,이유식
닭고기두부사과죽,밥을 잘 안먹는 우리아이를 위해 만든 영양 듬뿍 이유식입니다~~ ,이유식
시금치참깨바나나미음,겨울을 알리는 영양 풍부한 시금치와 참깨를 아버님께서 직접 재배하셔서 보내주셨어요~ 이 좋은걸 저와 남편만 먹을 수 없죠.   우리 아기와도 달콤한 제철 시금치와 고소한 참깨를 나누고 싶어서 레시피를 고민해보다가 탄생한 레시피에요~   드디어 초기이유식 졸업하고 중기첫이유식인데 정말 맛있게 먹어줘서 기뻤어요^^ 저는 아기 먹이기 전에 제가 직접 시음을 하는데 어른입맛에도 맛있네요♡   마침 먹고 좀 후에 응가도 쌌는데 응가향 또한 어찌나 달콤(?)한지여 ㅋㅋ 그만큼 아기 몸에도 좋다는 말이겠지여~,이유식
아보카도해물리조또,특별한 리조또 만들기  아보카도 해물리조또  아이 반찬  유아 반찬  아보카도 요리 낮에 혼자 아보카도 김치덮밥에 반개를 사용하고 나머지 반개를 이용하여 리조또를 만들었어요. 아보카도 오일이 있는 것처럼 올리브유 대신 아보카도로 볶았습니다 병원을 가야 해서 한 그릇 음식으로 뚝딱 먹이려고 반찬 없이 리조또로 만들었어요 저는 리조또랑 깍두기와 먹으니 딱 좋았어요.,이유식
이유식,후기 이유식입니다.  일본에서는 톳의 날을 지정할 정도로 톳이 몸에 좋은건 다 아시죠? 미세먼지 기승인 요즘 톳 이유식으로 이겨내요! 10월부터 겨울내내 가장 맛있는 삼치와 함께  우리땅에서 자란 건강한 식재료로 우리아기도 건강하게!,이유식
닭시래기밥,오늘 소개할 16개월 아기 유아식은 닭 건시래기 밥입니다.  바쁜 엄마 아빠들은 아기 유아식에 손이 많이가서 요즘 배달을 많이 해먹습니다. 그런데 내 아이가 먹는것 처럼 안전한 식재료로 정말 깨끗한 환경에서 만드는지 걱정이 많습니다. 아이밥만들고  아이 반찬만들고 때론 아이 밥에 여러 재료를 넣고 볶음밥을 자주 만들어야 하고요. 일하는 엄마들은 정말 힘들어요ㅠ  육수를 따로 내지 않고  아기가 맛있어 하는 초간단 유아식을 생각해서 만들어 봤습니다. 그리고 아기의 영양 균형을 생각하여  적정양을 한번에 만들어 냉장고에 보관하여 먹을 수 있도록 만들어 봤습니다. 부족한 영양분은 간식으로 우유와 치즈등을 주어 채워 줍니다. 저희 아이는 가끔씩 제가 만든 밥에 낫토(나또)를 함께 비벼서 먹여 줍니다.  이시기의 아이들은 닭고기와 소고기를 매일 섭취 해야 한다고 합니다. 이번에 만들 유아식은 닭을 가지고 닭과 함께 섭취하면 좋은 재료들을 가지고 만들어 봤습니다.,이유식
파프리카청경채닭죽,하루가 다르게 쑥쑥 크는 우리 아이들   6개월이 넘어가면서부터 갑자기 자주 아프고 하는데  우리 아이 아프지 않게 예방하기 위해 면역력을 높여주는 이유식을 소개할까해요. 저희 아들은 자주 먹이는데 너무 잘먹어서 소개해드리려 합니다.,이유식
이유식,우리 아이가 가장 좋아하고 배변활동에도 도움이 되는 고구마와 단호박을 이용한 이유식이에요^^ 만드는 방법도 매우 쉬워 워킹맘인 제게도 딱인 이유식이지요~,이유식
소고기당근콜리플라워죽,치즈  계란 흰자  우유  게의 알러지 반응을 일으키는 아가를 위한 이유식입니다.  쌀은 기를 돋구어 주며 비장과 위를 튼튼하게 합니다. 또한 쌀에 들어있는 탄수화물은 소화 흡수율이 98%에 달해 다른 곡물에 비해 소화가 잘된다는 장점이 있습니다. 당근은 '비타민A의 황제'라고 불릴 정도로 비타민 함유량이 높으며  다양한 영양소를 함유하고 있고 특유의 향과 색으로 널리 활용되고 있습니다. 당근에 풍부하게 함유된 베타카로틴은 항산화 효과를 내고  노화 방지 및 암 예방에 도움을 줍니다. 루테인  리코펜 성분이 풍부하여 눈 건강에 효능이 있으며 면역력 향상  고혈암  동맥경화를 예방해줍니다. 콜리플라워는 꽃양배추라고도 불리며  칼슘  칼륨  엽산  미네랄 성분 등이 상대적으로 풍부하여 피부 미용  면역력 증대  피로회복에 좋습니다. 특히 비타민C와 식이섬유 등이 풍부하고 항암 효과가 뛰어나 슈퍼 푸드 중 하나로 꼽히고 있습니다. 콜리플라워를 100g만 섭취하면 비타민C 하루 권장량이 충족될 정도로 풍부한 비타민C를 함유하고 있습니다. 무엇보다 글루코시놀레이트와 설 포라판 성분이 암을 예방하고 암 세포의 증식을 막는데 유용하다고 합니다.,이유식
닭고기시금치양파죽,치즈  계란 흰자  우유  게의 알러지 반응을 일으키는 아가를 위한 이유식입니다.  쌀은 기를 돋구어 주며 비장과 위를 튼튼하게 합니다. 또한 쌀에 들어있는 탄수화물은 소화 흡수율이 98%에 달해 다른 곡물에 비해 소화가 잘된다는 장점이 있습니다. 시금치는 비타민A가 채소 중에서 가장 많고 비타민C와 칼슘  철분이 풍부한 알카리성 식품입니다. 또한 풍부한 섬유소질을 함유하고 있어 변비에 좋고  Fe 엽산은 빈혈을 예방하는 데에 효과적입니다. 양파는 수분이 전체의 90%를 차지하지만 단백질  탄수화물  비타민 C  칼슘  인  철 등의 영양소가 다량 함유되어 있습니다. 양파는 천연 피로회복제라고 할 만큼 좋은 식재료로 몸속 유독 물질 해독 기능이 있고 면역력을 높이며 살균력이 강해서 몸속 세균을 줄여주는 역할을 합니다. 또한 효능이 너무 많아 남녀노소 아이어른 할 것 없이 모두에게 좋은 식재료입니다.,이유식
밤홍시율무죽,가을 제철 원재료를 활용한 이유식입니다.  중기 이유식으로 7개월 부터 섭취 가능합니다.  (7개월 이후부터 섭취가능한 원재료로만 레시피를 제작했습니다)  *이 이유식에는 알레르기를 유발하는 22가지 원재료가 함유되지 않아 식품 알레르기나 아토피가 있는 아이들도 안심하고 먹을 수 있습니다.  -난류  우유  메밀  땅콩  대두  밀  고등어  게  새우  돼지고기  복숭아  토마토  아황산류  호두  닭고기  쇠고기  오징어  조개류(굴  전복  홍합 포함)  잣  *밤 밤은 탄수화물뿐만 아니라  베타카로틴(β-carotene)과 비타민 C 등의 항산화 비타민 및 무기질 함량이 높으며  발린(valine)  루신(leucine)  이소루신(isoleucine)  페닐알라닌(phenylalanine) 등 필수아미노산 함량도 높으며  총 식이섬유 함량이 2.0∼ 4.7%로 높아 식이섬유의 우수한 급원이 되며(Kim et al.  2005; Seo et al.  2009)  밤의 내피와 과육에는 쿠마린(coumarin)  갈릭산(gallic acid)  카테킨 (catechin) 등의 항산화물질을 다량 함유하고 있다(Barreira et al.  2008; Lee et al.  2008). 또한 밤은 위암 세포주에서 세포증식을 억제하고  세포사멸을 촉진하는 효과가 있음이 보고되었으며(Lee et al.  2011)  섭취 시 혈중 중성지방과 총 지질이 감소하고  항혈전능이 향상되는 것으로 나타났다  출처: Kim  J. H.  Park  J. H.  Park  S. D.  Kim  J. K.  Kang  W. W.  & Moon  K. D. (2002). Effect of addition of various mesh sifted powders from safflower seed on quality characteristic of yanggeng. Korean J Food Preserv  9  309-314.  *홍시  감은 비타민 C와 A가 풍부해 특히 일교차가 심한 환절기의 감기 예방에 좋을 뿐만 아니라 전염병 예방과 눈의 생리적 활동에도 유용하게 쓰인다. 한 개의 감이면 일상생활에 필요한 비타민 A와 C의 하루 섭취량으로 충분하며 감은 다른 과일에 비해 단백질과 지방  탄수화물  회분  인산과 철분 등이 많음  출처: 정지영  김광호  신동주  손규목(2002). 단감가루 첨가함량을 달리한 식빵의 품질 특성.『한국식품영양과학회지』31(5): 738~742  *율무 다른 곡류에 비해 단백질과 지질함량이 높고(2 3)  탄수화물 중 당질의 함량은 낮고 섬유소의 함량은 높은 것으로 알려져 있으며  칼슘  철분  비타민 B1  비타민 B2 등을 다량 함유하고 있어서 영양적으로 우수함. 또한 율무는 영양학적으로 혈장 콜레스테롤 및 중성지방 함량을 저하시키고 조직과 혈장간의 콜레스테롤 재분배를 담당하는 HDL-콜레스테롤 함량을 증가시켜 전체적인 지질대사에 관여한다고 보고됨 출처: 2. Jung YJ  Kim JK  Youn KS. 2006. Effect of roasting temperature on phycochemical properties of job's tears (Coix lachry jobi L. var ma-yeun) powder and extracts. Korean J Food P reserv 13: 477-482. 3. Chae KY. 2009. Quality characteristics of glutinous rice Dasik by the addition of Job's tears flour. Korean J Food Cookery Sci 25: 1-6  ,이유식
이유식, 알레르기 반응이 있는 우유 대신 분유(모유)를 사용해  분유물과 단백질  철분이 풍부한 서리태를 갈은 것을 베이스로 하여 아이들이 먹기 좋은 식감으로 바꾸고 콩의 특유 향을 가려주기 위해 성장에 중요한 칼슘이 있는 치즈를 이용하였습니다. 그리고 소화를 촉진시키는 양파   생체 기능을 유지하는 필수아미노산이 풍부한 닭 가슴살 넣어 식재료의 식감을 느낄 수 있으며   서리태의 단맛과 고소함 때문에 아이들이 콩에 대해 꺼려하지 않고 잘 먹을 수 있는 이유식 입니다.   - 서리태 효능  서리태는 다른 콩들에 비해 당도가 있고 고소하며 아미노산인 라이신이 풍부해 어린이 발육에 도움을 줍니다. 그리고 안토시아닌 성분이 들어 있어 시력 향상과 항산화 작용에 도움이 되며 두뇌활동에도 좋기 때문에 어린아이들에게 좋은 식품입니다.   ,이유식
밀푀유나베,손님 초대요리 제부터인가 밀푀유나베가 엄청 인기가 있어졌죠. 쉽고  예쁘고 푸짐하고 건강하고 아이 어른 누구나 먹기 쉬운 밀푀유 나베입니다. ,이유식
이유식,후기 이유식 입니다. 우리 농산물 찰수수를 섞어 고소~~하고  아욱과 새우의 균형잡힌 영양까지 콜라보레이션! * 새우알러지를 꼭 사전에 확인하시고 만들어주세요!,이유식
이유식,각종채소와 강황을더해 건강한 이유식을 만들어봤어요 강황은 아토피 면연력 비염등 많은부분에서 이로운 향신료라 사용해 보았습니다. 개인블로그에도 레시피를 업데이트 중이에요 시간되실때 한번씩 방문해 주시면 정말정말 감사할께요!!. https://blog.naver.com/smh3529,이유식
이유식,아이가 치즈가 들어간 리조또와 그라탱을 좋아하는데  치즈 대신에 콩과 두부로 만든 크림소스를 활용하면   아이가 맛있게 먹을 수 있는 단백질 풍부한 이유식이 될 수 있을것 같아서  만들게 되었습니다.,이유식
이유식,5대 영양소를 골고루 섭취할 수 있는 이유식입니다 아기 키우기도 힘든데 이유식 만드는게 복잡하면 해줄수가 없잖아요.제가 아기 키울때 늘 하던 밥솥이유식을 소개합니다  후기에는 도깨비방망이 안하고 먹이시면 됩니다~ ,이유식
이유식,부드러운 쌀과 함께 장에 좋고 식감이 좋은 율무를 더한 곡류에 채소와 바지락을 넣은 이유식입니다. 여러가지 잎채소류도 좋지만 비름나물은 위에 대장에 좋고 비타민이 풍부하며 해독작용에도 좋은 식품으로 알려져있죠. 자투리 채소로 만든 채소육수와 다양한 채소  곡류가 어울려 맛과 식감이 풍부한 이유식입니다.,이유식
이유식,★ 1단계- 완성요리를 보면서 눈으로도 먹을수 있게 표현했습니다 ★ 2단계 - 아이들이 손에 들고 쉽게 먹을수 있도록 구성했습니다 ★ 3단계- 한 그릇안에 모든 영양소 섭취를 할수 있도록 만들었습니다 ★ 4단계 - 쉽게 만들수 있고 마트에서 쉽게 찾을수 있는 재료 입니다 ★ 5단계 - 쌀눈이 있는 쌀밥에 우리농산물를 재철에 맞게 응용할수 있습니다 ,이유식
이유식,부드럽고 소화가 잘되는 쌀에 영양을 식물성 단백질인 콩과 고소한 견과류인 잣  쌀눈까지 넣어 만든 부드러운 죽타입의 이유식입니다. 재미를 위해 아이들이 좋아하는 율무칩을 솔솔 뿌려서 먹게 해주시면 더 맛있게 먹을 수 있어요.^^,이유식
이유식,우리 농산물 밤호박과 대추로 달짝한 단맛과 쌀의 부드러움이 있는 이유식입니다. 그냥 먹어도 맛있지만 쌀눈이 들어있는 미니새알심이 있어서 아기들이 더 재미잇게 먹으면서 쌀의 영양을 듬뿍 맛볼 수 있어요.,이유식
이유식,변비와 구토가 잦은 둘째아이덕분에 만들게 된이유식입니다 수수는 따뜻한성질과 페놀과 타닌함유 변비외지혈 항암에 좋읍니다 밤은 단맛이 나며 위장장애와 성장기 어린이에게좋읍니다 대추 무화과역시 내장기관을 편하게하는 재료입니다,이유식
이유식,변비와 감기달고사는아기에게 좋은이유식을 생각하던중 만들게 되었읍니다 기장은 폴리페놀과 양질의단백질풍부한식이섬유로변비와 뼈건강 영양공급에 좋다고합니다 문어또한타우린과DHA와 EPA가풍부해 두되발달에 좋으며 해초류또한 미네랄과 칼륨등 중금속배출과 대사작용을활발이 한다고합니다,이유식
이유식,아이가 유난히 잔병치레를하고 잘먹지도 않고 단것만 좋아하고 구토와 변비가 심했어요 닭가슴살과 대추 부추넣어 먹이기 시작하고 잘먹기도 하지만구토증상도 거의 사라졌어요 위와 빈혈 변비에도 좋은 부추와대추적절한단백질이 소화나변비에 체력증진에 도움이 된것같아요,이유식
이유식,아이가 빈약하고 감기가 너무 많이 걸려서먹이기 시작했어요 기폐건강에 좋은 파래와 굴이 아이에게 많이도움이 됩니다,이유식
이유식,밥잘안먹는아이 간식겸 든든한 이유식 하던중에 떡국떡이 있어서 하게된이유기 식사대용 이유식입니다 ,이유식
이유식,또래에비해 체중도 미달이고 키도작은아이 고기를 싫어해 생선으로 만들게 되었읍니다 동태살-두뇌발달과 단백질 부추-지혈 나트륨배출 몸을따뜻하게 면역력증강에 좋읍니다,이유식
밥버거,밥버거만들기 아이반찬 유아반찬  4살반찬 3살반찬 주말밥상 주말엔 역시 간편한게 최고인듯해요 어린이집에서 점심먹고 오는게 얼마나 감사한지 주말되면 느껴집니다 아침먹고 치우고나면 또밥먹는게 일상 집에있으면 주말에는 밥만 먹는것같아요.,이유식
갈치감자조림,갈치 감자조림  머쉬마로우 버섯 구이  닭 가슴살 미역국  닭 가슴살 요리  아이 반찬  유아 반찬  4살 식단  3살 식단  유아 식판식입니다. 오늘은 닭 가슴살을 이용하여 미역국도 끓였습니다. 보통 들깨는 생들깨를 갈아서 사용하였는데 볶음 들깨가루 말고 생들깨가루도 나오길래 구입해보았는데  편하긴 하네요. 그리고 오늘 누가 물으시더라고요. 음식은 언제 하는지요. 하고 물으시더라고요. 그전까지는 저녁에 만들어서 2끼 식사량을 만들어서 전날 저녁  아침을 먹었어요.,이유식
조기구이,노릇노릇 구운 조기는 언제나 먹어도 맛있죠 조기구이는 간을 해서 구워도 맛있고 굴비도 맛있지만 오늘은 조기간장양념 구이를 소개 합니다 심심하게 하면 아이들에게 많이 먹일수 있습니다 굴비보다 야들야들 하며 또다른 맛을 느껴 보세요^^,이유식
숙주나물,육전 만들기  숙주나물 무침  두부 강된장  아이 반찬  유아 반찬  4살 식단  3살 식단  소고기 요리  유아식 식단입니다. 지인분이 아이들 육전 해줬는데 잘 먹는다고 하더라고요. 한 번도 안 해본 육전  밀가루 대신  찹쌀가루를 이용하였고  쉬운데  시간이 조금 걸리네요. 불고기용으로 했는데 생각보다 부드러웠습니다.,이유식
이유식,중기이유식 시작한지 오늘이 6주차입니다~ 쌀이 작아도 문제.. 커도문제.. 후기이유식으로 가야하는지 고민하다 진밥으로 이유식을 만들어 주었더니 너무잘먹네요~~싹싹쓸이 양파가 익으면 달고 바나나도 달으니 더잘먹는듯해요!,이유식
사과무깍두기,얼마 전  깍두기 볶음밥을 준 적이 있는데  첫째가 자기도 깍두기 좋아하는데 맵다고 하더라고요. 예전에는 색감을 위해서 파프리카를 넣어서 깍두기를 만들었는데  이제는 색이 진하면 맵다고 느끼는 첫째  그래서 그냥 고춧가루만 살짝 넣고 깍두기 만들었습니다. 어제 만들어야지 하다가  잘라놓기만 하고 오늘 만들게 되었네요. 제철 사과와 함께 만들어서 더 더 맛있었어요. 오늘 아침에 먹었는데  어때 했더니 맛있다고 하더라고요. 요즘 무도 맛있고 사과도 맛있는 시기죠. 두 가지 함께 이용하여서  아이 반찬으로 깍두기 만들면 좋을 것 같아요.,이유식
훈제오리볶음,훈제오리볶음  연근조림  멸치볶음  해물 미역국  아이 반찬  유아 반찬  유아식 식단입니다. 오늘은 저희 아이들이 좋아하는 식재료로만 조합을 맞추었어요. 새우 팽이버섯볶음을 하려고 하다가  그냥 새우와 조갯살로 미역국을 끓이고  팽이는 훈제오리와 볶았습니다. 훈제오리는  싸먹는 훈제 오리라서 껍질을 제거하지 않아도 되고 간편하게 먹을 수 있어서 좋아요. 음식 만들다 보니  시간이 좀 있어서 멸치도 볶았어요. 5구 식판 모처럼 꺼내서 음식 담았더니 확실히 푸짐해 보이긴 합니다.,이유식
고구마튀김,고구마튀김  돼지고기장조림  아이 반찬  유아 반찬  4살 식단  3살 식단  돼지고기 앞다리 요리  오븐요리  고구마 요리입니다. 시댁에서 돼지고 기 앞다리 삶은 걸 주셨어요. 최대한 빨리 사용하려고  생각보다 양이 많아서 찢어서 장조림을 만들었습니다. 어제저녁에 만들었었는데  이제 포스팅을 합니다. 첫째  둘째가 컨디션이 안 좋았었거든요. 옆집 꼬맹이가 놀러 왔는데  꼬맹이가 잘 먹더라고요. 저희 집 어제저녁은 떡도 먹고 해서 잘 안 먹었는데  오늘 아침에 주었더니 그럭저럭 잘 먹었습니다.,이유식
장조림볶음밥,돼지 전지 장조림 볶음밥  아이 반찬  유아 반찬 입니다. 돼지고기장조림은 전날 삶은 전지를 찢어서 만들었어요.,이유식
홍합탕,홍합을 사서 홍합탕을 끓였습니다. 저는 홍합을 사면  한 번은 홍합탕 끓이고  그 국물로 그날 저녁은 미역국을 끓여줘요. 두 가 지국을 즐길 수 있으니 편해서요. 내일도 역시 아침은 미역국일듯합니다. 홍합이 아직은 살이 덜올라서 크진 않았습니다. 그래도 조개 조 개라며 아이들 잘 먹었습니다.,이유식
우엉조림,우엉조림  가자미 구이  얼갈이 나물  들깨 미역국  아이 반찬  들깨 요리  유아 반찬  유아식 식단  4살 식단  3살 식단 역시 겨울이 되면 뿌리채소 우엉도 맛있어지죠.,이유식
갈치구이,,이유식
배보관,이렇게 보관하고서 깜박하고 6개월 뒤에 발견했는데요. 하나도 안 썩고 맛있는 배를 먹게 되었네요. ,이유식
김자반,김자반 만들기  김 요리  카레 닭구이  사과 깍두기  아이 반찬  유아 반찬  4살 식단  3살 식단. 유아식 식단입니다 얼마 전  도시락김으로 김자반을 만들었었는데  오늘은 생김을 찢어서 만들었더니 너무 맛있네요. 겨울철 제철 맞은 생김을 이용하여 만들어보세요.,이유식
고추잡채,땅콩조림  고추잡채  계란밥  유아 반찬  아이 반찬  유아식 식단  유아 식판식  4살 식단  3살 식단입니다. 파프리카  양파  당근  돈채를 이용하여 동그랑땡을 만들려고 했는데  두부가 분명 있다고 생각했었는데 없더라고요. 그래서 어차피 늦게 일어나기도 했고  고추잡채를 만들었습니다. 꽃빵은 없지만  김에 싸주었더니 곧잘 먹었습니다.,이유식
시금치된장국,고구마구이   등뼈찜 시금치된장국 아이반찬 유아반찬 4살식단 3살식단 유아식식단  돼지등뼈요리 고구마요리입니다. 요즘 맛있는 시금치죠.포항초나 남해초도 나오긴 하지만 가격이 좀 차이나길래 일반시금치를 이용하여 된장국을 끓였어요. 저희아이들에게 대부분의 국은 야채를 조금이라도 먹는방법의 한 종류이다 보니  시금치로 된장국끓여도 잘먹었습니다.,이유식
감자탕, 감자요리 등뼈요리 시간은 많이 걸리지만  막상  삶아 놓은 등뼈만 있으면  어렵지 않고  고기  야채를 한꺼번에 골고루 먹일 수 있는 좋은 음식이 감자탕이 아닐까 싶어요. 어제는 등뼈 한 대 사 와서  등뼈 찜을 만들고  반은 오늘 감자탕을 끓였습니다. 등뼈 찜은 참고하여주세요.,이유식
유아식, 제가 계획한 주 콘텐츠가 아이 이유식과 유아식이었는데요..  인기가 제일 없어 정말 오랜만에 올리게 됐네요 ㅠ.ㅠ 맘마 만드는 아빠의 유아식 만들기 많은 관심과 사랑 부탁드립니다. ^ㅠ^  오늘 소개할 내용은 17개월 아기 초간단 소고기 취나물 유아식입니다.           바쁜 엄마 아빠들은 아기 유아식에 손이 많이 가서 요즘 배달 많이 해먹습니다. 그런데 내 아이가 먹는 것처럼 안전한 식재료로 정말 깨끗한 환경에서 만드는지 걱정이 많습니다. 아이 밥 만들고  아이 반찬 만들고 때론 아이 밥에 여러 재료를 넣고 볶음밥을 자주 만들어야 하고요. 일하는 엄마들은 정말 힘들어요ㅠ          맘마 만드는 아빠는 육수를 따로 내지 않고 아기가 맛있어 하는 초간단 유아식을 만들어 봤습니다. 그리고 아기의 영양 균형을 생각하여  적정 양을 한 번에 만들어 냉장고에 보관하여 먹을 수 있도록 만들어 봤습니다. 부족한 영양분은 간식으로 우유와 치즈 등을 주어 채워 줍니다. 저희 아이는 가끔씩 제가 만든 밥에 낫토(나또)를 함께 비벼서 먹여 줍니다.  이 시기의 아이들은 닭고기와 소고기를 매일 섭취해야 한다고 합니다. 이번에 만들 유아식은 소고기를 가지고 소고기와 함께 섭취하면 좋은 재료들을 가지고 만들어 봤습니다. ,이유식
꼬막부추전,제철맞은 꼬막으로 부추전을 만들었습니다.  ,이유식
오이사과무침,저는 첫째가 이제 유치원을 앞두고 있어서 의식적으로 둘째도 그렇고 고춧가루를 조금씩 넣어줍니다.   그래서 조금씩 접할 수 있도록  어색하지 않도록 간 보기 중인데  첫째는 언니라며 이제 매운 음식도 잘 먹는다고 스스로 이야기합니다,이유식
콩나물무밥,제철 맞은 무와 함께 콩나물밥을 했어요. 간장  매실액  참기름 넣고 비벼줬더니  더 보 거부.. 우리 꼬맹이 더 줘를 더 부라고 하더라고요. 둘 다 맛있게 먹고 등원했어요.,이유식
야채육수,아이가 중기이유식을 시작하면서 처음 만들어 본 이유식 육수예요.  마스터키를 사용해서 소고기와 닭고기 육수는 별도로 나오기 때문에 야채와 맛 좋은 표고버섯을 가득 넣어 만든 육수를 보충해주었답니다.,이유식
아보카도,중기 이유식 2단계 첫번째 식단이였던 소고기아보카도죽과 감자노른자죽 입니다.,이유식
계란토스트,자주 먹는 스크램블을 넉넉하게 만들어 식빵에 넣어 주니  아주 먹음직스럽고 든든한 한 끼 또는 간식이 된다  햄이나 베이컨  치즈를  넣어 주었다~  입맛에 맞게 치즈 더 넣어도 좋고 아보카도나 베이컨을 넉넉하게 올리면 더 먹음직스럽겠네^^ ,이유식
소고기무국,보통 때는  그냥 쇠고기 덩어리를 이용하여 끓였는데  오늘은 국거리용 절단용을 이용하였습니다. 한 번쯤은 먹어봤을 쇠고기 뭇국인데도  제 블로그에는 포스팅한 적이 없더라고요. 꼼꼼히 포스팅해놓아야겠습니다. 블로그 시작한 지 1년 반이 넘도록  쇠고기 뭇국이 한번 포스팅되어 있어서 놀라웠습니다.,이유식
소고기떡국,떡국은 언제 먹어도 맛있는데요. 소고기 한 팩을 사서 어제는 소고기 뭇국을 끓여 먹고  오늘은 소고기 떡국을 끓였습니다.    쌀쌀한 요즘 든든하게 먹기 좋고  명절뿐만 아니라  평소에도 먹으면 좋은 국 같아요. 떡이 250g 정도라서 4인이 먹기는 부족해서 만두를 몇 개 더 넣었습니다. 포스팅은 4인 기준 떡만둣국이 아니라  떡국으로 할게요.,이유식
버섯볶음,쫄깃한 식감덕에  아이반찬으로 딱 좋은 버섯굴소스볶음입니다.,이유식
홍가리비찜,홍 가리비 찜 만들기  홍 가리비 손질  홍가리비 요리  홍가리비 김치 국수 홍가리비찌는법 아이 반찬  유아 반찬  ?  홍 가리비가 요즘 제철이죠. 홍 가리비는 단풍 가리비라고도 하는데 요즘  통영이나 고성  이런 남해에서 많이 생산되나 봐요. ,이유식
배추겉절이,통배추 겉절이  버섯 굴 소스 볶음  닭 오븐구이  아이 반찬  유아 반찬  유아식 식단. 배추 요리  오븐요리  4살 식단  3살 식단입니다.  ?  김치가 먹고 싶다 하는 우리 첫째  배추김치 해줬더니 깍두기가 먹고 싶다네요   ?  그래도 둘째도 잘 먹고  김치 담기 귀찮은데 알배추로 통 겉절이로 절이지 않고 바로 만들 수 있으니 종종 해줘야겠어요. 일반 배추 말고  부드러운 알배기 배추를 이용하였습니다. ,이유식
닭다리오븐구이,직화 오븐 185도에서 30분 구워 줍니다. 껍질은 제거하고 구우면  속이 건조해지더라고요.  ?  ?   오븐으로 구울 때는  그냥 그대로 유지하되  촉촉한 구이를 위해서는  아래위로 종이 포일을 감싸고 구워 줍니다.   먹을 때 껍질을 벗기고 먹으면 촉촉한 닭다리 구이를 맛볼 수 있습니다. 특별히 다리는 살이 많다 보니  위쪽에 칼집을 꼭 넣어 주세요. 그러면 덜 익는 부분 없이 골고루 잘 익습니다. ,이유식
콩나물무침,언제나 먹어도 맛있는 콩나물 무침  저희 아이들은 어릴때 부터 콩나물 머리까지 함께 주어서 자르지 않고 먹어도 잘먹습니다.,이유식
미역배무침,언제나 잘먹는 미역  미역을 무침으로 했더니 역시 잘먹습니다.,이유식
꼬막미역국,  꼬막 미역국  처음 끓여봤는데  오 역시. 바다 맛 가득합니다. 꼬막은 소금 넣고 30분 정도 해감한 후  물에 5~7회 정도 서로 비셔서 깨끗하게 씻은 후  물을  미향 1T를 넣고 끓여줍니다. 끓을 때 생기는 불순물은 제거하여 주세요. 미역국 육수는 750mL 정도 맞추었고  다른간은 하지 않았습니다,이유식
파프리카계란찜,파프리카를 갈아서 계란찜에 넣었더니 색감은 너무 예쁜데  파프리카가 생각보다 많이 들어갔나 봐요. 파프리카 향이 조금 진했는데  색감은 너무 예뻤습니다. ,이유식
고등어조림,쌀뜬물을 이용하여   고등어의비린맛을 제거해주었습니다.,이유식
두부강정,그리고 두부강정으로 해줬더니 훨씬 잘 먹었습니다. 두부구이는 이상하게 잘 안 먹더라고요. 두부조림도  그런데 강정으로 해줬더니 둘째는 첨에는 크게 줬더니 뱉더니  잘게 잘게 잘라 줬더니 자기 거 다 먹었습니다.   아이 2  엄마 1 1회 식사량입니다.  모든 양념은 밥숟가락 기준입니다.  1숟가락은 15mL입니다. ,이유식
쪽갈비구이,쪽갈비를 소금과  스테이크 소스에 나누어서 구웠어요. 역시 고기는 사랑입니다. 아이들도 잘 먹었어요.,이유식
애호박새우젓볶음,우리 꼬맹이들  김에 고기랑 호박이랑 싸주니 잘 먹던데  막상 하나씩 먹어볼까 하니 안 먹더라고요. 김에 싸서 그래도 접시에 담아준 만큼 다 먹었습니다,이유식
김굽는법,생 김 굽기  에어프라이어 요리  김 요리  겨울 반찬  아이 반찬  5살 반찬  4살 반찬겨울 반찬  아이 반찬  5살 반찬  4살 반찬 새해 첫날 겟잇 한 에어프라이어 간편하긴 합니다.  오늘은 아침에 후다닥 김을 구웠습니다. 프라이팬에서 구워도 되지만 뒤집고 하려면 지키고 있어야 하는데 그렇게 안 하니까 편합니다. ,이유식
쌀미음,안녕하세요! 아가 이유식을 시작하게 되었어요. 보통 이유식 기구를 많이 사용하시는데 간단하게 냄비와 믹서기만을 이용해 만들 수 있는 이유식을 공유하고자 해요. 초기이유식1단계 쌀미음입니다.,이유식
사골미역떡국,1월 1일은 저는 매년 고민을 하게 되요. 우리첫째는 1월 1일이 생일이거든요. 떡국을 먹을까 미역국을 먹을까?  어린이집 엄마들과 카톡을 하다가 만든 사골 미역떡국입니다.  사골육수는 정육점에서 구입했어요. 생각보다 담백하니 괜찮더라구요.  사골이랑 잡뼈1:1로 맞추어 핏물빼고 물을 넉넉히 붓고 2시간 정도 끓여도 됩니다. ,이유식
감자미음,두번째 초기이유식은 감자미음으로 만들어보았습니다. 이유식 재료중 알레르기가 거의 없고 비타민C가 열을 가해도 파괴되지 않고  무기질이 풍부한 알칼리성 식품이랍니다.,이유식
차돌박이숙주볶음,오랜만에 차돌을 볶아 주었더니 역시 잘 먹어서 좋아요. 차돌박이 가격대가 부담스럽다면  대패삼겹으로 대체해도 좋을듯합니다.  ?  모든 양념은 밥숟가락 기준입니다.  1숟가락은 15mL입니다.   차돌박이 볶음은 성인 1  아이 2명 2회 식사량 입니다.  ,이유식
애호박미음,3번째 초기이유식 애호박미음입니다. 풋풋한 향이 너무 좋은 애호박은 레시틴이 풍부해서 두뇌 발달  기억력 향상에 좋은 음식이랍니다.,이유식
짜장떡볶이,짜장떡볶이만들기 짜장떡볶이만드는법  아이 반찬  유아 반찬  4살 반찬  5살 반찬 닭가슴살요리  ?  주말에는 정말 눈뜨면 밥 먹고 치우면 또 밥 먹게 되더라고요. 토요일 점심에 짜장 떡볶이를 만들어서 아이들과 맛있게 만들어 먹었습니다. 닭 가슴살까지 더해서  부족한 단백질도 보충해 주었습니다. ,이유식
유아식,오늘 소개할 내용은 18개월 아기 유아식입니다.   맘마 만드는 아빠표 유아식 이름은 18개월 아기 초간단 대구살 유아식으로 하겠습니다. ,이유식
단호박미음,4번째 초기이유식1단계 단호박미음입니다. 단호박은 비타민  무기질  섬유질이 풍부해서 면역력을 높이고 소화가 잘되어서 아기에게 좋은 이유식 재료랍니다.,이유식
찹쌀미음,초기에는 대부분 곡식류는 가능하나 1단계에서는 보통 쌀과 찹쌀을 자주 준다고 해요. 찹쌀은 단맛이 있어서 아기들이 좋아하지만 쌀보다는 자주 주면 안된다고 하네요^^ ,이유식
닭다리구이,에어프라이어를 이용하여 닭다리구이를 만들었어요.,이유식
양배추미음,양배추는 식이섬유가 풍부해서 변비에도 좋고 면역력에도 좋아 위와 장을 모두 튼튼하게 할 수 있는 식재료에요. 이유식을 먹고 변비가 생길 수 있는 시기에 먹이면 좋을 것 같아요.,이유식
과일펀치,우유 안 먹는 우리 꼬맹이  우유먹이기 딱 좋은 방법 중 하나가 과일 펀치입니다. 과일 화채는 차가운 느낌이지만  얼음을 넣지 않아서 아이들이 부담 없이 먹기 좋아요.,이유식
돼지사태무침,그리고 돼지 사태를 구입하였는데  생각보다 퍽퍽하지 않고  부드러워서 아이들 반찬으로 사용하기도 좋았습니다. ? 모든 양념은 밥숟가락 기준입니다. 성인 1  아이 2명 2회 식사량입니다. 1숟가락은 15mL입니다.,이유식
알감자구이,알감자조림을 하려다가  우리 꼬맹이 콩을 좋아하다 보니 땅콩도 조리고  알감자는 에어프라이어에 구웠어요..,이유식
초고추장,비율만 안다면 정만 초간단으로 만들 수 있는게 바로 이 초고추장!!  ,이유식
고구마미음,달달함과 식이섬유가 풍부해 아기들이 좋아하는 고구마미음! 여지껏 만들었던 미음중에 제일 맛있었던 것 같아요 :) 제가 고구마를 좋아해서 그런지 저희 아가도 맛나게 먹었어요!   ,이유식
생선가스,에어프라이어 요물   물론 없이도 살았지만  있으니 확실히 음식 하기 편합니다. 이제는 생필품처럼 느껴지는 에어프라이어  오늘은 생선가스를 만들었습니다 타르타르 소스도 직접 만들었어요.    생선가스는 2회 식사량입니다.  모든 양념은 밥숟가락 기준입니다.  1숟가락은 15mL입니다.  ? ,이유식
유부볶음밥,생선가스만들기 생선가스만드는법 탈타르소스만들기 유부볶음밥  아이 반찬  유아 반찬  유아식 식단  4살 식단  5살 식단  에어프라이어 요리입니다,이유식
도토리들깨수제비,아이들이 먹기엔 조금 커서 가위로 잘라주었는데  우리 첫째도 너무 잘 먹고  둘째도  떡 맛있다 하고 곧잘 먹었습니다.   도토리묵 가루로 도토리묵을 만들까 했었는데  도토리묵 가루로 수제비를 만들어도 맛있네요.  ,이유식
브로콜리미음,브로콜리는 무기질  비타민이 풍부하고 건강에도 좋은 항산화 식품이라고 알려져있죠? 아가들 초기이유식1단계 메뉴 중 하나라서 만들어봤어요. 향이 강해서 숲속에 온 맛(?) 이라 아가들이 거부 할 수 있다니 그럴 때는 양을 좀 줄여보세요.    ,이유식
이유식,아기 밥  국  반찬 따로 만드는 것보다 밥솥이유식으로 간편하게 아기밥 만들어요. ?,이유식
오이미음,오이는 95%가 수분으로 채워져있고 비타민C가 풍부해요! 그래서 면역력을 높이는데도 좋고  차가운 성질이라 열이 날 때 먹이면 좋답니다. 오이는 알레르기 반응 일으키는 아가들이 은근 있더라구요~ 식단을 짤 때 오이미음은 정말 맛없을거라고 생각했는데 어느새 오이미음까지 만들게 되었네요 :)    ,이유식
청경채미음,청경채는 칼슘이 풍부해서 성장기 아기에게 좋은 식재료라고 하네요. 치아와 골격 형성에 도움을 주고 세포조직도 튼튼하게 한답니다.    ,이유식
콩자반,지난번에 콩을 삶아서 콩자반 했는데도 식으면서 조금 딱딱해졌어요. 그래서 오늘은 생각난 김에 콩도 물에 불려 사용하였습니다.,이유식
떡강정,지금 사진은 200g인데 살짝 줄여도 될 것 같아서  150g으로 수정하였습니다,이유식
사과미음,사과는 비타민이 풍부하고 펙틴 성분은 장을 튼튼하게 해주고 노폐물을 배설해 변비에 좋다고 하네요. 그리고 사과의 달달한 맛 덕분에 아기들이 잘 먹는다고 하네요.   ,이유식
밤미음,밤은 달콤하고 부드러워 맛이 좋고  아기에게 좋은 5대 영양소가 풍부해서 면역력에도 좋고 항산화 성분이 풍부하고 소화에 도움도 준다고 하네요.   ,이유식
쇠고기브로콜리미음,아기가 6개월을 맞이하여 철분 보충을 위해 소고기가 들어간 초기2단계 이유식으로 업그레이드 했습니다. 소고기1+야채1 이렇게 섞어주어서 농도를 더 진하게 했고 양도 조금 더 늘렸습니다. 저는 한우 우둔살을 사용했습니다.   ,이유식
소고기감자미음,소고기는 다른 영양분은 풍부하지만 비타민은 부족한데 감자는 비타민C가 열을 가해도 파괴되지 않아서 보충해주기 좋은 메뉴랍니다 :) 부드럽고 맛있는 초기이유식2단계 소고기감자미음 입니다. ,이유식
소고기무미음,새로운 식재료가 추가 됐어요! 6개월부터는 무를 먹을 수 있다기에 추가해봤어요. 무는 비타민C가 풍부해서 면역력에도 좋아 감기나 잔병치레를 하지 않도록 도와주고 가래나 기관지에도 좋다고 합니다. ,이유식
소고기비타민미음,6개월 이유식을 만들면서 새로운 채소를 시도하고 있어요. 비타민이라는 채소는 저도 참 생소해요! 처음에는 비타민약을 섞는 미음인가 했어요 ㅎㅎ 살면서 비타민을 얼마나 먹을까 건너뛸까 했는데 그래도 엄마맘이 새로운 음식을 경험해주고 싶어서 만들었답니다.?   ,이유식
소고기사과미음,초기이유식1단계에서 사과는 별탈 없이 잘 먹어줘서 소고기이유식에도 넣어봤어요 :) 사실 야채나 과일이나 다 잘 먹는 아가라서 걱정은 안되는데 왜 사과퓨레는 좋아하지 않을까요?? 인상팍....;;; 저희 아기는 한식이 좋은가봐요 ㅎㅎㅎㅎ   ,이유식
소고기바나나미음,바나나는 달콤하고 부드러운 식감이라 아기들이 좋아해요! 섬유질이 풍부하고 소화가 잘되며  펙틴이 풍부해서 노폐물 배출을 돕고 변비예방에 효과가 좋답니다.   ,이유식
애호박배추미음,초기1 때 애호박이유식에서 알러지반응이 없었고  6-7개월부터는 배추를 먹을 수 있다기에 배추를 추가해봤어요. 집에 마침 애호박과 배추가 있어서 만들어봤답니다. 소고기애호박배추미음이 있길래 궁합은 나쁘지 않다 생각해 만들었어요.   ,이유식
칵테일새우무두부국,아가들 이유식에도 좋은 칵테일 새우 무우국입니다,이유식
닭봉조림,닭봉조림 닭봉구이 아이반찬 4살반찬 5살반찬입니다. 어제 모처럼 닭봉 간장구이를 만들어 보았습니다.,이유식
김자반,다된다에어프라이어최강 레시피 에는 건파래볶음을 만들었었어요. 응용하여 김자반도 쉽게 만들수 있습니다.,이유식
목심제육볶음, 목심간장볶음도 만들었어요,이유식
해시브라운,제철맞은 감자로 해시브라운을 만들었어요. 삶아서 만들어도 되지만 오늘은 에어프라이어로 구워서 만들었습니다.  야채다지고 밀가루 계란  빵가루 묻히면 고로케가되고 그냥 튀김가루 .   계란물만 묻히면 해시 브라운이 됩니다 ,이유식
초계인삼석류탕,기존 초계탕과는 다른 모양의 보양을 위한 인삼등 건강한 재료를 넣은 초계 육수에 닭고기와 얇은 피로 만든 석류만두로 새로운 여름 보양식을 만들어 보았습니다 쫄깃한 피와 시원한 육수로 한입에 즐기세요~,이유식
유니짜장,오늘은 후다닥 유니짜장을 아침에 만들어서 먹고 아이들 등원했어요. 아침에는 보통 볶음밥  주먹밥을 먹을때도 있는데  오늘은 집에 있는 재료들로 후딱 만들기 쉬운 유니짜장  에어프라이어로 만들었습니다.,이유식
감자조림,감자조림은 책에서는 간장조림으로 만들었는데  오늘은 고춧가루를 약간 더 넣었습니다. ,이유식
두부베이컨구이, 다 된다 에어프라이어 최강 레시피에서는 두부구이를 구워서 달래 양념장이랑 뿌려 먹었는데  오늘은 저희 집 냉장고에는 베이컨도 함께 있어서  베이컨도 말아보았습니다.  너무 간단한 두부 베이컨 말이입니다.     ,이유식
해물미역국,다 된다 에어프라이어 최강 레시피에서는 소고기 미역국과  고사리 볶음을 소개하였어요. 오늘은 응용한 해물 미역국과 고사리 볶음을 에어프라이어로 만들었습니다,이유식
돼지목살야채볶음밥,20개월 우리 아가를 위한 목살야채볶음밥,이유식
소고기야채죽,어른들도 초딩입맛인 사람들이 많은 요즘. 아이들이 편식을 한다고 해서 뭐라고 할 일이 아닌 것 같더라구요. 자극적이고 맛있는 음식이 워낙 많다 보니 그 맛을 보고 나면 아이들도 맛있고 맛없고를 단번에 알아 버릴 수 밖에 없지 않을까요. 또 자극적인 많은 음식을 먹어보지 못한 상태라 조금만 자극적인 음식도 아이들에게는 신세계일 수 밖에 없을거에요. 그럴수록 건강하고 맛있는 유아식을 만들어 준다면 조금은 인스턴트나 자극적인 음식을 덜 찾지 않을까 싶어요. 어릴때부터 건강에도 좋고 맛있는 음식을 집에서 만들어주면 아이들 편식에 도움이 될거라고 생각해요.,이유식
소고기찹쌀볼,12개월 이상 아이에게 영양가 듬뿍! 소고기 찹쌀볼 해보세요!,이유식
쌀미음,초기이유식은 숟가락적응기 라고 할정도로 아주 소량만 합니다. 간단하게 만들어서 편리하게 해보세요!,이유식
차조바나나미음,건더기를 조금씩 적응하게 해줄 시기인 5~6개월 아기들! 엄마의 사랑을 듬뿍 담은 차조바나나미음으로 맛과 영양을 모두 아이에게 선물해주세요♡,이유식
단호박죽,둥이들만 좋아해서 일년에 딱 한번만 만들어 주는 단호박죽을 만들었어요 전 죽들은 진짜 좋아하는데 단호박죽은 싫어해요ㅋㅋ 왜 그러는걸까요  단호박죽을 간만에 해준거라 둥이들이 어찌나 잘드시는지 ㅋ 네개 사다 두개 해주니 금방먹고 나머지 두개도 바로 해줬어요  만들면서 노란게 먹고 싶다란 생각은 드는데 생각만 들뿐 전 맛만보는걸로^^;;  별미로 달달하게 먹는 단호박죽 간단하게 끓여드세요^^ ,이유식
쌀미음,이유식 전문가와 함께하는 우리아이 이유식 초기단계 !!  알레르기 유발없이 걱정없이 먹일수 있는 방법까지 알려주는 시간!!  단계별로 배워 우리아이 건강하고 튼튼하게 이유식을 시작해보아요~!  세상의 모든 레시피 만개의레시피,이유식
찹쌀미음,이유식 도중 알레르기 반응에 대처하는 방법은???  이유조리법의 이유있는 상식까지 알려드리는 이유식의 모든 것 ★ ' 의사 엄마 민아림 ' 선생님의 이유있는 설명까지 !! 이유식 시작하기 막막했던 부분 해결하고 똑똑한 이유식 만들어 보세요~!   세상의 모든 레시피 만개의레시피,이유식
곡물이유식,쌀 미음에서 곡류로 넘어가는 이유식 단계~!  민아림선생님이 소개하는 알레르기의 대처법 까지~!!! 우리아이 건강하게 아프지 않게 이유식을 만들어보세요~!  세상의 모든 레시피 만개의레시피 ,이유식
단호박양배추미음,5~6개월 아이들이 먹을 수있는 초기이유식~!  채소의 본연의 맛을 느끼게 하는 초기 2단계 필요한 레시피 ★  세상의 모든 레시피 만개의레시피 ,이유식
소고기야채죽,가족 중에 누군가 아프면 먹는 음식이 죽이었는데  죽을 끓여 본 게 언제였는지 까마득하네요. 요즘은 시판 죽이 너무 잘 나와서 심한 병이 아니면 사다가 먹었던 것 같아요. 아이 어릴 때 밥 대용으로 여러가지 죽을 끓여 먹였고 커 가면서 배탈이라도 나면 또 만들어서 먹였는데... 어머님이 건강 상태가 좋지 않으셔서 며칠 식사를 잘 못하신다고 해서 소고기야채죽을 만들어 보았습니다. 바깥 음식은 원래 좋아하시지 않아서 손수 만들어서 드렸는데 자극적이지 않고 영양도 듬뿍 들어가 있으니 죽을 드셔도 속 편하고 든든함이 있을 것 같아요.,이유식
이유식,채소의 본연의 맛을 느끼게 해야하는 단계!  알레르기 반응은 2~3일 뒤에 나타난 다는 사실??!! 알고 계셨나요? 이유식을 어떻게 시작해야 하는 지 모르는 분들을 위해  3가지 이유식을 소개합니다!  세상의 모든 레시피 만개의레시피,이유식
바나나퓨레,아이가 아직 이가 안났다면  바나나 퓨레로 부드러운 간식 만들어주세요!,이유식
단호박비트닭안심라이스스프,여러가지 식재료로 편식없는 아이 만들어봐요! 물론  궁합좋은 식재료들로♡,이유식
단호박시금치새송이버섯죽,아이가 잘먹는 이유식은 따로 있다죠? 서로 어울리는 맛의조화로 이유식 만들어보세요!,이유식
양배추미음,의사엄마 민아림 원장과 함께하는 이유식의 대한 모든것!  아이가 처음 먹는 음식으로 이유식 때문에 고민하시는 분들이 많으실텐데요~!  알레르기가 생기거나 그것에 대한 대처법 까지 알아보는 시간을 가져요~!  세상의 모든 레시피 만개의레시피,이유식
된장당면사리곰탕,추운 겨울날..! 유아식으로  된장당면사리곰탕을...,이유식
브로콜리이유식,처음부터 채소에 잘 길들어져야 편식없는 아이로 키울수 있어요!  초기이유식은 어떻게 해야할지 막막하셨죠?? 소아과 민아림 선생님 자세한 설명을 보고  우리아이 건강하게 이유식을 시작해보아요~!  세상의 모든 레시피 만개의레시피,이유식
단호박타락죽,?예전에 무한도전 한식편에서  길이 단호박 타락죽을 하는걸 보고 노란 색깔이 너무 예쁜 단호박에 시선이 빼앗겼어요.  타락은 우유를 뜻하는 말이라고해요. 그래서 단호박과 우유를 넣어 단호박 타락죽이라고 하죠.,이유식
배추미음,밥을 먹기 시작하면서부터  푸른 채소를 편식하는 아이들이 많죠?!!  초기이유식부터 잘 길들여 지면  어렵지 않게 유아식을 시작할수 있어요~!  세상의 모든 레시피 만개의레시피 ,이유식
배미음,다양한 맛을 느끼게 해주고 싶은 게 엄마의마음이죠??!  채소 이유식에 이어서 과일으로 만든 미음을 소개합니다~!  세상의 모든 레시피 만개의레시피 ,이유식
소고기미음,초보 맘들의 고민 해결!  소고기이유식은 언제 시작하는게 좋을까?!  다른 채소를 안 먹지는 않을 까?!  오늘의 영상으로 고민 해결!!!! 세상의 모든 레시피 만개의레시피,이유식
소고기미음,고기에 너무 익숙하지 않게 다양한 재료를 넣어 만드는  소고기 미음 3가지!  4~6개월이유식의 고민하는 초보맘들을 위해!  세상의 모든 레시피 만개의레시피 ,이유식
소고기미음,다양한 이유식을 만드는 방법!  기본 소고기미음에 아이들이 편식하기 쉬운 재료를 넣어  우리아이 입맛을 길들여 보아요!  세상의 모든 레시피 만개의레시피,이유식
닭고기이유식,두뇌발달하는 시기에는 고기로 된 이유식을 시작하는게 좋은 이유??!!!!  빈혈을 예방하고 자라날 때의 아이큐에도 영향을 줄수 있다는 사실??!!  알고 계셨나요?! 다양한 고기로 된 이유식 중 닭고기 미음 3가지를 소개합니다~!  소고기  닭고기 등의 고기 이유식을 시작한 후에  채소를 추가해서 이유식을 시작하는 것이 좋아요!!!  세상의 모든 레시피 만개의레시피 ,이유식
양송이스프오트밀,양송이스프를 끓여서 오트밀을 만들었습니다 어머니와선자에게 주었습니다,이유식
닭고기이유식,초보 엄마들의 고민!  다양한 이유식으로 우리아이 다양한 입맛을 길들이고 싶을때!!!! 닭고기 이유식이 익숙해 질때 쯤 같이 넣어 만들면 좋을  닭고기당근미음  닭고기 브로콜리미음  닭고기무미음 레시피!  세상의 모든 레시피 만개의레시피 ,이유식
당근미음,이유식을 시작했는데 당근이 응가로 나오는 경우가 있었다죠? 민아림선생님의 자세한 설명을 듣고  우리 아이 다양한 이유식을 시작해보아요!  아이 때부터 길들이면 나중에  편식 안 하는 어린이로 자랄수 있어요!  세상의 모든 레시피 만개의레시피,이유식
애호박고구마미음,5~6개월이유식을 시작하면서 변비에 걸려  엄마도 아이도 고생하는 경우가 많죠?!  변비에 좋은 고구마와 비타민이 많은 브로콜리를 이용한  이유식으로 걱정없이 이유식 시작해보세요!  세상의 모든 레시피 만개의레시피 ,이유식
감자오이달걀볼,이유식을 시작하는 아기들을 위한 아기간식 핑거푸드  감자오이달걀볼!!!,이유식
애호박프리터,아이주도이유식중인 9개월 아기가 가장 잘 먹는 애호박프리터 추천해요 : ) 첫째가 있다면 첫째 반찬으로도 제격이에요. ,이유식
감자당근매시스틱,중기 이후 아기간식으로도 넘 좋고! BLW식단에 넣어도 넘 좋은 레시피에요 ^^ ※ 당근은 질산염 함량이 높아서 생후 6개월 이후로 먹는게 좋다고 합니다. ,이유식
과일퓨레,과일로 만든 퓨레는 쌀미음 시작 한 후에  먹어야 채소를 싫어하지 않는 아이로 자랄 수 있어요!  풍부한 비타민이 들어있는 과일미음으로  우리아이 다양한 이유식을 만들어 보세요! ,이유식
타락죽,7~9개월 아이들이 먹기 시작하면 좋은 이유식레시피 추천!  이가 나기 시작하는 시기!!  미음이 아닌 묽은 죽으로 시작하면 좋을 꺼같아요!  세상의 모든 레시피 만개의레시피 ,이유식
고구마당근죽,종류가 다양해서 무엇부터 먹여야 하는 지 고민되셧죠???!!!!  이유식은 시작하는 시기가 다 정해져 있는데요~!  7개월부터 먹일 수 있는 이유식으로  우리아기 다양한 이유식을 시작하세요!  세상의모든레시피 만개의레시피,이유식
토마토야채밥,우리아기 야채먹이기 토마토야채볶음으로~ 간단하게!!,이유식
찹쌀미음,베이비무브쿡마스터를 사용하여 10배죽 찹쌀미음을 만들어봅시다!  10배죽 60ml 3통 나옵니다.,이유식
바나나미음,초기 이유식 바나나미음 만들기입니다. 60ml 3통 기준 레시피입니다.,이유식
,ㅎ그건 아니구요...그냥 소소한 일상예요. 여름이라서 8인용 식탁을 4인용으로 만들었어요. 가끔 요리 말구 탁쎄팅 포스닝하면 즐기는 분들 있어서요. 모두모두 힘 내시라구....,이유식
미니단호박곶감찜,21개월 아들에게 디저트 겸 간식으로 줄 미니단호박 곶감찜을 만들어 보았어요. 설탕이나 시럽  꿀이 들어가지 않아 깔끔하고  곶감의 단맛과 미니단호박의 고소함이 아주 잘 어우러지는 맛있는 간식입니다.,이유식
돼지고기잡채,21개월 된 자녀를 위해 만든 영양만점 반찬 입니다. ,이유식
닭곰탕,우리집 꼬마(21개월)의 밥은 든든하게 차려줘야 되는데 코로나로 인해 장보러 가는게 쉽지 않은 요즘.. 집에 있는 재료로 간단하게 닭곰탕을 만들어 보았습니다.,이유식
푸딩달걀찜,21개월 아들에게 자주 먹는 달걀의 식감이 푸딩처럼 부드러울수도 있다는 것을 느끼게 해주기 위해서 만들어 보았습니다.,이유식
토마토케첩,(두돌 전)아들을 위해 케첩을 직접 만들어 보았어요. 간단한 재료이지만 영양과 맛은 최고랍니다. !,이유식
초당옥수수달걀전,우리집 꼬마는 옥수수를 손에 들고 먹는걸 즐기지 않아.. 어떻게 하면 이 맛있는걸 신나게 먹을까 고민하다가 초당옥수수와 달걀만으로 맛있는 전을 만들어 보았어요.,이유식
황태무콩나물국,21개월 아들의 최애국 중 하나인 '황태무콩나물국' 입니다. 한번 끓이면 3번 먹을 양이 나와요.,이유식
치킨까스마늘카레덮밥,경기미참드림 쌀로 밥을 지으면 맛있어서 자꾸 밥요리를 하게 만드네요  밥이 맛있으면 김치 하나로 먹어도 맛있잖아요  그래서 간단하게 먹는 한그릇요리를  만들게 되는거 같아요  이번엔 둥이들이 좋아하는 닭다리살로 치킨까스를 만들었어요  거기다 카레도 무지 좋아해서 소스를 카레가루를 베이스로 새롭게 만들었죠  치킨까스야 말할것도 없이 맛있다고 할 맛이지만 같이 만든 카레소스가 대박이라네요 암것도 안넣고 깔끔한 소스느낌으로 만들었는데 소스중 탑이라고~  이렇게 소스에 비벼먹는 밥은 탄력이 없으면 금방 퍼지잖아요 근데 경기미참드림으로 밥을 하면 밥이 퍼지지 않고 쫄깃함이 한톨 먹을때까지  맛있음을 유지 시켜 주네요  바삭한 치킨까스와 인도카레맛이 비스무레 느껴지는 치킨까스마늘카레덮밥 찰진 경기미참드림 밥으로  맛있게 해드세요^^  오늘도 건강 유의하세요~♡,이유식
닭고기양송이감자리조또,21개월 아들 맞춤 (저염식 +식재료 본연의 특성)을 살려 맛있는 리조또를 만들어보았습니다. ,이유식
유부견과볶음,견과류는 알러지 반응이 큰 식재료라 어린 아가에게 먹이는게 참 걱정스럽기도 한데요.. 그래도 알러지 반응이 약한 것 부터 조금씩 천천히 먹이는 연습을 하는 것이 좋다고 해요 이번 요리에 사용되는 '잣'은 7개월 부터 섭취가 가능하고  깐해바라기씨는 13개월  대추는 8개월 부터 섭취가 가능합니다.  ,이유식
고구마치즈호떡,아가에게 먹일 조금 더 건강하고 영양가 있는 간식 뭐가 있을까 생각하다가 고구마  아기치즈  달걀노른자! 3가지로 '고구마치즈호떡'을 만들어 보았어요. *달걀은 노른자만 들어갔기 때문에 흰자 알러지가 있는 아가들도 걱정 없이 먹을 수 있어요. ,이유식
아기찜닭,아이들이 먹기 좋은 슴슴하지만 야채육수와 닭고기육수가 쪽 빠져나와 감칠맛이 도는 찜닭이에요  물을 사용하지 않아서 보들보들 야들야들 한 찜닭 쉽게 조리 가능하니 꼭 도전해 보세요?,이유식
볶음밥김밥,안녕하세요  요리하는 베베토끼맘 입니다 오늘은 무엇을 해줄까하다 볶음밥을만들어 먹기편하게 김밥을 만들어줬어용,이유식
목살카레,안녕하세요  요리하는 베베토끼맘 입니다 오늘 아침은 아이들이 좋아하는 카레를 만들었는데요! ? 이번엔 카레돼지고기를 쓰지않고 집 냉동고에 흔히있는 목살로 만들어봤어요,이유식
당근크림리조또,남은 당근과 크림소스가 있어서 저녁으로 간단하게 만들어보았어요 아이들 저녁으로도 좋습니다,이유식
고구마야채리조또,오늘도 즈희아들 특별식-♡ 워낙우유도잘드시고 하지만 야채도잘먹일겸 고구마야채리조또 를 해줬지요,이유식
크래미야채볶음,야채 골고루 먹이기도 해야하고  오늘은 외출하고 와서 밥도 제대로 준비가 안된 상황이라  국이없어서 마침 크래미가 있는 관계로 우리아들 영양섭취골고루 할수 있도록! 크래미야채볶음밥을 만들어 줬당.,이유식
소고기청경채이유식,200일 된 아들을 위해 홈메이드이유식을 만들어 봤습니다 개인 블로그 운영중이에요 많은 방문 부탁드려요 https://m.blog.naver.com/hill3337,이유식
소고기감자이유식,200일된 아들을 위해서 홈메이드 이유식을 만들어봤습니다 개인블로그 운영중입니다 많은 방문 부탁드립니다 https://m.blog.naver.com/hill3337,이유식
소고기소보로,다양하게 응용가능한 아기반찬 소고기소보로~ 주먹밥 볶음밥 아기떡볶이 아이가 잘먹어요~,이유식
소고기양배추미음,이번엔 한번도 안먹어본 양배추를 준비했어요~ 이번에도 네이쳐그린 툭탁야채로 준비!!! 80ml * 3일치양,이유식
소고기당근미음,이제 찬형군은 이유식이 소고기가 무조건 들어가다보니  야채를 하나씩 섞어 시작하려해요!! 오늘은 토끼들이 먹는 당근! 80ml * 3일치양,이유식
브로콜리미음,안녕하세요  베베토끼맘 입니다! 오늘은 평소에 저도 즐겨먹는 브로콜리로 미음을 해볼생각이에요!! 브로콜리만 있음됩니다!! 60ml * 3일치양,이유식
감자미음,시댁다녀오고! 급하게 감자삶아 우리둘찌 이유식 13분만에 완성! 오늘은 감자미음:) 대박~ 감자들어가니 더 잘먹네요^_^ 60ml * 3일치양,이유식
고구마단호박죽,처음요리 중기용 이유식 밀키트 고구마단호박죽 밀키트를 밥솥으로 간단히 조리해보세요. (냄비조리도 가능),이유식
고구마채소진밥,처음요리 완료기용 이유식 밀키트 고구마채소진밥 밀키트를 밥솥으로 간단히 조리해보세요. (냄비조리도 가능),이유식
순두부고구마죽,처음요리 중기용 이유식 밀키트 순두부고구마죽 밀키트를 밥솥으로 간단히 조리해보세요. ,이유식
한우단호박양파죽,처음요리 중기 2단계용 이유식 밀키트 한우단호박양파죽 밀키트를 밥솥으로 간단히 조리해보세요.,이유식
연어채소진밥,처음요리 완료기용 이유식 밀키트 연어채소진밥 밀키트를 밥솥으로 간단히 조리해보세요. ,이유식
고구마당근죽,처음요리 초기 2단계용 이유식 밀키트 고구마당근죽 밀키트를 밥솥으로 간단히 조리해보세요.,이유식
고구마미음,처음요리 초기용 이유식 밀키트 고구마미음 밀키트를 냄비로 간단히 조리해보세요. (밥솥은 넘칠 위험이 있어서 추천드리지 않아요),이유식
이유식,이유식용 한우 어떻게 준비하시나요? 처음요리 이유식용 밀키트는 이유식 단계별로 적합한 사이즈로 모든 재료가 다져져있어요. 동봉된 거름망으로 간편하게 핏물 제거하는 방법을 소개합니다. ,이유식
한우배죽,처음요리 초기 한우배죽 밀키트를 밥솥으로 조리하는 영상입니다. 처음요리 초기 밀키트로 간편하게 조리해보세요.,이유식
한우배죽,처음요리 초기이유식밀키트 한우배죽을 냄비로 조리하는 영상입니다. 처음요리 밀키트는 밥솥으로 조리하면 더 편리하지만  냄비로도 쉽게 조리할 수 있어요.,이유식
닭고기,오늘은 중기~완료기에 해당하는 무른죽~진밥용 닭고기 준비방법 안내입니다. 처음요리 밀키트에는 한우와 닭고기 핏물 및 비린내 제거용 거름망이 동봉되어 있답니다. ,이유식
닭고기,미음용 닭고기 준비방법입니다. 미음용 닭고기는 고운 입자로 준비해야합니다. 처음요리 밀키트로 미음용 닭고기 준비해보았습니다. ,이유식
사과미음,처음요리 초기이유식밀키트 사과미음 간단 조리방법입니다. ,이유식
브로콜리미음,처음요리 초기이유식밀키트 브로콜리미음 간단 조리방법입니다. ,이유식
아기소고기장조림,고기를 잘안먹는 24개월 아기가 엄청 잘먹는 고기반찬 입니다 레시피 대로 하시면 고기 싫어하는 아가들도 잘먹을꺼예요!,이유식
닭고기청경채배죽,처음요리 후기용 이유식 밀키트 닭고기청경채배죽 밀키트를 밥솥으로 간단히 조리하는 방법입니다. ,이유식
닭고기청경채들깨진밥,처음요리 완료기용 이유식 밀키트 닭고기청경채들깨진밥 밀키트를 밥솥으로 간단히 조리하는 방법입니다.,이유식
닭고기비타민진밥,처음요리 완료기용 이유식 밀키트 닭고기비타민진밥 밀키트를 밥솥으로 간단히 조리하는 방법입니다.,이유식
새우죽,아이가 감기걸려서 잠들고 기침하면 역류를 하더라고요. 소화력이 떨어지는 아이를 위해 야채가 골고루 들어간 죽을 한번 끓여봤어요~ ,이유식
병아리콩닭가슴살계란죽,병아리콩을 넣어서 밥을 해먹고 찬밥이 남아서 끓여본 죽이네요 ,이유식
콩나물무침,왕래하는 지인의 귀여운 아기를 위해 몇 가지 만들었습니다. 1큰술=어른숫가락 / 1컵=종이컵(200ml),이유식
전복죽,바다의 산삼이라고 불리는 전복으로 고소하면서도 비린맛없이 죽을 만들수있는 팁을 알려드릴게요 ,이유식
애호박감자수수죽,처음요리 이유식밀키트로 간편하게 후기용 진죽 이유식을 만드는 방법입니다~~ 재료가 밀키트에 모두 동봉되어 있고 모든 재료가 다져진 상태라서 간편하게 조리할 수 있어요~~*^^*,이유식
두부단호박렌틸콩진밥,처음요리 두부단호박렌틸콩진밥 밀키트로 간편하게 완료기 진밥 이유식을 조리할 수 있어요~렌틸콩을 레드와 브라운 2가지 색상을 넣어 다양한 식감도 느끼고 알록달록한 색상도 보면 아이 오감발달에도 도움이 되겠지요?,이유식
닭육수,중기 이유식 부터 유아식 까지 다양한 육수(멸치다시육수  야채육수  소고기육수  버섯육수  사골육수 등)룰 활용하여 아기 반찬을 만드는데요. 그 중 닭육수 끓이는 방법을 공유하고자 합니다.,이유식
단호박치즈분유빵,단호박  치즈  분유  달걀만 있으면 아기도 밀가루 없는 빵을 먹을 수가 있어요.  간식을 챙겨 먹어야 하는 중기 시기 아기들부터 아주 유용한 간식 레시피랍니다^^ ,이유식
아욱감자죽,처음요리 진죽용 아욱감자죽 밀키트로 간편하게 후기용 이유식을 만들 수 있어요. 쌀가루와 이유식 육수가 모두 들어있고  모든 재료는 분량별로 다져져있답니다. 물만 준비하면 이유식 뚝딱!!,이유식
흰죽,아기 이유식때 했던 흰죽이지만 아플때 가끔씩 알아두면 좋은 흰죽만들기 예요,이유식
사과잼,사과와 100%사과로만 착즙한 사과즙으로 우리아이가 처음 먹을 잼을 만들어보았습니다.! ,이유식
흰살생선미역채소죽,중기2단계 흰살생선미역채소죽 밀키트를 밥솥으로 간편하게 조리하는 방법입니다. ,이유식
쌀미음,첫 이유식을 시작하게 되었어요. 분유만 먹다 '쌀'이라는 걸 처음먹어본 저희딸에게 줄 쌀미음이에요 :-),이유식
애호박미음,연두연두 초 여름을 닮은 빛깔이 정말 예쁜 애호박 미음이에요. 아이도 쌀미음보다는 약간의 단맛이 나서 잘 먹어요. ,이유식
청경채미음,여름을 닮은 초록색이 너무 싱그러운 청경채 미음 입니다 :),이유식
양배추미음,양배추에는 위에 좋은 비타민U 뿐만 아니라 우유만큼 흡수율이 좋은 비타민K도 풍부한 식자재에요. 은은한 단맛에 아이들이 좋아할거에요 :),이유식
브로콜리미음,세계적으로도 인정받는 식재료 브로콜리에요.  건강하 재료로 이유식을 만들어 봤어요.  *세척에 꼼꼼히 신경 써 주세요!! *,이유식
소고기미음,아이 인생 첫 고기미음만들기에 도전했어요.  생각보다 잘 먹어주어서 뿌듯했답니다. ,이유식
소고기새송이버섯죽,참드림쌀~재래종 토종벼인 '조정도'에서 유래된 구수한 밥향과 부드러움식감이 좋고 보관성이 좋아서 1년이 지나도 밥맛이 좋은 특징이 있는 쌀이랍니다,이유식
소고기감자미음,고기가 들어가면서 초기이유식2단계로 접어들었어요.  먹을 수 있는 재료도 조금 늘어서 다양하게 맛 보여주려고 하지만  아직은 혹시 몰라 1단계에서 잘 먹고 알러지 없었던 걸로 만들어줬어요 :),이유식
단호박닭고기스프,소화기관이 약해 아침식사가 부담되시는 분들에게 추천합니다 속도 편하고 영양가도 좋은 음식이랍니다. 해드셔보세요~ 아기 이유식에도 매우 좋습니다,이유식
소고기적채미음,초기이유식2단계 : 소고기적채미음 만들기 입니다.  자색고구마라떼 같은 색깔이 정말 예쁩니다. 다양한 재료를 맛 보여 주세요 알레르기 테스트도 할겸 '맛'에 눈을 뜰거에요 :),이유식
소고기케일미음,시어머님이 길러주시 싱싱한 케일을 가지고 미음을 만들었어요:) 맛도 건강도 좋은 소고기케일미음 입니다. ,이유식
소고기당근미음,초기이유식2단계 : 소고기당근미음 만들기  컬러부터가 병아리같은 아기와 닮은 미음이에요. 너무 맛있게 먹어주었답니다 :) ,이유식
닭미음,특식처럼 미리 만들어 줘 본 닭미음 이에요.  일주일 정도 더 있다가 시작해야 했지만  진행하던 미음을 잘 먹어해서 만들어 줬는데  역시나 잘 먹더라구요  감칠맛이 나서 아이들이 좋아해요. ,이유식
소고기고구마미음,엄마 아빠가 애정하는 식재료 고구마. 과연 우리 딸도 잘 먹어줄까 했는데   첫 날은 병원갔다와서인지 40ml   나머지 두 끼는 60ml 뚝딱했어요. ,이유식
소고기오이미음,초기이유식1단계 할 때 해주려고 했는데 못해주고 이번에 소고기와 섞어줬어요. 처음으로 거부했답니다.  첫째날 둘째날은 30ml   마지막날은 50ml 먹었어요.,이유식
소고기애호박미음,초기이유식도 끝을 향해 달려가고 있어요.  중기이유식도 준비 잘 해볼게요 ! ,이유식
소고기양배추미음,중기이유식 연습도 할 겸 체에 거린 뒤 남은 건더기를 토핑처럼 올려줬어요. 생각보다 잘 먹어줘서 고마웠답니다 :),이유식
소고기양배추미음,초기이유식2단계도 끝이 났어요 :) 잘 따라와주고 있는 딸이 얼마나 기특한지 모르겠어요ㅎㅎ 달큰한 맛이 좋은 양배추가 들어가서 마지막까지 뚝딱 완밥했답니다:),이유식
밤죽,가을이 제철인 밤을 삶아서 든든한 한끼 밤죽을 만들어 봅니다.이유식 환자식 기력보강에 좋겠죠.,이유식
단호박스프,신랑이 지인께 받아온 단호박 한덩이로 우유를 넣어 부드럽게 스프를 만들어봤어요 목감기로 아픈아이들에게 영양만점에 부드럽게 먹일수있어 좋네요,이유식
소고기토마토볶음,둘째가 돌을 맞이해서 유아식으로 넘어가려고 합니다. 토마토를 넣어 소금없이도 맛있는 소고기 볶음을 먹을 수 있습니다. ,이유식
잔치국수,아기를 위해 잔치국수를 만들어보았어요.,이유식
묵사발,혹시 메밀묵을 쒀보셨나요? 저는 어릴적 메밀묵 쑤는 것을 많이 보았습니다. 양가할머니 모두 메밀묵을 잘 쑤셨어요 특히 외할머니는 명절마다 메밀묵을 만드셔서 저에게는 명절음식 같이 느껴져요~~ 할머니가 직접 쑤신 메밀묵으로 만든 묵사발은 평범하지만 세상 누구도 흉내낼 수 없는 맛이예요  ? 이모가 직접 쑤신 귀한 메밀묵을 주셨어요 직접 쑤신 메밀묵은 입자 커서 겉이 거칠지만 메밀맛이 진하고 더 맛있어요 귀한 수제메밀묵을 아기에게도 먹이고 싶었어요 ? 아기가 먹기 좋은 메밀요리를 고민하다가 우리 할머니가 나에게 해 준것 처럼 나도 아이에게 해 줘야겠다는 생각이 들어서 아기메밀묵요리 묵사발만들기를 했답니다. ?,이유식
순두부찌개,안녕하세요! ? 오늘도 어제랑 다른 반찬 뭐 먹일지 고민하다가 EBS요리프로그램에서 순두부 요리를 하길래 돌아기순두부 요리로 맑은순두부찌개를 끓여보았습니다.,이유식
게살덮밥,한창 밥태기였던 13개월 딸에게 해준 게살스프덮밥이에요.  비린내나서 잘 안먹을까 걱정했는데 진짜 잘 먹은 메뉴!! ,이유식
찜닭,열감기로 고생한 이후 이추의 식욕이 많이 떨어져서 닭다리를 한번 주문해보았어요! 이걸로 뭘 해줄까 고민하다 아기찜닭은 만들어주었는데 너무 잘먹어서 레시피 공유합니다 ^^,이유식
두부볼,어른이 먹어도 맛있는 두부볼이예요.,이유식
배추뭇국,바쁜 맞벌이 부부들이 집에서 다시육수를 할 시간적 체력적 여유가 없을 때 육수를 우릴 필요없이  무를 들기름에 볶을 필요없이 간단하게 할 수 있는 찌개입니다.,이유식
시금치돼지고기김밥,특식으로 아이에게 한번씩 해주면 정말 좋아해요!,이유식
고구마쿠키,아직 설탕이랑 소금 먹이면 안되는 입 심심한 아기들을 위해서 만들어봤어요 생략해도 되는 재료는 양념쪽으로 적어두었어요,이유식
쿠키,밭에서 나는 소고기  서리태로 간식 만들어 보아요. 서리태는 단백질이 매우 풍부하고 식물성 지방질도 많아서 건강에 좋지만 많이 드실경우 사포닌 성분이 있어서 갑상선 호르몬 저하 문제가 생길 수 있어서 다시마나 미역이랑 짝꿍으로 드세요. 소금/설탕이 안들어갔는데도 손이 계속 가요 ,이유식
바나나커스터드크림,슈크림이라고 많이 부르시는 커스타드 크림입니다.  아기와 같이 먹을 수 있게 설탕 없이 만드는 방법이에요 ^^,이유식
제누와즈,아기 생일을 맞아 케이크 시트로 쓸 제누와즈를 만들어 봤어요 옆면이 찌그러졌지만 직접 만들어 주고 싶었어요,이유식
블루베리쿠키,?아기간식인데 어른이 먹어도 맛있는 레시피에요  저는 많이 구울거라 용량을 많이 했는데  비율 그대로 용량 줄여서 하셔도 돼요. 아기랑 꼭 같이 해보세요. 촉감이 굉장히 재미있어요 ^^,이유식
소고기애호박전,오늘은 소고기로 어떤 식단을 해줄지 고민 많이 되시죠~? 제가 오늘 아들에게 해주고 성공한 소고기 애호박전을 소개합니다~!,이유식
소고기카레볶음밥,안녕하세요 양갱입니다. 오늘은 실패 없는 소고기 카레 볶음밥에 대해 알려드릴게요 ^^,이유식
계란장조림,간단하고 실패없는 반찬 중 하나인 계란장조림 알려드려요~^^,이유식
돈가스,안녕하세요 양갱입니다. 오늘은 아기 첫 돈까스로 제격인 부드러운 돈까스 만드는법 소개해드려요~!,이유식
토마토케찹,안녕하세요 양갱입니다~! 몇일전에 수제돈까스만들면서 함께 먹을 케찹도 만들어보았는데요. 돈까스를 훨씬 더 잘 먹어주더라구요 ㅎㅎ 간단하게 만들 수 있는 수제토마토케찹 알려드릴께요.,이유식
카스테라,당뇨인인 저랑 아기랑 같이 먹을 수 있는 레시피에요 ^^ 다이어트 하시는 분들도 좋을 것 같아요,이유식
쌀미음,초기이유식 시작  불린쌀로 만드는 쌀미음 10배죽 50g씩 소분해서 5회분량 정도 나와요 :),이유식
찹쌀미음,만5개월 초기이유식 1 불린찹쌀로 만드는 찹쌀미음 10배죽 60g씩 소분해서 5회분량 정도 나와요.,이유식
오트밀쌀미음,만5개월 초기이유식 1단계 불린쌀  퀵롤드오트밀로 오트밀쌀미음(10배죽) 만드는법 50g씩 소분해서 4회분량정도 나와요.  삐뽀삐뽀119 이유식을 보면 초기 메인디쉬로 100% 퀵롤드오트밀죽을 먹일수 있더라구요. 그래서 세번째 메뉴는 퀵롤드오트밀과 불린쌀을 1:1 비율로 섞어서 오트밀쌀미음(10배죽)을 만들어 봤어요.,이유식
솔모르네,저녁에 간단히 먹을 가자미요리 해봤어요 ^^ 아기는 소금빼고 아기치즈로만 하면 돼요,이유식
소고기들깨미역국,저희집 아이들이 좋아하는 세손가락 안에 들어가는 소고기미역국에 영양을 더해 들깨가루를 넣었어요 고소하면서 맛있다고 너무 잘먹네요,이유식
돼지고기수육,14개월이 다가오는 아기를 위해서 준비해봤어요 ^^,이유식
청경채미음,청경채큐브 - 8g큐브 17개 9배쌀죽 - 50g큐브 2개  60g큐브 4개 분량 이에요 :),이유식
소고기덮밥,오늘 이추군의 저녁 식단 메뉴였던 소고기청경채덮밥과 애호박새우전! 성공적이여서 여러분들께도 소개해드려요~!,이유식
늙은호박큐브,초기 토핑이유식. 첫번째 노란채소로 늙은호박을 선택했어요 :) 달달하고 맛있어서 그런지 아기가 너무 잘먹더라구요!! 토핑은 얼려서 큐브로 만들어 사용하면 보관도 사용하기도 편해요.,이유식
오트밀,D+156 초기 토핑이유식 오늘은 100%오트밀죽을 만들어 토핑으로 올리고 이유식 큐브를 활용해서 늙은호박죽을 만들어 봤어요 :),이유식
미음,새로운 재료로 비타민이 추가되는날! 이번엔 믹서에 갈지않고 직접 칼로 다져서 질감을 조금 높여 봤어요 :) ,이유식
애호박볶음,18개월 아기 반찬  밥새우 애호박볶음 레시피 입니다.,이유식
감자계란국,안녕하세요 양갱입니다. 오늘은 저희 이추군이 좋아하는 감자계란국을 소개해드리려고 합니다.,이유식
무나물볶음,19개월 아기 반찬인 무난물볶음 레시피 입니다. ,이유식
소고기무국,19개월 아기가 먹을 국인 소고기무국 레시피 입니다. ,이유식
가지전,19개월 아기 반찬  가지전 레시피 입니다. ,이유식
두부김무침,아기 반찬  두부김무침 레시피 입니다. ,이유식
매생이계란국,아기 반찬  매생이계란국 레시피 입니다.,이유식
분유빵,토핑큐브를 활용하여 만든 초간단 아기간식!,이유식
들깨미역국,아기 반찬  들깨미역국 레시피 입니다. ,이유식
치킨너겟,안녕하세요 양갱입니다. 아기가 아픈 뒤에 입맛이 없었는데 치킨너겟을 해주었더니  아주 밥도둑이였어요~!  밥도둑 치킨너겟 소개해드려요.,이유식
소고기가지볶음,아기 반찬  소고기 가지볶음 레시피 입니다. ,이유식
소고기볶음,아기 반찬  소고기무파볶음 레시피 입니다. ,이유식
매생이계란말이,아기 반찬  매생이계란말이 레시피 입니다.,이유식
팽이버섯애호박볶음,아기 반찬  팽이버섯 애호박볶음 레시피 입니다. ,이유식
애호박느타리버섯볶음,오늘 소개해드릴 애호박느타리버섯볶음인데요! 애호박느타리버섯볶음 너무나도 잘 먹어서 바로 포스팅 해야겠다 싶어서 신나게 시작해봅니다.,이유식
감자국,아기 반찬/아기 국  맑은 감자국 레시피! 입니다.,이유식
소불고기,아기 반찬  소불고기 레시피 입니다.,이유식
감자계란국,아기 반찬  감자계란국 레시피 입니다.,이유식
소고기계란죽,코로나증세로 목이 아프다고 계란죽이 먹고싶다는 딸랑구요청에 소고기넣고 계란죽을 만들어봤어요 ,이유식
소고기애호박볶음,아기 반찬  소고기애호박볶음 레시피 입니다. ,이유식
소고기당근볶음,아기 반찬  소고기당근볶음 레시피 입니다.,이유식
소고기표고버섯조림,아기 반찬  떠먹는 소고기표고버섯조림 레시피 입니다. ,이유식
돼지고기가지볶음,아기 반찬  돼지고기 가지볶음 레시피 입니다.,이유식
부추계란국,아기 반찬  부추 계란국 레시피 입니다.,이유식
부추계란말이,아기 반찬  부추계란말이 레시피 입니다.,이유식
부추돼지고기볶음,아기 반찬  부추돼지고기볶음 레시피 입니다.,이유식
김계란국,아기 반찬  김계란국 레시피 입니다.,이유식
새송이버섯볶음,아기 반찬  새송이버섯당근볶음 레시피 입니다.,이유식
크래미야채볶음,아기 반찬  크래미 채소볶음 레시피 입니다. ,이유식
양배추돼지고기볶음,아기 반찬  양배추돼지고기볶음 레시피 입니다. ,이유식
두부스테이크,17개월 된 딸에게 아빠가 처음으로 요리다운 요리를 해서 만들어본 두부스테이크입니다. 이가 많이 나지 않은 아기들이 먹기에 좋은 반찬입니다.,이유식
쌀미음,아기 첫 이유식 쌀미음을 만들어 보았어요 이유식을 5개월쯤 시작하려 했는데요~ 10일 정도 앞당겨서 이유식을 시작해보았어요:),이유식
소불고기볶음밥,아기반찬하다가 입도 안댄 남은 불고기 활용법!! 엄청 간단하면서 쉽게 만들 수 있는 요리 한번 만들어놓으면 몇끼정도 얼려놓고 사용할 수 있는 장점은 덤,이유식
시금치프리타타,집에 있는 재료로 간단하게 만들 수 있는 시금치 프리타타  만들어보세요 :),이유식
채소된장국,아기 국  채소된장국 레시피 입니다.,이유식
애호박김볶음,아기 반찬  애호박김볶음 레시피 입니다.,이유식
애호박계란볶음,아기 반찬  애호박계란볶음 레시피 입니다.,이유식
돼지고기볶음,한번 만들어두면 매 끼니마다 밥과 섞기만 하면 금새 한그릇 요리가 완성되어요. 매 끼니 아기 밥차리기 귀찮을때 아주 유용해요. 아기 반찬으로도 좋아요. 특히나 흰밥과 섞으면 비트로인해 예쁜 분홍색으로 변해서 여자아이들이 좋아해요. ^^ 또한 외출시에도 이거 하나 들고 나가서 밥이랑만 섞어주면 편하답니다.,이유식
양파계란국,아기 국  양파계란국 레시피 입니다.,이유식
애호박볶음,아기 반찬  애호박 크래미볶음 레시피 입니다.,이유식
콩나물국,아기 국  콩나물국 레시피 입니다.,이유식
소고기가지볶음,부드러운 가지는 단단한 식감을 싫어하는 아기에게 매우 좋은 식재료예요.  가지 요리를 고민하던 중 소고기와 함께 볶아 보았어요. ,이유식
부추찐빵,제철인 부추와 밤호박을 활용해 아기찐빵 만들어 봤어요. 부추와 궁합이 좋은 참깨도 함께 넣어 만든 영양만점 레시피에요 :),이유식
연두부가지덮밥,연두부로 달걀찜이나 국을 주로 끓여 주는데 이번엔 덮밥을 만들어 봤어요. 맛은 고소하고 식감은 부드러워서 유아식 메뉴로 딱이랍니다^^,이유식
돼지고기깻잎전,깻잎을 송송 다져 넣어 돼지고기두부깻잎전을 만들었어요. 깻잎 향도 좋고 두부를 넣어 부드럽게 씹히는 맛있는 밥반찬이랍니다.,이유식
단호박치즈호떡,단 3가지 재료로 만드는 초간단 아기 간식이에요. 만드는 과정도 매우 쉬워서 엄마표 수제 간식으로 강력 추천하는 메뉴랍니다.,이유식
순두부찌개,순두부 한 팩을 사다가 순두부찌개를 끓였어요. 얼큰한 어른용 순두부찌개와 만드는 법은 비슷해요. 고추기름만 내지 않을 뿐이죠. 고소하고 담백해서 아기 찌개로 딱이랍니다.,이유식
스크램블에그,아침에 요리하기 너무 귀찮을 때 10분 만에 휘리릭 만들기 좋은 메뉴예요. 간단하지만 보들보들 폭신폭신 부드러운 스크램블에그가 참 맛있답니다!,이유식
단호박케이크,아기를 위한 자극적이지 않고 건강한 빵을 만들어 주고 싶었어요~,이유식
소고기우유카레,아기 카레가루 대신 시판용 카레가루를 사용하여 아기 카레를 만들었어요. 대신 카레가루 양을 적게 넣고 우유를 넣어 부드럽게 만들었답니다 :D,이유식
분유빵,우리아기 건강하게 키우고 싶어서 조미료가 없는 이유식으로 식단을 짜다가 간식도 어느새 직접 만들게 되었어요!,이유식
게살스프덮밥,게맛살과 팽이버섯으로 스프를 끓였어요. 전분을 넣지 않고 육수를 적게 넣어 걸쭉하게 만들었답니다. ,이유식
닭백숙,밥 잘 안먹는 아가가 한끼라도 맛있게 먹고 몸보신도 할수 있도록 준비해 보았어요. 계속 요리하는게 아니라 불이 알아서 해주니까 아가와 놀아주면서 한번씩 엿보면 된답니다. 정성가득 보양식! 잘 먹어 주겠죠?,이유식
달걀만두,만두를 빚을 필요 없이 아주 만두 속을 달걀과 섞어 부치기만 하면 되는 아주 간단한 만두예요. 당면과 채소만 넣었을 뿐인데 정말 맛있는 아기반찬이 완성된답니다^^,이유식
소불고기덮밥,건강한 재료로 만든 소불고기 덮밥입니다.,이유식
잡채밥,우리아기 이유식 특식입니다  잡채의 채소로 영양도 채우고 당면의 식감도 느껴봐요~,이유식
깻잎두부무침,두부로 새로운 반찬을 고민하다 살짝 으깨서 데친 깻잎과 버무려 봤어요. 담백하고 고소한 아기반찬이랍니다.,이유식
소고기감자볶음,전자레인지에 감자를 먼저 설익힌 후에 팬에 볶는 방법으로 만들었어요. 감자가 폭신폭신 푹 익어 부드럽게 씹혀요. 감자가 소고기와 잘 어울려 맛있는 반찬이랍니다. ,이유식
대구탕,시원한 대구탕 한 그릇으로 목감기 날려버리자!,이유식
소고기양배추덮밥,양배추를 사 오면 다 쓰지 못하고 버리기 일쑤라 이번에는 버려지는 양배추가 없도록 다양한 양배추 요리를 만들어 보았어요. 먼저 양배추 요리 1탄  소고기양배추덮밥입니다. ,이유식
새우양배추전,양배추를 사 오면 다 쓰지 못하고 버리기 일쑤라 이번에는 버려지는 양배추가 없도록 다양한 양배추 요리를 만들어 보았어요. 소고기양배추덮밥레 이어 양배추 요리 2탄  새우양배추전입니다. ,이유식
동태전,돌지난아기 유아식 하고있어요 동태로 간단히 동태전만들었습니다 생선과 계란 같이 섭취할수있는 영양만점 레시피에요.,이유식
단호박에그슬럿,보통 단호박을 통으로 에그슬럿을 만드는데 전 아기가 먹기 편하게 단호박을 으깨서 단호박에그슬럿을 만들었어요. 재료와 과정이 간단하지만 맛은 아주 좋은 단호박요리랍니다.,이유식
해쉬브라운,감자로 겉은 바삭 속은 촉촉  쫀득한 해쉬브라운을 만들었어요. 감자와 전분만 있으면 만들 수 있는 아주 간단한 레시피랍니다 :D,이유식
우유달걀카레,양파  달걀  우유만으로 만드는 초간단 카레 레시피예요. 재료와 조리 과정이 간단하지만 부드럽고 달달하고 고소한 맛있는 카레랍니다. ,이유식
밥머핀,완료기이유식을 하고있는 돌아기에요. 얼마전부터 밥을 좀 지겨워하는것같아서 밥머핀을 만들어줬어요. 고소하고 바삭해서 맛있는지 잘 먹어주네요 ^-^,이유식
돼지고기부추전,부추를 듬뿍 넣어 향긋한 부추향이 나는 맛있는 전이에요. 돼지고기까지 넣어 고소한 맛도 더한 아기 밥도둑이에요^^,이유식
청경채김무침,전에는 잘 먹던 청경채나물을 안 먹길래 아기가 좋아하는 김을 넣어 함께 버무려 봤어요. 참기름까지 더했더니 고소한 지 싹싹 비웠답니다^^ ,이유식
시금치프리타타,시금치를 샀는데 너무 많이 남았어요. 좀 색다른거 해보고 싶은데??? 아가가 아이 정말 맛있어~라고 해줬던 시금치프리타타예요. 시금치프리타타는 이탈리아식 오믈렛이라고 하네요 호호.,이유식
닭갈비,부드러운 닭다리살과 달달한 고구마를 넣어서 아기 반찬으로는 딱이에요. 닭갈비에 어울리는 양배추  깻잎까지 넣어서 더 맛있어요.,이유식
새우청경채덮밥,아기가 요즘 거부하는 청경채로 메뉴를 고민하다 새우와 함께 덮밥소스를 만들었어요. 밥에 비벼주니 거부감없이 맛있게 먹었답니다:),이유식
고구마퓨레,아기 간식으로도 좋고  든든한 한끼로도 좋은 고구마치즈퓌레 레시피입니다^^ 초기  중기  후기  완료기  그리고 어른입맛에도 정말 부드럽고 맛있어요! 요리법도 간단하니 우리 아기한테 꼭 한번 만들어봐주세요~,이유식
계란지단국수,계란을 활용해 계란지단국수를 만들어보세요^^ 만들기도 간단하고  부드럽고 고소한 식감과 맛에 아기도 정말 좋아해요! [함께 구성한 아이주도이유식 식단] 자몽  아기치즈,이유식
계란말이,계란을 활용한 다양한 핑거푸드 중 아기 계란말이 레시피 입니다:) 계란 빼곤 아무거나 다 OK! 우리 집 냉장고 사정에 맞춰 준비하세용^^ [함께 구성한 아이주도이유식 식단] 토마토과육  단호박볼  소고기 내맘대로 동그랑땡(아보카도  양송이버섯  토마토  아기치즈가 들어갔어요!),이유식
꽃게찜,살이 꽉 찬 가을 제철 수꽃게! 우리 아기에게 꽃게찜 어떠세요~? 꽃게 손질하는 방법을 자세하게 알려드립니다:) [함께 구성한 아이주도이유식 식단] 찐 주황 파프리카  찐 무  소고기부추전 (소고기  부추  새송이버섯  밀가루가 들어갔어요!),이유식
매쉬드포테이토,만들기도 간단하고  아기 먹이기에도 부담없는 감자요리 매쉬드포테이토! 맛은 당연히 맛있죠! 이유식 시기별로 만드는 방법과  동그랗고 예쁘게 플레이팅하는 꿀팁도 알려드려요^^ [아이주도이유식 식단] 토마토과육  두부  매시드포테이토,이유식
오톨라나,우리 아기 가지요리로 아태리식 신선한 채소볶음 오톨라나 Ortolana 만들어볼까요? 어른버전과 아기버전을 소개합니다:) [아이주도이유식 식단] 소고기볼(미나리와 표고버섯이 들어갔어요)  고구마치즈퓨레  오톨라나(가지 애호박 토마토 파프리카가 들어갔어요),이유식
닭고기감자그라탕,영양 가득! 맛도 가득! 닭고기의 단백질  감자의 탄수화물  여러가지 야채와 우유  치즈까지! 한끼로 구성하기 든든하고 훌륭한 메뉴랍니다^^! 모든 재료가 잘 익어 어우러져 아기가 먹기에도 부드러워요! [함께 구성한 아이주도이유식 식단] 닭고기감자그라탱  내맘대로 소고기볼(미나리 표고버섯)  찐 빨강 파프리카  찐 브로콜리 줄기,이유식
토마토달걀볶음,토마토와 달걀만 있으면 휘리릭 만들 수 있는 초 간단 메뉴죠^^ 간단하지만  영양도 챙기고  맛도 있고  아기가 먹기에 부드럽고! 이런 메뉴는 언제나 환영 아닐까요:)? 특히 바쁜 아침 메뉴로 딱인 것 같아요! [같이 구성한 아이주도이유식 식단] 단호박  닭안심  토마토달걀볶음,이유식
브로콜리치즈,브로콜리 위에 치즈 토핑 : 제 맘대로 '브치토'라고 이름 붙여봤어요:) 레시피라고 할 것도 없이 너무 간단한데  뭔가 근사한 요리를 한 듯 그럴싸하고  치즈 이즈 뭔들 아기가 엄청 잘 먹는 메뉴랍니다^^ [함께 구성한 아이주도이유식 식단] 브치토  소고기두부볼(소고기  두부  표고버섯)  찐 당근  찐 감자,이유식
토마토소스,우리 같이 맛있게 만든 아기 토마토소스로 토마토파스타 만들어볼까요?^^ 아기 토마토소스의 새콤함을 잡아주고 깊은 맛이 나게하는 간단한 팁을 알려드려요! [함께 구성한 아이주도이유식 식단] 토마토파스타  삼치찜  브로콜리치즈토핑  찐 양배추,이유식
시금치토마토프리타타,프리타타는 달걀에 여러가지 재료를 넣어서 만드는 이탈리아식 오믈렛이에요. 주 재료는 달걀이고  나머지 재료는 마음껏 취향껏 선택하시면 됩니다^^ 저는 시금치와 토마토를 넣고 만든 레시피를 준비해봤어요! [함께 구성한 아이주도이유식 식단] 프리타타  찐 해송이버섯  찐 아스파라거스  매쉬드포테이토  연어찜,이유식
감자치즈퓨레,감자치즈퓨레를 제 맘대로 줄여서 감치퓨라고 부르고 있어요ㅋㅋ! 지난번 고치퓨(고구마치즈퓨레)레시피에 이어 오늘은 감자수프 뺨치게 맛있지만 만드는 방법은 간단한 감치퓨레시피를 소개할게요:)! 식사로도  간식으로도 아주 좋답니다! 초기이유식부터 가능해요^^ [함께 구성한 아이주도이유식 식단] 두부  바나나  샤인머스캣  감자치즈퓌레,이유식
애호박치즈전,아기 애호박전에 치즈 하나만 올려도 완전 어나더레벨로 맛있는 요리가 된답니다^^ 아기 애호박전을 잘 만들 수 있는 소소한 팁들을 소개할게요. [함께 구성한 아이주도이유식 식단] 애호박치즈전  닭고기 동그랑땡(닭안심  두부  감자  시금치  당근  양파  해송이버섯)  찐 배추  찐 당근,이유식
샌드위치,지난번 올렸던 아기 매쉬드포테이토를 이용한 아기 샌드위치 레시피입니다^^ 매쉬드포테이토에 알록달록 색을 더해줄 야채를 추가해보세요! 손쉽게 더 즐거운 식단이 된답니다. [함께 구성한 아이주도이유식 식단] 아기 삼색 샌드위치  자몽  단호박치즈퓨레와 아몬드  캐슈넛  크랜베리,이유식
시금치나물,시금치 요리 중 가장 베이직한 시금치나물! 우리 아기가 먹을수있게 다진마늘과 간은 하지 않았어요^^ 간하지 않아도 맛있는 아기 시금치나물 레시피를 소개할게요:) [함께 구성한 아이주도이유식 식단] 시금치나물  찐 해송이버섯  계란말이  소고기두부볼,이유식
감자조림,이유식을 넘어 유아식 세계로 가니 정말 더더욱 고민이 많이 되는데요ㅋㅋ 제가 아직은 무염반찬을 해주고 있다 보니 메뉴를 정할 때나 감칠맛을 내기 위해서 고민이 많아지는 건 어쩔 수 없는 거 같아요ㅎㅎ? 오늘은 간단하게 유아식 무염반찬을 만들 수 있는 메뉴인 유아식 감자조림을 가져와봤어요!! 조림인데 어떻게 무염인가 싶을 수도 있는데요! 바로 이유는 우유와 치즈를 이용해 유아식 감자조림을 했기 때문에 고소하면서도 치즈의 맛이 느껴져 저희 집 딱콩이 최애 반찬 중 하나면서도 만들기 정말 간단한 무염반찬이라 오늘 저처럼 아이 반찬 고민하시는 분들을 위해 레시피를 가지고 와봤답니다! ?,이유식
소고기장조림,3일에 한번씩 저에게는 숙제가 있는데요 ㅋㅋ 바로 그것은 아기 유아식 반찬 만들기!! 요즘은 여름이기도 하고 아직은 소량을 먹기 때문에 저는 3일에 한번씩 유아식 반찬을 만들고 있는데요 3일에 한번씩 유아식 반찬을 만들다보니 메뉴가 항상 고민이더라고요 ㅠ 뭔가 항상 소고기나 단백질은 챙겨주고 싶고 맛있는 메뉴는 해주고 싶은데 중복이 덜 되면 좋겠다 싶어서 고민하던 중! 무염으로 장조림 만들기를 도전해 보았답니다 :),이유식
소고기무국,저는 딱콩이가 아직 어린이집을 다니지 않아서 함께 붙어있는 시간이 많은데 그러다보니 아침  점심  저녁 챙겨주고 중간중간 간식을 챙겨줘야 하는데 이제 죽이 아닌 밥  국  반찬 이렇게 먹다보니 준비하는 시간이 생각보다 많이 부족해지더라고요.? 그래서 오늘은 아주 간단하면서 후다닥 만들 수 있는 돌아기 반찬 두부소고기뭇국을 끓여보려고요 해요! ,이유식
콩나물버섯볶음,우리 아기 최애 메뉴! 만들면 무조건 솔드아웃을 보장하는 콩나물버섯볶음을 소개할게요:) [함께 구성한 아이주도이유식 식단] 콩나물버섯볶음  찐 배추  방울토마토  소고기감자볼(소고기  감자  아기치즈),이유식
소고기버섯말이,아기는 생후 6개월이 지나면 엄마로부터 받은 철분이 모두 소진됩니다. 이 때부터 철분이 풍부한 소고기 섭취를 무척 신경쓰게 되죠. 돌 아기와 엄마아빠가 함께 즐길 수 있는 쉽고 맛있는 레시피를 소개합니다. 한 번에 두 가지 요리를 후딱. 만들어낼 수 있어요. ,이유식
새우탕,새우와 궁합이 좋은 애호박과 표고버섯을 듬뿍 넣어 끓인 맑은 탕이에요. 새우와 궁합이 좋은데다 철분이 풍부한 소고기를 몇 점 곁들여 영양만점 아기밥상을 차려보면 어떨까요.,이유식
맑은대구탕,감기에 걸려 입맛 없는 아이를 위해 만들어 봤는데 시원한 국물맛이 좋아 추운 계절 입맛 돋우는 뜨끈한 보양식 메뉴로 좋은 맑은대구탕입니다.,이유식
이유식,삶고  볶고  찌고  바쁘디 바쁜 현대사회에서 너무나 번거롭고 복잡한 요리들!  인스턴트팟 듀오 시그니처 하나면 가스불도  인덕션도 없이 요리할 수 있어요.  온가족이 먹을 수 있는 요리는 물론 우리 아이를 위한 건강 이유식까지.  스테인리스 스틸 내솥으로 더욱 깔끔하고 스팀 소리도 조용하니 아이가 깰 걱정도 없죠.  인스턴트팟 듀오 시그니처에 대한 정보가 궁금하다면? 아래 링크를 확인해 보세요. https://instagram.com/instantbrandskr,이유식
오징어볼,10개월 아기 이유식으로 오징어를 먹여보고싶은데 그냥 삶아 자르면 너무 질길 거 같아서 갈아서 오징어볼을 만들어봤어요 :),이유식
쌀미음,아이 첫 이유식 시작할때 처음으로 먹이는 이유식 쌀미음이에요. 5개월 부터 이유식을 시작한 저희 아이는 쌀미음을 3일간 먹었어요. 만들기 간단하고 한번 만들면 3일치 양이 나온답니다.,이유식
찹쌀미음,초기이유식 쌀미음 다음으로 주기 좋은 찹쌀미음 만들기 레시피입니다. 집에 있는 찹쌀을 불려 만든 레시피로 쌀가루가 필요하지 않아요. 초기이유식 찹쌀미음은 체력 회복 및 식이섬유가 풍부해 변비를 예방하며 비타민D가 풍부해 뼈를 튼튼하게 해준답니다.,이유식
애호박미음,초기이유식 애호박미음은 미네랄  섬유소  비타민이 풍부하여 변비 예방에 좋고 애호박의 특유 단맛을 아기들이 느낄 수 있어요. 그리고 알레르기 일어날 확률이 적은 식재료로 초기 이유식에 빠질 수 없는 채소랍니다.,이유식
고구마분유빵,아기 분유로 분유빵을 만들어봤어요. 전자레인지만 있으면 누구나 쉽고  간단하게 만들 수 있는 아기 간식이랍니다.   남은 분유가 있다면 활용하기 좋고   분유 거부하는 아기간식으로도 좋아요.  ,이유식
이유식,이유식을 잘 먹으면 편식 하지 않는다는 얘기를 듣고 저는 모유수유에서 이제 이유식까지 목숨을 걸기 시작했답니다. ㅎㅎㅎ ,이유식
고구마치즈핑거푸드,자기주도 이유식 핑거푸드,이유식
게살볶음밥그라탕,아기들이 좋아하는 재료만 사용해서 만드는~ 인기 만점 그라탕~,이유식
고구마그라탕,안녕하세요~철분쏙쏙 소고기와 오트밀과 맛있는 고구마로 유아식 아기 그라탕을 만들어 봤어요 ㅎㅎ ,이유식
소보루비빔밥,영양만점 단백질이 풍부한 아기 비빔밥!,이유식
닭다리살구이,닭다리살을 배도라지즙에 재워서 설탕 사용 하지않고 건강하게 단맛을 냈어요^^ ,이유식
소고기짜장밥,짜장 분말을 사용해서 쉽게 만든 어린이 소고기 짜장을 소개합니다,이유식
갈치조림,빨간색만 보면 눈이 돌아가는 아들~ 그래서 안매운양념장으로 만든 갈치조림 ㅎ 달짝지근~~ 밥 까지 비벼먹으며 맛있다고 하더라고요 꼭!! 닭볶음탕 맛이 난다랄까??? 꼭!!! 한 번 만들어 주세요^^,이유식
소고기잔치국수,아기들이 면요리를 좋아하죠! 채수와 쌀국수로 건강하게 만들어 봤어요!,이유식
시금치감자스프,요새 감자가 많이 나오 더 라구요 감자 이용해서 철분 쏙쏙 시금치 넣고 스프 만들어 봤어요~!,이유식
치즈함박스테이크,맛있고 건강하게 요리해주기 위해 노력하고 있어요^^ 사과 넣어 함박스테이크 만들어 봤어요^^,이유식
소고기가지덮밥,전분물 넣은 덮밥 몇번 해주니 잘 먹지 않아서 전분물 빼고 만들어 봤어요 ^^,이유식
애호박새우볶음,제철 채소 애호박과 새우를 사용해서 만드는 애호박새우볶음을 소개합니다.,이유식
새우시금치크림리조또,철분가득 시금치를 넣고 새우로 달달함을 더해 만든 크림리조또! 무염으로 건강한 아기 크림리조또에요^^,이유식
아기오야꼬동,닭다리 살로 또 멀 해줄수 있을까 하다가 오야꼬동을 만들어 봤어요 ,이유식
오이무침,이유식 거부로 인해 이른 11개월에 유아식을 시작했어요. 시중에 판매하는 오이를 이용하여 아이가 작은 손으로도 집어먹기 편하고 시원하고 고소한 맛을 알려주고 싶어 탄생한 요리입니다. 여름 반찬으로 정말 좋고 아이도 오독오독 너무 잘 먹는 반찬이에요,이유식
삼계탕,초복을 맞이하여 12개월 아기에게도 삼계탕을 만들어 주었어요. 전기 밥솥을 이용하여 쉽고 빠르게 아기가 먹을만큼 살코기도 부드럽게 요리할 수 있는 레시피입니다.,이유식
아기잡채,건강하게 단맛을 내려고 사과 넣어 아기 잡채 만들어 봤어요^^,이유식
바지락국조개탕,아이들에게 철분은 아주 중요한 성분이에요. 바지락에도 철분이 풍부하여 아이들에게 좋은 식재료라 쉬운 레시피로 소개 해드려요.,이유식
멸치볶음,칼슘이 풍부하여 성장하는 아이들로부터 좋고 두뇌발달과 기억력 향상에 좋은 멸치볶음 아이들이 먹는거라 저염으로 요리했습니다.,이유식
단호박빵,밀가루가 들어가지 않아 아기부터 유아 어린이 어른까지 건강하게 먹을 수 있는 부드럽고 달달한 단호박빵,이유식
라구소스,간편유아식 아기라구소스 만들기~ ,이유식
두부카레라이스,고기를 싫어하는 우리아들~~ 두부를 넣어 건강한 카레 만들어 봤는데 애기들이 너무 잘 먹어요^^,이유식
고구마빵,부모님이 고구마를 엄청 캐와서 고구마 요리 연구하다가 만들게 되었어요~,이유식
오징어무국,날씨가 제법 쌀쌀해진 요즘 담백하고 따끈한 국물이 생각나더라고요. 쉽게 구할 수 있는 재료로 손쉽게 만들 수 있는 국물 요리입니다. 맵지 않고 담백한 맛으로 아이와 같이 즐길 수 있어요 :),이유식
아기새우계란찜,간단하고 맛있는 계란찜에 새우 넣어 만들어 봤어요^^ 아기가잘먹어요!,이유식
고구마스프,아침 식사 대용으로 좋은 간편하게 고구마 스프 만드는 법,이유식
꽃게찜,꽃게 손질법과 꽃게찜 만드는 방법 소개합니다,이유식
사골떡국,초간단 영양만점 한끼~ 아이들이 좋아하는 떡국!!! 꼭!! 만들어주세요.,이유식
양송이감자스프,든든한 아침 대용으로 좋은 스프,이유식
콩나물소고기밥전,콩나물 소고기밥보다 더 맛있는 소고기 밥전,이유식
고구마에그슬럿,요리똥손 엄마가 아침에 간단하면서도 든든하게 먹이고싶은 마음을 담아 만든 고구마에그슬럿입니다.,이유식
배추버섯볶음, 아기 배추버섯볶음,이유식
애호박미음,11월 초부터 둘째 아기 이유식을 시작했어요~ 쌀미음 찹쌀미음을 거쳐 애호박미음을 만들어 보았어요! 애호박미음이 맛있는지 정말 잘 먹네요:),이유식
오트밀,밥태기가 오고나서 밥 안먹는 아기에게 오트밀을 줬는데 너무 잘 먹어서 과일과 함께 편히 먹을 수 있는 레시피입니다!!,이유식
계란빵,매일 아침 오트밀  밥 대신 다른 메뉴가 주고싶을 때  혹은 간식으로도 맛있는 계란빵입니다.,이유식
감자오트밀,흔히 집에 많이 있는  줄지 않는 감자를 이용하여 간편하고 든든하게 먹을 수 있는 감자오트밀입니다.,이유식
